ID;Sursa de venit;Categorie;Tara;Platforma;Magazin;Retea afiliere;Comision;Tip comision;Recurent;Durata cookie;Valoare estimata client;Potential trafic;Competitie;Potential SEO;Dificultate;Dificultate aprobare;Venit lunar potential;Prioritate;URL;Status
AF0001;Comision afiliere — dhgate.com;Afiliere;international;impact;dhgate.com;impact;2-50%;procent din vanzare;UNKNOWN;UNKNOWN;UNKNOWN;UNKNOWN;UNKNOWN;are pagina;mica (deja integrat);usoara (cont activ);UNKNOWN;standard;https://www.dhgate.com;activ
AF0002;Comision afiliere — temu.com;Afiliere;international;direct;temu.com;direct;Variabil;variabil pe categorie;UNKNOWN;UNKNOWN;UNKNOWN;UNKNOWN;UNKNOWN;are pagina;medie (lipseste linkul);grea (program propriu);UNKNOWN;high;https://www.temu.com;FARA LINK AFILIAT
AF0003;Comision afiliere — eufy.com;Afiliere;international;impact;eufy.com;impact;5-10%;procent din vanzare;UNKNOWN;UNKNOWN;UNKNOWN;UNKNOWN;UNKNOWN;are pagina;mica (deja integrat);usoara (cont activ);UNKNOWN;featured;https://www.eufy.com;activ
AF0004;Comision afiliere — adguard.com;Afiliere;international;impact;adguard.com;impact;40% comision;procent din vanzare;UNKNOWN;UNKNOWN;UNKNOWN;UNKNOWN;UNKNOWN;are pagina;mica (deja integrat);usoara (cont activ);UNKNOWN;standard;https://adguard.com;activ
AF0005;Comision afiliere — wegic.ai;Afiliere;international;impact;wegic.ai;impact;35% comision;procent din vanzare;UNKNOWN;UNKNOWN;UNKNOWN;UNKNOWN;UNKNOWN;are pagina;mica (deja integrat);usoara (cont activ);UNKNOWN;standard;https://wegic.ai/;activ
AF0006;Comision afiliere — xmind.com;Afiliere;international;impact;xmind.com;impact;30% comision;procent din vanzare;UNKNOWN;UNKNOWN;UNKNOWN;UNKNOWN;UNKNOWN;are pagina;mica (deja integrat);usoara (cont activ);UNKNOWN;standard;https://xmind.com;activ
AF0007;Comision afiliere — shein.com;Afiliere;international;direct;shein.com;direct;Variabil;variabil pe categorie;UNKNOWN;UNKNOWN;UNKNOWN;UNKNOWN;UNKNOWN;are pagina;medie (lipseste linkul);grea (program propriu);UNKNOWN;high;https://www.shein.com;FARA LINK AFILIAT
AF0008;Comision afiliere — orbitmobile.com;Afiliere;international;impact;orbitmobile.com;impact;20% comision;procent din vanzare;UNKNOWN;UNKNOWN;UNKNOWN;UNKNOWN;UNKNOWN;are pagina;mica (deja integrat);usoara (cont activ);UNKNOWN;standard;https://orbitmobile.com;activ
AF0009;Comision afiliere — outin.com;Afiliere;international;impact;outin.com;impact;20% comision;procent din vanzare;UNKNOWN;UNKNOWN;UNKNOWN;UNKNOWN;UNKNOWN;are pagina;mica (deja integrat);usoara (cont activ);UNKNOWN;standard;https://outin.com;activ
AF0010;Comision afiliere — trendyol.com;Afiliere;international;direct;trendyol.com;direct;Variabil;variabil pe categorie;UNKNOWN;UNKNOWN;UNKNOWN;UNKNOWN;UNKNOWN;are pagina;medie (lipseste linkul);grea (program propriu);UNKNOWN;high;https://www.trendyol.com;FARA LINK AFILIAT
AF0011;Comision afiliere — bcengi.com;Afiliere;international;impact;bcengi.com;impact;15% comision;procent din vanzare;UNKNOWN;UNKNOWN;UNKNOWN;UNKNOWN;UNKNOWN;are pagina;mica (deja integrat);usoara (cont activ);UNKNOWN;standard;https://www.bcengi.com;activ
AF0012;Comision afiliere — store.boyamic.com;Afiliere;international;impact;store.boyamic.com;impact;10% comision;procent din vanzare;UNKNOWN;UNKNOWN;UNKNOWN;UNKNOWN;UNKNOWN;are pagina;mica (deja integrat);usoara (cont activ);UNKNOWN;standard;https://store.boyamic.com/;activ
AF0013;Comision afiliere — mooyius.com;Afiliere;international;impact;mooyius.com;impact;12% comision;procent din vanzare;UNKNOWN;UNKNOWN;UNKNOWN;UNKNOWN;UNKNOWN;are pagina;mica (deja integrat);usoara (cont activ);UNKNOWN;standard;https://mooyius.com/;activ
AF0014;Comision afiliere — laavooextensions.com;Afiliere;international;impact;laavooextensions.com;impact;14% comision;procent din vanzare;UNKNOWN;UNKNOWN;UNKNOWN;UNKNOWN;UNKNOWN;are pagina;mica (deja integrat);usoara (cont activ);UNKNOWN;standard;https://laavooextensions.com;activ
AF0015;Comision afiliere — niphean.com;Afiliere;international;impact;niphean.com;impact;15% comision;procent din vanzare;UNKNOWN;UNKNOWN;UNKNOWN;UNKNOWN;UNKNOWN;are pagina;mica (deja integrat);usoara (cont activ);UNKNOWN;standard;https://niphean.com;activ
AF0016;Comision afiliere — cvlife.com;Afiliere;international;impact;cvlife.com;impact;10% comision;procent din vanzare;UNKNOWN;UNKNOWN;UNKNOWN;UNKNOWN;UNKNOWN;are pagina;mica (deja integrat);usoara (cont activ);UNKNOWN;standard;http://cvlife.com;activ
AF0017;Comision afiliere — tvcmall.com;Afiliere;international;impact;tvcmall.com;impact;11% comision;procent din vanzare;UNKNOWN;UNKNOWN;UNKNOWN;UNKNOWN;UNKNOWN;are pagina;mica (deja integrat);usoara (cont activ);UNKNOWN;standard;http://www.tvcmall.com/;activ
AF0018;Comision afiliere — billionconnect.net;Afiliere;international;impact;billionconnect.net;impact;10% comision;procent din vanzare;UNKNOWN;UNKNOWN;UNKNOWN;UNKNOWN;UNKNOWN;are pagina;mica (deja integrat);usoara (cont activ);UNKNOWN;standard;https://www.billionconnect.net/;activ
AF0019;Comision afiliere — wiskiiactive.com;Afiliere;international;impact;wiskiiactive.com;impact;10% comision;procent din vanzare;UNKNOWN;UNKNOWN;UNKNOWN;UNKNOWN;UNKNOWN;are pagina;mica (deja integrat);usoara (cont activ);UNKNOWN;standard;http://wiskiiactive.com/;activ
AF0020;Comision afiliere — helloice.com;Afiliere;international;impact;helloice.com;impact;15% comision;procent din vanzare;UNKNOWN;UNKNOWN;UNKNOWN;UNKNOWN;UNKNOWN;are pagina;mica (deja integrat);usoara (cont activ);UNKNOWN;standard;https://www.helloice.com/;activ
AF0021;Comision afiliere — comfier.com;Afiliere;international;impact;comfier.com;impact;10% comision;procent din vanzare;UNKNOWN;UNKNOWN;UNKNOWN;UNKNOWN;UNKNOWN;are pagina;mica (deja integrat);usoara (cont activ);UNKNOWN;standard;https://www.comfier.com;activ
AF0022;Comision afiliere — jollymag.ro;Afiliere;RO;2performant;jollymag.ro;2performant;Variabil;variabil pe categorie;UNKNOWN;UNKNOWN;UNKNOWN;UNKNOWN;UNKNOWN;are pagina;mica (deja integrat);usoara (cont activ);UNKNOWN;standard;https://www.jollymag.ro;activ
AF0023;Comision afiliere — gsmnet.ro;Afiliere;RO;2performant;gsmnet.ro;2performant;Variabil;variabil pe categorie;UNKNOWN;UNKNOWN;UNKNOWN;UNKNOWN;UNKNOWN;are pagina;mica (deja integrat);usoara (cont activ);UNKNOWN;standard;https://www.gsmnet.ro;activ
AF0024;Comision afiliere — nadula.com;Afiliere;international;impact;nadula.com;impact;Variabil;variabil pe categorie;UNKNOWN;UNKNOWN;UNKNOWN;UNKNOWN;UNKNOWN;are pagina;mica (deja integrat);usoara (cont activ);UNKNOWN;standard;https://www.nadula.com;activ
AF0025;Comision afiliere — klaiyihair.com;Afiliere;international;impact;klaiyihair.com;impact;Variabil;variabil pe categorie;UNKNOWN;UNKNOWN;UNKNOWN;UNKNOWN;UNKNOWN;are pagina;mica (deja integrat);usoara (cont activ);UNKNOWN;standard;http://www.klaiyihair.com;activ
AF0026;Comision afiliere — crownandchamparesorts.com;Afiliere;international;impact;crownandchamparesorts.com;impact;6% comision;procent din vanzare;UNKNOWN;UNKNOWN;UNKNOWN;UNKNOWN;UNKNOWN;are pagina;mica (deja integrat);usoara (cont activ);UNKNOWN;standard;http://www.crownandchamparesorts.com/;activ
AF0027;Comision afiliere — geekbuying.com;Afiliere;international;impact;geekbuying.com;impact;8% comision;procent din vanzare;UNKNOWN;UNKNOWN;UNKNOWN;UNKNOWN;UNKNOWN;are pagina;mica (deja integrat);usoara (cont activ);UNKNOWN;standard;https://www.geekbuying.com;activ
AF0028;Comision afiliere — nh-hotels.com;Afiliere;international;impact;nh-hotels.com;impact;6% comision;procent din vanzare;UNKNOWN;UNKNOWN;UNKNOWN;UNKNOWN;UNKNOWN;are pagina;mica (deja integrat);usoara (cont activ);UNKNOWN;standard;http://www.nh-hotels.com;activ
AF0029;Comision afiliere — navimow.com;Afiliere;international;impact;navimow.com;impact;5% comision;procent din vanzare;UNKNOWN;UNKNOWN;UNKNOWN;UNKNOWN;UNKNOWN;are pagina;mica (deja integrat);usoara (cont activ);UNKNOWN;standard;https://navimow.com/;activ
AF0030;Comision afiliere — original-group.com;Afiliere;international;impact;original-group.com;impact;6% comision;procent din vanzare;UNKNOWN;UNKNOWN;UNKNOWN;UNKNOWN;UNKNOWN;are pagina;mica (deja integrat);usoara (cont activ);UNKNOWN;standard;https://www.original-group.com/;activ
AF0031;Comision afiliere — vevor.com;Afiliere;international;impact;vevor.com;impact;5% comision;procent din vanzare;UNKNOWN;UNKNOWN;UNKNOWN;UNKNOWN;UNKNOWN;are pagina;mica (deja integrat);usoara (cont activ);UNKNOWN;standard;http://www.vevor.com;activ
AF0032;Comision afiliere — vilagale.com;Afiliere;international;impact;vilagale.com;impact;6% comision;procent din vanzare;UNKNOWN;UNKNOWN;UNKNOWN;UNKNOWN;UNKNOWN;are pagina;mica (deja integrat);usoara (cont activ);UNKNOWN;standard;http://www.vilagale.com;activ
AF0033;Comision afiliere — kailasgear.com;Afiliere;international;impact;kailasgear.com;impact;8% comision;procent din vanzare;UNKNOWN;UNKNOWN;UNKNOWN;UNKNOWN;UNKNOWN;are pagina;mica (deja integrat);usoara (cont activ);UNKNOWN;standard;https://kailasgear.com;activ
AF0034;Comision afiliere — autofull.com;Afiliere;international;impact;autofull.com;impact;5% comision;procent din vanzare;UNKNOWN;UNKNOWN;UNKNOWN;UNKNOWN;UNKNOWN;are pagina;mica (deja integrat);usoara (cont activ);UNKNOWN;standard;https://autofull.com;activ
AF0035;Comision afiliere — cllix.com;Afiliere;international;impact;cllix.com;impact;5% comision;procent din vanzare;UNKNOWN;UNKNOWN;UNKNOWN;UNKNOWN;UNKNOWN;are pagina;mica (deja integrat);usoara (cont activ);UNKNOWN;standard;http://www.cllix.com;activ
AF0036;Comision afiliere — swiss-belhotel.com;Afiliere;international;impact;swiss-belhotel.com;impact;6% comision;procent din vanzare;UNKNOWN;UNKNOWN;UNKNOWN;UNKNOWN;UNKNOWN;are pagina;mica (deja integrat);usoara (cont activ);UNKNOWN;standard;http://www.swiss-belhotel.com;activ
AF0037;Comision afiliere — nobilacasa.ro;Afiliere;RO;2performant;nobilacasa.ro;2performant;Variabil;variabil pe categorie;UNKNOWN;UNKNOWN;UNKNOWN;UNKNOWN;UNKNOWN;are pagina;mica (deja integrat);usoara (cont activ);UNKNOWN;standard;https://www.nobilacasa.ro;activ
AF0038;Comision afiliere — fera.ro;Afiliere;RO;2performant;fera.ro;2performant;Variabil;variabil pe categorie;UNKNOWN;UNKNOWN;UNKNOWN;UNKNOWN;UNKNOWN;are pagina;mica (deja integrat);usoara (cont activ);UNKNOWN;standard;https://www.fera.ro;activ
AF0039;Comision afiliere — herbagetica.ro;Afiliere;RO;2performant;herbagetica.ro;2performant;Variabil;variabil pe categorie;UNKNOWN;UNKNOWN;UNKNOWN;UNKNOWN;UNKNOWN;are pagina;mica (deja integrat);usoara (cont activ);UNKNOWN;standard;https://www.herbagetica.ro;activ
AF0040;Comision afiliere — medimfarm.ro;Afiliere;RO;2performant;medimfarm.ro;2performant;Variabil;variabil pe categorie;UNKNOWN;UNKNOWN;UNKNOWN;UNKNOWN;UNKNOWN;are pagina;mica (deja integrat);usoara (cont activ);UNKNOWN;standard;https://www.medimfarm.ro;activ
AF0041;Comision afiliere — atzavarahotel.com;Afiliere;international;impact;atzavarahotel.com;impact;4% comision;procent din vanzare;UNKNOWN;UNKNOWN;UNKNOWN;UNKNOWN;UNKNOWN;are pagina;mica (deja integrat);usoara (cont activ);UNKNOWN;standard;http://www.atzavarahotel.com/;activ
AF0042;Comision afiliere — insotelhotelgroup.com;Afiliere;international;impact;insotelhotelgroup.com;impact;4% comision;procent din vanzare;UNKNOWN;UNKNOWN;UNKNOWN;UNKNOWN;UNKNOWN;are pagina;mica (deja integrat);usoara (cont activ);UNKNOWN;standard;http://www.insotelhotelgroup.com/en;activ
AF0043;Comision afiliere — gardenhotels.com;Afiliere;international;impact;gardenhotels.com;impact;4% comision;procent din vanzare;UNKNOWN;UNKNOWN;UNKNOWN;UNKNOWN;UNKNOWN;are pagina;mica (deja integrat);usoara (cont activ);UNKNOWN;standard;http://www.gardenhotels.com/;activ
AF0044;Comision afiliere — vevor.com.au;Afiliere;international;impact;vevor.com.au;impact;Variabil;variabil pe categorie;UNKNOWN;UNKNOWN;UNKNOWN;UNKNOWN;UNKNOWN;are pagina;mica (deja integrat);usoara (cont activ);UNKNOWN;standard;http://www.vevor.com.au;activ
AF0045;Comision afiliere — eur.vevor.com;Afiliere;international;impact;eur.vevor.com;impact;Variabil;variabil pe categorie;UNKNOWN;UNKNOWN;UNKNOWN;UNKNOWN;UNKNOWN;are pagina;mica (deja integrat);usoara (cont activ);UNKNOWN;standard;http://eur.vevor.com;activ
AF0046;Comision afiliere — store.saramonic.com;Afiliere;international;impact;store.saramonic.com;impact;Variabil;variabil pe categorie;UNKNOWN;UNKNOWN;UNKNOWN;UNKNOWN;UNKNOWN;are pagina;mica (deja integrat);usoara (cont activ);UNKNOWN;standard;https://store.saramonic.com/;activ
AF0047;Comision afiliere — snailax.com;Afiliere;international;impact;snailax.com;impact;Variabil;variabil pe categorie;UNKNOWN;UNKNOWN;UNKNOWN;UNKNOWN;UNKNOWN;are pagina;medie (lipseste linkul);usoara (cont activ);UNKNOWN;standard;https://www.snailax.com/;FARA LINK AFILIAT
AF0048;Comision afiliere — amazon.com;Afiliere;international;impact;amazon.com;impact;Variabil;variabil pe categorie;UNKNOWN;UNKNOWN;UNKNOWN;UNKNOWN;UNKNOWN;are pagina;mica (deja integrat);usoara (cont activ);UNKNOWN;standard;https://www.amazon.com/dp/B0BYZXYSBX;activ
AF0049;Comision afiliere — yilitehair.com;Afiliere;international;impact;yilitehair.com;impact;Variabil;variabil pe categorie;UNKNOWN;UNKNOWN;UNKNOWN;UNKNOWN;UNKNOWN;are pagina;mica (deja integrat);usoara (cont activ);UNKNOWN;standard;https://www.yilitehair.com;activ
AF0050;Comision afiliere — fitory.com;Afiliere;international;impact;fitory.com;impact;Variabil;variabil pe categorie;UNKNOWN;UNKNOWN;UNKNOWN;UNKNOWN;UNKNOWN;are pagina;mica (deja integrat);usoara (cont activ);UNKNOWN;standard;https://fitory.com/;activ
AF0051;Comision afiliere — theomfort.com;Afiliere;international;impact;theomfort.com;impact;Variabil;variabil pe categorie;UNKNOWN;UNKNOWN;UNKNOWN;UNKNOWN;UNKNOWN;are pagina;medie (lipseste linkul);usoara (cont activ);UNKNOWN;standard;https://theomfort.com;FARA LINK AFILIAT
AF0052;Comision afiliere — moresoo.com;Afiliere;international;impact;moresoo.com;impact;Variabil;variabil pe categorie;UNKNOWN;UNKNOWN;UNKNOWN;UNKNOWN;UNKNOWN;are pagina;mica (deja integrat);usoara (cont activ);UNKNOWN;standard;https://moresoo.com;activ
AF0053;Comision afiliere — ugeat.com;Afiliere;international;impact;ugeat.com;impact;Variabil;variabil pe categorie;UNKNOWN;UNKNOWN;UNKNOWN;UNKNOWN;UNKNOWN;are pagina;mica (deja integrat);usoara (cont activ);UNKNOWN;standard;https://www.ugeat.com/;activ
AF0054;Comision afiliere — vivienhair.com;Afiliere;international;impact;vivienhair.com;impact;Variabil;variabil pe categorie;UNKNOWN;UNKNOWN;UNKNOWN;UNKNOWN;UNKNOWN;are pagina;mica (deja integrat);usoara (cont activ);UNKNOWN;standard;https://vivienhair.com/;activ
AF0055;Comision afiliere — ipowerqueen.de;Afiliere;international;impact;ipowerqueen.de;impact;Variabil;variabil pe categorie;UNKNOWN;UNKNOWN;UNKNOWN;UNKNOWN;UNKNOWN;are pagina;mica (deja integrat);usoara (cont activ);UNKNOWN;standard;https://www.ipowerqueen.de/;activ
AF0056;Comision afiliere — redodopower.de;Afiliere;international;impact;redodopower.de;impact;Variabil;variabil pe categorie;UNKNOWN;UNKNOWN;UNKNOWN;UNKNOWN;UNKNOWN;are pagina;mica (deja integrat);usoara (cont activ);UNKNOWN;standard;https://www.redodopower.de;activ
AF0057;Comision afiliere — adguard-vpn.com;Afiliere;international;impact;adguard-vpn.com;impact;Variabil;variabil pe categorie;UNKNOWN;UNKNOWN;UNKNOWN;UNKNOWN;UNKNOWN;are pagina;mica (deja integrat);usoara (cont activ);UNKNOWN;standard;https://adguard-vpn.com;activ
AF0058;Comision afiliere — geetahair.com;Afiliere;international;impact;geetahair.com;impact;Variabil;variabil pe categorie;UNKNOWN;UNKNOWN;UNKNOWN;UNKNOWN;UNKNOWN;are pagina;mica (deja integrat);usoara (cont activ);UNKNOWN;standard;https://geetahair.com;activ
AF0059;Comision afiliere — awolvision.de;Afiliere;international;impact;awolvision.de;impact;Variabil;variabil pe categorie;UNKNOWN;UNKNOWN;UNKNOWN;UNKNOWN;UNKNOWN;are pagina;mica (deja integrat);usoara (cont activ);UNKNOWN;standard;https://awolvision.de;activ
AF0060;Comision afiliere — awolvision.fr;Afiliere;international;impact;awolvision.fr;impact;Variabil;variabil pe categorie;UNKNOWN;UNKNOWN;UNKNOWN;UNKNOWN;UNKNOWN;are pagina;mica (deja integrat);usoara (cont activ);UNKNOWN;standard;https://awolvision.fr;activ
AF0061;Comision afiliere — valerion.com;Afiliere;international;impact;valerion.com;impact;Variabil;variabil pe categorie;UNKNOWN;UNKNOWN;UNKNOWN;UNKNOWN;UNKNOWN;are pagina;mica (deja integrat);usoara (cont activ);UNKNOWN;standard;https://www.valerion.com/de;activ
AF0062;Comision afiliere — awolvision.eu;Afiliere;international;impact;awolvision.eu;impact;Variabil;variabil pe categorie;UNKNOWN;UNKNOWN;UNKNOWN;UNKNOWN;UNKNOWN;are pagina;mica (deja integrat);usoara (cont activ);UNKNOWN;standard;https://awolvision.eu;activ
AF0063;Comision afiliere — xlaserlab.com;Afiliere;international;impact;xlaserlab.com;impact;Variabil;variabil pe categorie;UNKNOWN;UNKNOWN;UNKNOWN;UNKNOWN;UNKNOWN;are pagina;mica (deja integrat);usoara (cont activ);UNKNOWN;standard;https://www.xlaserlab.com;activ
AF0064;Comision afiliere — kugooescooters.com;Afiliere;international;impact;kugooescooters.com;impact;Variabil;variabil pe categorie;UNKNOWN;UNKNOWN;UNKNOWN;UNKNOWN;UNKNOWN;are pagina;mica (deja integrat);usoara (cont activ);UNKNOWN;standard;https://www.kugooescooters.com/;activ
AF0065;Comision afiliere — booking.regalhotel.com;Afiliere;international;impact;booking.regalhotel.com;impact;Online Booking: 4%;procent din vanzare;UNKNOWN;UNKNOWN;UNKNOWN;UNKNOWN;UNKNOWN;are pagina;mica (deja integrat);usoara (cont activ);UNKNOWN;standard;http://www.booking.regalhotel.com;activ
AF0066;Comision afiliere — novakidschool.com;Afiliere;international;impact;novakidschool.com;impact;Variabil;variabil pe categorie;UNKNOWN;UNKNOWN;UNKNOWN;UNKNOWN;UNKNOWN;are pagina;mica (deja integrat);usoara (cont activ);UNKNOWN;standard;http://novakidschool.com;activ
AF0067;Comision afiliere — casa-andina.com;Afiliere;international;impact;casa-andina.com;impact;Variabil;variabil pe categorie;UNKNOWN;UNKNOWN;UNKNOWN;UNKNOWN;UNKNOWN;are pagina;mica (deja integrat);usoara (cont activ);UNKNOWN;standard;https://www.casa-andina.com/;activ
AF0068;Comision afiliere — x-sense.com;Afiliere;international;impact;x-sense.com;impact;Variabil;variabil pe categorie;UNKNOWN;UNKNOWN;UNKNOWN;UNKNOWN;UNKNOWN;are pagina;mica (deja integrat);usoara (cont activ);UNKNOWN;standard;https://www.x-sense.com/;activ
AF0069;Comision afiliere — us.lemorele.com;Afiliere;international;impact;us.lemorele.com;impact;Variabil;variabil pe categorie;UNKNOWN;UNKNOWN;UNKNOWN;UNKNOWN;UNKNOWN;are pagina;medie (lipseste linkul);usoara (cont activ);UNKNOWN;standard;https://us.lemorele.com;FARA LINK AFILIAT
AF0070;Comision afiliere — italki.com;Afiliere;international;impact;italki.com;impact;Variabil;variabil pe categorie;UNKNOWN;UNKNOWN;UNKNOWN;UNKNOWN;UNKNOWN;are pagina;mica (deja integrat);usoara (cont activ);UNKNOWN;standard;https://www.italki.com;activ
AF0071;Comision afiliere — gl-inet.com;Afiliere;international;impact;gl-inet.com;impact;Variabil;variabil pe categorie;UNKNOWN;UNKNOWN;UNKNOWN;UNKNOWN;UNKNOWN;are pagina;mica (deja integrat);usoara (cont activ);UNKNOWN;standard;https://www.gl-inet.com;activ
AF0072;Comision afiliere — savoydubai.com;Afiliere;international;impact;savoydubai.com;impact;Variabil;variabil pe categorie;UNKNOWN;UNKNOWN;UNKNOWN;UNKNOWN;UNKNOWN;are pagina;mica (deja integrat);usoara (cont activ);UNKNOWN;standard;http://www.savoydubai.com/;activ
AF0073;Comision afiliere — youngsee.shop;Afiliere;international;impact;youngsee.shop;impact;Variabil;variabil pe categorie;UNKNOWN;UNKNOWN;UNKNOWN;UNKNOWN;UNKNOWN;are pagina;mica (deja integrat);usoara (cont activ);UNKNOWN;standard;https://youngsee.shop/;activ
AF0074;Comision afiliere — monportlaser.com;Afiliere;international;impact;monportlaser.com;impact;Variabil;variabil pe categorie;UNKNOWN;UNKNOWN;UNKNOWN;UNKNOWN;UNKNOWN;are pagina;mica (deja integrat);usoara (cont activ);UNKNOWN;standard;https://monportlaser.com/;activ
AF0075;Comision afiliere — ikier.com;Afiliere;international;impact;ikier.com;impact;Variabil;variabil pe categorie;UNKNOWN;UNKNOWN;UNKNOWN;UNKNOWN;UNKNOWN;are pagina;mica (deja integrat);usoara (cont activ);UNKNOWN;standard;https://www.ikier.com;activ
AF0076;Comision afiliere — conqueco.com;Afiliere;international;impact;conqueco.com;impact;Variabil;variabil pe categorie;UNKNOWN;UNKNOWN;UNKNOWN;UNKNOWN;UNKNOWN;are pagina;mica (deja integrat);usoara (cont activ);UNKNOWN;standard;https://conqueco.com;activ
AF0077;Comision afiliere — otter.ro;Afiliere;RO;2performant;otter.ro;2performant;5.0;procent din vanzare;UNKNOWN;UNKNOWN;UNKNOWN;UNKNOWN;UNKNOWN;are pagina;mica (deja integrat);usoara (cont activ);UNKNOWN;#999;https://www.otter.ro/;activ
AF0078;Comision afiliere — regata.ro;Afiliere;RO;2performant;regata.ro;2performant;1.0;procent din vanzare;UNKNOWN;UNKNOWN;UNKNOWN;UNKNOWN;UNKNOWN;are pagina;mica (deja integrat);usoara (cont activ);UNKNOWN;#999;https://regata.ro/;activ
AF0079;Comision afiliere — expomob.ro;Afiliere;RO;2performant;expomob.ro;2performant;7.0;procent din vanzare;UNKNOWN;UNKNOWN;UNKNOWN;UNKNOWN;UNKNOWN;are pagina;mica (deja integrat);usoara (cont activ);UNKNOWN;#999;https://www.expomob.ro;activ
AF0080;Comision afiliere — mobidea.ro;Afiliere;RO;2performant;mobidea.ro;2performant;5.5;procent din vanzare;UNKNOWN;UNKNOWN;UNKNOWN;UNKNOWN;UNKNOWN;are pagina;mica (deja integrat);usoara (cont activ);UNKNOWN;#999;https://mobidea.ro;activ
AF0081;Comision afiliere — labelshop.ro;Afiliere;RO;2performant;labelshop.ro;2performant;15.0;procent din vanzare;UNKNOWN;UNKNOWN;UNKNOWN;UNKNOWN;UNKNOWN;are pagina;mica (deja integrat);usoara (cont activ);UNKNOWN;#999;https://labelshop.ro;activ
AF0082;Comision afiliere — craftup.ro;Afiliere;RO;2performant;craftup.ro;2performant;10.0;procent din vanzare;UNKNOWN;UNKNOWN;UNKNOWN;UNKNOWN;UNKNOWN;are pagina;mica (deja integrat);usoara (cont activ);UNKNOWN;#999;https://craftup.ro/;activ
AF0083;Comision afiliere — doctorshield.ro;Afiliere;RO;2performant;doctorshield.ro;2performant;10.0;procent din vanzare;UNKNOWN;UNKNOWN;UNKNOWN;UNKNOWN;UNKNOWN;are pagina;mica (deja integrat);usoara (cont activ);UNKNOWN;#999;https://doctorshield.ro/;activ
AF0084;Comision afiliere — autobob.ro;Afiliere;RO;2performant;autobob.ro;2performant;5.5;procent din vanzare;UNKNOWN;UNKNOWN;UNKNOWN;UNKNOWN;UNKNOWN;are pagina;mica (deja integrat);usoara (cont activ);UNKNOWN;#999;https://autobob.ro;activ
AF0085;Comision afiliere — femieko.ro;Afiliere;RO;2performant;femieko.ro;2performant;19.0;procent din vanzare;UNKNOWN;UNKNOWN;UNKNOWN;UNKNOWN;UNKNOWN;are pagina;mica (deja integrat);usoara (cont activ);UNKNOWN;#999;https://www.femieko.ro;activ
AF0086;Comision afiliere — fara-daunatori.ro;Afiliere;RO;2performant;fara-daunatori.ro;2performant;10.0;procent din vanzare;UNKNOWN;UNKNOWN;UNKNOWN;UNKNOWN;UNKNOWN;are pagina;mica (deja integrat);usoara (cont activ);UNKNOWN;#999;https://www.fara-daunatori.ro;activ
AF0087;Comision afiliere — afisport.ro;Afiliere;RO;2performant;afisport.ro;2performant;5.0;procent din vanzare;UNKNOWN;UNKNOWN;UNKNOWN;UNKNOWN;UNKNOWN;are pagina;mica (deja integrat);usoara (cont activ);UNKNOWN;#999;https://afisport.ro/;activ
AF0088;Comision afiliere — vidaxl.bg;Afiliere;international;2performant;vidaxl.bg;2performant;5.0;procent din vanzare;UNKNOWN;UNKNOWN;UNKNOWN;UNKNOWN;UNKNOWN;are pagina;mica (deja integrat);usoara (cont activ);UNKNOWN;#999;https://www.vidaxl.bg;activ
AF0089;Comision afiliere — sneakerit.ro;Afiliere;RO;2performant;sneakerit.ro;2performant;8.0;procent din vanzare;UNKNOWN;UNKNOWN;UNKNOWN;UNKNOWN;UNKNOWN;are pagina;mica (deja integrat);usoara (cont activ);UNKNOWN;#999;https://www.sneakerit.ro/;activ
AF0090;Comision afiliere — 112coffee.com;Afiliere;international;2performant;112coffee.com;2performant;1.0;procent din vanzare;UNKNOWN;UNKNOWN;UNKNOWN;UNKNOWN;UNKNOWN;are pagina;mica (deja integrat);usoara (cont activ);UNKNOWN;#999;https://112coffee.com;activ
AF0091;Comision afiliere — jojofashion.ro;Afiliere;RO;2performant;jojofashion.ro;2performant;10.0;procent din vanzare;UNKNOWN;UNKNOWN;UNKNOWN;UNKNOWN;UNKNOWN;are pagina;mica (deja integrat);usoara (cont activ);UNKNOWN;#999;https://www.jojofashion.ro;activ
AF0092;Comision afiliere — surfshark.com;Afiliere;international;impact;surfshark.com;impact;40% + recurent;procent din vanzare;UNKNOWN;UNKNOWN;UNKNOWN;UNKNOWN;UNKNOWN;fara continut propriu;mica (deja integrat);usoara (cont activ);UNKNOWN;featured;https://surfshark.com;activ
AF0093;Comision afiliere — hostinger.ro;Afiliere;RO;impact;hostinger.ro;impact;60%;procent din vanzare;UNKNOWN;UNKNOWN;UNKNOWN;UNKNOWN;UNKNOWN;fara continut propriu;mica (deja integrat);usoara (cont activ);UNKNOWN;featured;https://www.hostinger.ro;activ
AF0094;Comision afiliere — shopify.com;Afiliere;international;impact;shopify.com;impact;$25-$150 per referral;suma fixa;UNKNOWN;UNKNOWN;UNKNOWN;UNKNOWN;UNKNOWN;fara continut propriu;mica (deja integrat);usoara (cont activ);UNKNOWN;featured;https://www.shopify.com;activ
AF0095;Comision afiliere — bitdefender.ro;Afiliere;RO;impact;bitdefender.ro;impact;20-40%;procent din vanzare;UNKNOWN;UNKNOWN;UNKNOWN;UNKNOWN;UNKNOWN;fara continut propriu;mica (deja integrat);usoara (cont activ);UNKNOWN;featured;https://www.bitdefender.ro;activ
AF0096;Comision afiliere — us.norton.com;Afiliere;international;impact;us.norton.com;impact;25%;procent din vanzare;UNKNOWN;UNKNOWN;UNKNOWN;UNKNOWN;UNKNOWN;fara continut propriu;mica (deja integrat);usoara (cont activ);UNKNOWN;featured;https://us.norton.com;activ
AF0097;Comision afiliere — coursera.org;Afiliere;international;impact;coursera.org;impact;15-45%;procent din vanzare;UNKNOWN;UNKNOWN;UNKNOWN;UNKNOWN;UNKNOWN;fara continut propriu;medie (lipseste linkul);usoara (cont activ);UNKNOWN;featured;https://www.coursera.org;FARA LINK AFILIAT
AF0098;Comision afiliere — revolut.com;Afiliere;international;impact;revolut.com;impact;$50-200 per referral;suma fixa;UNKNOWN;UNKNOWN;UNKNOWN;UNKNOWN;UNKNOWN;fara continut propriu;mica (deja integrat);usoara (cont activ);UNKNOWN;featured;https://www.revolut.com/business;activ
AF0099;Comision afiliere — market.envato.com;Afiliere;international;impact;market.envato.com;impact;30%;procent din vanzare;UNKNOWN;UNKNOWN;UNKNOWN;UNKNOWN;UNKNOWN;fara continut propriu;mica (deja integrat);usoara (cont activ);UNKNOWN;featured;https://market.envato.com;activ
AF0100;Comision afiliere — lenovo.com;Afiliere;international;impact;lenovo.com;impact;4-8%;procent din vanzare;UNKNOWN;UNKNOWN;UNKNOWN;UNKNOWN;UNKNOWN;fara continut propriu;mica (deja integrat);usoara (cont activ);UNKNOWN;featured;https://www.lenovo.com/ro;activ
AF0101;Comision afiliere — invideo.io;Afiliere;international;impact;invideo.io;impact;25-50%;procent din vanzare;UNKNOWN;UNKNOWN;UNKNOWN;UNKNOWN;UNKNOWN;fara continut propriu;mica (deja integrat);usoara (cont activ);UNKNOWN;featured;https://invideo.io;activ
AF0102;Comision afiliere — banggood.com;Afiliere;international;impact;banggood.com;impact;5-12%;procent din vanzare;UNKNOWN;UNKNOWN;UNKNOWN;UNKNOWN;UNKNOWN;fara continut propriu;mica (deja integrat);usoara (cont activ);UNKNOWN;featured;https://www.banggood.com;activ
AF0103;Comision afiliere — logitech.com;Afiliere;international;impact;logitech.com;impact;4-8%;procent din vanzare;UNKNOWN;UNKNOWN;UNKNOWN;UNKNOWN;UNKNOWN;fara continut propriu;mica (deja integrat);usoara (cont activ);UNKNOWN;featured;https://www.logitech.com;activ
AF0104;Comision afiliere — upwork.com;Afiliere;international;impact;upwork.com;impact;$150 per client nou;suma fixa;UNKNOWN;UNKNOWN;UNKNOWN;UNKNOWN;UNKNOWN;fara continut propriu;mica (deja integrat);usoara (cont activ);UNKNOWN;standard;https://www.upwork.com;activ
AF0105;Comision afiliere — razer.com;Afiliere;international;impact;razer.com;impact;5-10%;procent din vanzare;UNKNOWN;UNKNOWN;UNKNOWN;UNKNOWN;UNKNOWN;fara continut propriu;mica (deja integrat);usoara (cont activ);UNKNOWN;standard;https://www.razer.com;activ
AF0106;Comision afiliere — blinkist.com;Afiliere;international;impact;blinkist.com;impact;20-25%;procent din vanzare;UNKNOWN;UNKNOWN;UNKNOWN;UNKNOWN;UNKNOWN;fara continut propriu;medie (lipseste linkul);usoara (cont activ);UNKNOWN;standard;https://www.blinkist.com;FARA LINK AFILIAT
AF0107;Comision afiliere — 12go.com;Afiliere;international;impact;12go.com;impact;100% comision;procent din vanzare;UNKNOWN;UNKNOWN;UNKNOWN;UNKNOWN;UNKNOWN;fara continut propriu;mica (deja integrat);usoara (cont activ);UNKNOWN;standard;https://12go.com;activ
AF0108;Comision afiliere — appsumo.com;Afiliere;international;impact;appsumo.com;impact;100% comision;procent din vanzare;UNKNOWN;UNKNOWN;UNKNOWN;UNKNOWN;UNKNOWN;fara continut propriu;mica (deja integrat);usoara (cont activ);UNKNOWN;standard;https://appsumo.com;activ
AF0109;Comision afiliere — bitdefender.com;Afiliere;international;impact;bitdefender.com;impact;50% comision;procent din vanzare;UNKNOWN;UNKNOWN;UNKNOWN;UNKNOWN;UNKNOWN;fara continut propriu;mica (deja integrat);usoara (cont activ);UNKNOWN;standard;http://www.bitdefender.com;activ
AF0110;Comision afiliere — bitgw.com;Afiliere;international;impact;bitgw.com;impact;55% comision;procent din vanzare;UNKNOWN;UNKNOWN;UNKNOWN;UNKNOWN;UNKNOWN;fara continut propriu;mica (deja integrat);usoara (cont activ);UNKNOWN;standard;https://bitgw.com;activ
AF0111;Comision afiliere — efem.es;Afiliere;international;impact;efem.es;impact;60% comision;procent din vanzare;UNKNOWN;UNKNOWN;UNKNOWN;UNKNOWN;UNKNOWN;fara continut propriu;mica (deja integrat);usoara (cont activ);UNKNOWN;standard;http://efem.es;activ
AF0112;Comision afiliere — gearupbooster.com;Afiliere;international;impact;gearupbooster.com;impact;70% comision;procent din vanzare;UNKNOWN;UNKNOWN;UNKNOWN;UNKNOWN;UNKNOWN;fara continut propriu;mica (deja integrat);usoara (cont activ);UNKNOWN;standard;https://www.gearupbooster.com/;activ
AF0113;Comision afiliere — helium10.com;Afiliere;international;impact;helium10.com;impact;100% comision;procent din vanzare;UNKNOWN;UNKNOWN;UNKNOWN;UNKNOWN;UNKNOWN;fara continut propriu;mica (deja integrat);usoara (cont activ);UNKNOWN;standard;https://www.helium10.com;activ
AF0114;Comision afiliere — hightideinc.com;Afiliere;international;impact;hightideinc.com;impact;50% comision;procent din vanzare;UNKNOWN;UNKNOWN;UNKNOWN;UNKNOWN;UNKNOWN;fara continut propriu;mica (deja integrat);usoara (cont activ);UNKNOWN;standard;http://hightideinc.com/;activ
AF0115;Comision afiliere — mulerun.com;Afiliere;international;impact;mulerun.com;impact;50% comision;procent din vanzare;UNKNOWN;UNKNOWN;UNKNOWN;UNKNOWN;UNKNOWN;fara continut propriu;mica (deja integrat);usoara (cont activ);UNKNOWN;standard;https://mulerun.com/chat;activ
AF0116;Comision afiliere — menavpn1.com;Afiliere;international;impact;menavpn1.com;impact;50% comision;procent din vanzare;UNKNOWN;UNKNOWN;UNKNOWN;UNKNOWN;UNKNOWN;fara continut propriu;mica (deja integrat);usoara (cont activ);UNKNOWN;standard;https://menavpn1.com;activ
AF0117;Comision afiliere — nexo.com;Afiliere;international;impact;nexo.com;impact;100% comision;procent din vanzare;UNKNOWN;UNKNOWN;UNKNOWN;UNKNOWN;UNKNOWN;fara continut propriu;mica (deja integrat);usoara (cont activ);UNKNOWN;standard;https://nexo.com;activ
AF0118;Comision afiliere — rewarx.com;Afiliere;international;impact;rewarx.com;impact;50% comision;procent din vanzare;UNKNOWN;UNKNOWN;UNKNOWN;UNKNOWN;UNKNOWN;fara continut propriu;medie (lipseste linkul);usoara (cont activ);UNKNOWN;standard;https://www.rewarx.com/;FARA LINK AFILIAT
AF0119;Comision afiliere — scalahosting.com;Afiliere;international;impact;scalahosting.com;impact;100% comision;procent din vanzare;UNKNOWN;UNKNOWN;UNKNOWN;UNKNOWN;UNKNOWN;fara continut propriu;mica (deja integrat);usoara (cont activ);UNKNOWN;standard;https://www.scalahosting.com/;activ
AF0120;Comision afiliere — wr.st-asu.com;Afiliere;international;impact;wr.st-asu.com;impact;200% comision;procent din vanzare;UNKNOWN;UNKNOWN;UNKNOWN;UNKNOWN;UNKNOWN;fara continut propriu;mica (deja integrat);usoara (cont activ);UNKNOWN;standard;https://wr.st-asu.com/company;activ
AF0121;Comision afiliere — twizzlo.com;Afiliere;international;impact;twizzlo.com;impact;50% comision;procent din vanzare;UNKNOWN;UNKNOWN;UNKNOWN;UNKNOWN;UNKNOWN;fara continut propriu;mica (deja integrat);usoara (cont activ);UNKNOWN;standard;https://twizzlo.com;activ
AF0122;Comision afiliere — knowledgehut.com;Afiliere;international;impact;knowledgehut.com;impact;50% comision;procent din vanzare;UNKNOWN;UNKNOWN;UNKNOWN;UNKNOWN;UNKNOWN;fara continut propriu;mica (deja integrat);usoara (cont activ);UNKNOWN;standard;https://www.knowledgehut.com/;activ
AF0123;Comision afiliere — datacamp.com;Afiliere;international;impact;datacamp.com;impact;35%;procent din vanzare;UNKNOWN;UNKNOWN;UNKNOWN;UNKNOWN;UNKNOWN;fara continut propriu;medie (lipseste linkul);usoara (cont activ);UNKNOWN;standard;https://www.datacamp.com;FARA LINK AFILIAT
AF0124;Comision afiliere — stockx.com;Afiliere;international;impact;stockx.com;impact;3-8%;procent din vanzare;UNKNOWN;UNKNOWN;UNKNOWN;UNKNOWN;UNKNOWN;fara continut propriu;mica (deja integrat);usoara (cont activ);UNKNOWN;standard;https://stockx.com;activ
AF0125;Comision afiliere — preply.com;Afiliere;international;impact;preply.com;impact;20-30%;procent din vanzare;UNKNOWN;UNKNOWN;UNKNOWN;UNKNOWN;UNKNOWN;fara continut propriu;mica (deja integrat);usoara (cont activ);UNKNOWN;featured;https://preply.com;activ
AF0126;Comision afiliere — crocs.com;Afiliere;international;impact;crocs.com;impact;5-10%;procent din vanzare;UNKNOWN;UNKNOWN;UNKNOWN;UNKNOWN;UNKNOWN;fara continut propriu;mica (deja integrat);usoara (cont activ);UNKNOWN;standard;https://www.crocs.com;activ
AF0127;Comision afiliere — popai.pro;Afiliere;international;impact;popai.pro;impact;45% comision;procent din vanzare;UNKNOWN;UNKNOWN;UNKNOWN;UNKNOWN;UNKNOWN;fara continut propriu;mica (deja integrat);usoara (cont activ);UNKNOWN;standard;https://www.popai.pro;activ
AF0128;Comision afiliere — 365datascience.com;Afiliere;international;impact;365datascience.com;impact;30% comision;procent din vanzare;UNKNOWN;UNKNOWN;UNKNOWN;UNKNOWN;UNKNOWN;fara continut propriu;mica (deja integrat);usoara (cont activ);UNKNOWN;standard;https://365datascience.com;activ
AF0129;Comision afiliere — accio.com;Afiliere;international;impact;accio.com;impact;30% comision;procent din vanzare;UNKNOWN;UNKNOWN;UNKNOWN;UNKNOWN;UNKNOWN;fara continut propriu;mica (deja integrat);usoara (cont activ);UNKNOWN;standard;https://www.accio.com/;activ
AF0130;Comision afiliere — artemisads.com;Afiliere;international;impact;artemisads.com;impact;35% comision;procent din vanzare;UNKNOWN;UNKNOWN;UNKNOWN;UNKNOWN;UNKNOWN;fara continut propriu;mica (deja integrat);usoara (cont activ);UNKNOWN;standard;https://www.ArtemisAds.com;activ
AF0131;Comision afiliere — byteplus.com;Afiliere;international;impact;byteplus.com;impact;30% comision;procent din vanzare;UNKNOWN;UNKNOWN;UNKNOWN;UNKNOWN;UNKNOWN;fara continut propriu;mica (deja integrat);usoara (cont activ);UNKNOWN;standard;https://byteplus.com;activ
AF0132;Comision afiliere — cleanemail.com;Afiliere;international;impact;cleanemail.com;impact;30% comision;procent din vanzare;UNKNOWN;UNKNOWN;UNKNOWN;UNKNOWN;UNKNOWN;fara continut propriu;mica (deja integrat);usoara (cont activ);UNKNOWN;standard;https://cleanemail.com;activ
AF0133;Comision afiliere — coohom.com;Afiliere;international;impact;coohom.com;impact;30% comision;procent din vanzare;UNKNOWN;UNKNOWN;UNKNOWN;UNKNOWN;UNKNOWN;fara continut propriu;mica (deja integrat);usoara (cont activ);UNKNOWN;standard;https://www.coohom.com/;activ
AF0134;Comision afiliere — elightup.com;Afiliere;international;impact;elightup.com;impact;30% comision;procent din vanzare;UNKNOWN;UNKNOWN;UNKNOWN;UNKNOWN;UNKNOWN;fara continut propriu;mica (deja integrat);usoara (cont activ);UNKNOWN;standard;http://elightup.com;activ
AF0135;Comision afiliere — justfitpro.com;Afiliere;international;impact;justfitpro.com;impact;45% comision;procent din vanzare;UNKNOWN;UNKNOWN;UNKNOWN;UNKNOWN;UNKNOWN;fara continut propriu;mica (deja integrat);usoara (cont activ);UNKNOWN;standard;https://www.justfitpro.com;activ
AF0136;Comision afiliere — globaldelight.com;Afiliere;international;impact;globaldelight.com;impact;30% comision;procent din vanzare;UNKNOWN;UNKNOWN;UNKNOWN;UNKNOWN;UNKNOWN;fara continut propriu;mica (deja integrat);usoara (cont activ);UNKNOWN;standard;http://www.globaldelight.com;activ
AF0137;Comision afiliere — homestyler.com;Afiliere;international;impact;homestyler.com;impact;30% comision;procent din vanzare;UNKNOWN;UNKNOWN;UNKNOWN;UNKNOWN;UNKNOWN;fara continut propriu;mica (deja integrat);usoara (cont activ);UNKNOWN;standard;https://www.homestyler.com;activ
AF0138;Comision afiliere — dumblescore.com;Afiliere;international;impact;dumblescore.com;impact;40% comision;procent din vanzare;UNKNOWN;UNKNOWN;UNKNOWN;UNKNOWN;UNKNOWN;fara continut propriu;mica (deja integrat);usoara (cont activ);UNKNOWN;standard;https://dumblescore.com;activ
AF0139;Comision afiliere — mydataremoval.com;Afiliere;international;impact;mydataremoval.com;impact;35% comision;procent din vanzare;UNKNOWN;UNKNOWN;UNKNOWN;UNKNOWN;UNKNOWN;fara continut propriu;medie (lipseste linkul);usoara (cont activ);UNKNOWN;standard;https://www.mydataremoval.com;FARA LINK AFILIAT
AF0140;Comision afiliere — nordvpn.com;Afiliere;international;impact;nordvpn.com;impact;40% comision;procent din vanzare;UNKNOWN;UNKNOWN;UNKNOWN;UNKNOWN;UNKNOWN;fara continut propriu;mica (deja integrat);usoara (cont activ);UNKNOWN;standard;http://nordvpn.com;activ
AF0141;Comision afiliere — vidmage.ai;Afiliere;international;impact;vidmage.ai;impact;30% comision;procent din vanzare;UNKNOWN;UNKNOWN;UNKNOWN;UNKNOWN;UNKNOWN;fara continut propriu;mica (deja integrat);usoara (cont activ);UNKNOWN;standard;https://vidmage.ai;activ
AF0142;Comision afiliere — pacdora.com;Afiliere;international;impact;pacdora.com;impact;30% comision;procent din vanzare;UNKNOWN;UNKNOWN;UNKNOWN;UNKNOWN;UNKNOWN;fara continut propriu;mica (deja integrat);usoara (cont activ);UNKNOWN;standard;https://www.pacdora.com;activ
AF0143;Comision afiliere — renderforest.com;Afiliere;international;impact;renderforest.com;impact;40% comision;procent din vanzare;UNKNOWN;UNKNOWN;UNKNOWN;UNKNOWN;UNKNOWN;fara continut propriu;mica (deja integrat);usoara (cont activ);UNKNOWN;standard;http://www.renderforest.com;activ
AF0144;Comision afiliere — retouch4.me;Afiliere;international;impact;retouch4.me;impact;40% comision;procent din vanzare;UNKNOWN;UNKNOWN;UNKNOWN;UNKNOWN;UNKNOWN;fara continut propriu;mica (deja integrat);usoara (cont activ);UNKNOWN;standard;https://retouch4.me;activ
AF0145;Comision afiliere — lingchat.pro;Afiliere;international;impact;lingchat.pro;impact;40% comision;procent din vanzare;UNKNOWN;UNKNOWN;UNKNOWN;UNKNOWN;UNKNOWN;fara continut propriu;mica (deja integrat);usoara (cont activ);UNKNOWN;standard;https://www.lingchat.pro;activ
AF0146;Comision afiliere — wondershare.com;Afiliere;international;impact;wondershare.com;impact;30% comision;procent din vanzare;UNKNOWN;UNKNOWN;UNKNOWN;UNKNOWN;UNKNOWN;fara continut propriu;mica (deja integrat);usoara (cont activ);UNKNOWN;standard;https://www.wondershare.com;activ
AF0147;Comision afiliere — transkriptor.com;Afiliere;international;impact;transkriptor.com;impact;30% comision;procent din vanzare;UNKNOWN;UNKNOWN;UNKNOWN;UNKNOWN;UNKNOWN;fara continut propriu;mica (deja integrat);usoara (cont activ);UNKNOWN;standard;https://transkriptor.com;activ
AF0148;Comision afiliere — infinitekind.com;Afiliere;international;impact;infinitekind.com;impact;30% comision;procent din vanzare;UNKNOWN;UNKNOWN;UNKNOWN;UNKNOWN;UNKNOWN;fara continut propriu;mica (deja integrat);usoara (cont activ);UNKNOWN;standard;http://infinitekind.com;activ
AF0149;Comision afiliere — readkidz.com;Afiliere;international;impact;readkidz.com;impact;45% comision;procent din vanzare;UNKNOWN;UNKNOWN;UNKNOWN;UNKNOWN;UNKNOWN;fara continut propriu;mica (deja integrat);usoara (cont activ);UNKNOWN;standard;https://www.readkidz.com/;activ
AF0150;Comision afiliere — sider.ai;Afiliere;international;impact;sider.ai;impact;30% comision;procent din vanzare;UNKNOWN;UNKNOWN;UNKNOWN;UNKNOWN;UNKNOWN;fara continut propriu;mica (deja integrat);usoara (cont activ);UNKNOWN;standard;https://sider.ai;activ
AF0151;Comision afiliere — picwish.com;Afiliere;international;impact;picwish.com;impact;35% comision;procent din vanzare;UNKNOWN;UNKNOWN;UNKNOWN;UNKNOWN;UNKNOWN;fara continut propriu;mica (deja integrat);usoara (cont activ);UNKNOWN;standard;https://picwish.com/;activ
AF0152;Comision afiliere — cutout.pro;Afiliere;international;impact;cutout.pro;impact;30% comision;procent din vanzare;UNKNOWN;UNKNOWN;UNKNOWN;UNKNOWN;UNKNOWN;fara continut propriu;mica (deja integrat);usoara (cont activ);UNKNOWN;standard;https://www.cutout.pro;activ
AF0153;Comision afiliere — readdle.com;Afiliere;international;impact;readdle.com;impact;40% comision;procent din vanzare;UNKNOWN;UNKNOWN;UNKNOWN;UNKNOWN;UNKNOWN;fara continut propriu;mica (deja integrat);usoara (cont activ);UNKNOWN;standard;https://readdle.com/;activ
AF0154;Comision afiliere — skylum.com;Afiliere;international;impact;skylum.com;impact;20-30%;procent din vanzare;UNKNOWN;UNKNOWN;UNKNOWN;UNKNOWN;UNKNOWN;fara continut propriu;mica (deja integrat);usoara (cont activ);UNKNOWN;standard;https://skylum.com;activ
AF0155;Comision afiliere — omio.com;Afiliere;international;impact;omio.com;impact;3-5%;procent din vanzare;UNKNOWN;UNKNOWN;UNKNOWN;UNKNOWN;UNKNOWN;fara continut propriu;mica (deja integrat);usoara (cont activ);UNKNOWN;standard;https://www.omio.com;activ
AF0156;Comision afiliere — eu.turtlebeach.com;Afiliere;international;impact;eu.turtlebeach.com;impact;5-8%;procent din vanzare;UNKNOWN;UNKNOWN;UNKNOWN;UNKNOWN;UNKNOWN;fara continut propriu;mica (deja integrat);usoara (cont activ);UNKNOWN;standard;https://eu.turtlebeach.com;activ
AF0157;Comision afiliere — maxicosi.com;Afiliere;international;impact;maxicosi.com;impact;5-8%;procent din vanzare;UNKNOWN;UNKNOWN;UNKNOWN;UNKNOWN;UNKNOWN;fara continut propriu;mica (deja integrat);usoara (cont activ);UNKNOWN;standard;https://maxicosi.com;activ
AF0158;Comision afiliere — flashcloud.com;Afiliere;international;impact;flashcloud.com;impact;$60.00 per conversie;suma fixa;UNKNOWN;UNKNOWN;UNKNOWN;UNKNOWN;UNKNOWN;fara continut propriu;mica (deja integrat);usoara (cont activ);UNKNOWN;standard;https://flashcloud.com;activ
AF0159;Comision afiliere — mc-prime.com;Afiliere;international;impact;mc-prime.com;impact;$150.00 per conversie;suma fixa;UNKNOWN;UNKNOWN;UNKNOWN;UNKNOWN;UNKNOWN;fara continut propriu;mica (deja integrat);usoara (cont activ);UNKNOWN;standard;https://mc-prime.com;activ
AF0160;Comision afiliere — kraken.com;Afiliere;international;impact;kraken.com;impact;$100.00 per conversie;suma fixa;UNKNOWN;UNKNOWN;UNKNOWN;UNKNOWN;UNKNOWN;fara continut propriu;mica (deja integrat);usoara (cont activ);UNKNOWN;standard;https://www.kraken.com;activ
AF0161;Comision afiliere — intego.com;Afiliere;international;impact;intego.com;impact;25-40%;procent din vanzare;UNKNOWN;UNKNOWN;UNKNOWN;UNKNOWN;UNKNOWN;fara continut propriu;mica (deja integrat);usoara (cont activ);UNKNOWN;standard;https://www.intego.com;activ
AF0162;Comision afiliere — kkday.com;Afiliere;international;impact;kkday.com;impact;2-5%;procent din vanzare;UNKNOWN;UNKNOWN;UNKNOWN;UNKNOWN;UNKNOWN;fara continut propriu;mica (deja integrat);usoara (cont activ);UNKNOWN;standard;https://www.kkday.com;activ
AF0163;Comision afiliere — muc-off.com;Afiliere;international;impact;muc-off.com;impact;10%;procent din vanzare;UNKNOWN;UNKNOWN;UNKNOWN;UNKNOWN;UNKNOWN;fara continut propriu;mica (deja integrat);usoara (cont activ);UNKNOWN;standard;https://muc-off.com;activ
AF0164;Comision afiliere — iproyal.com;Afiliere;international;impact;iproyal.com;impact;10-15%;procent din vanzare;UNKNOWN;UNKNOWN;UNKNOWN;UNKNOWN;UNKNOWN;fara continut propriu;mica (deja integrat);usoara (cont activ);UNKNOWN;standard;https://iproyal.com;activ
AF0165;Comision afiliere — oneplus.com;Afiliere;international;impact;oneplus.com;impact;3-6%;procent din vanzare;UNKNOWN;UNKNOWN;UNKNOWN;UNKNOWN;UNKNOWN;fara continut propriu;mica (deja integrat);usoara (cont activ);UNKNOWN;standard;https://www.oneplus.com;activ
AF0166;Comision afiliere — amigosim.com;Afiliere;international;impact;amigosim.com;impact;20% comision;procent din vanzare;UNKNOWN;UNKNOWN;UNKNOWN;UNKNOWN;UNKNOWN;fara continut propriu;mica (deja integrat);usoara (cont activ);UNKNOWN;standard;https://www.amigosim.com/;activ
AF0167;Comision afiliere — amofashionltd.com;Afiliere;international;impact;amofashionltd.com;impact;20% comision;procent din vanzare;UNKNOWN;UNKNOWN;UNKNOWN;UNKNOWN;UNKNOWN;fara continut propriu;mica (deja integrat);usoara (cont activ);UNKNOWN;standard;https://amofashionltd.com/;activ
AF0168;Comision afiliere — joinappex.com;Afiliere;international;impact;joinappex.com;impact;20% comision;procent din vanzare;UNKNOWN;UNKNOWN;UNKNOWN;UNKNOWN;UNKNOWN;fara continut propriu;mica (deja integrat);usoara (cont activ);UNKNOWN;standard;https://joinappex.com;activ
AF0169;Comision afiliere — cellresearchcorp.com;Afiliere;international;impact;cellresearchcorp.com;impact;20% comision;procent din vanzare;UNKNOWN;UNKNOWN;UNKNOWN;UNKNOWN;UNKNOWN;fara continut propriu;mica (deja integrat);usoara (cont activ);UNKNOWN;standard;https://www.cellresearchcorp.com/;activ
AF0170;Comision afiliere — pi.inc;Afiliere;international;impact;pi.inc;impact;20% comision;procent din vanzare;UNKNOWN;UNKNOWN;UNKNOWN;UNKNOWN;UNKNOWN;fara continut propriu;mica (deja integrat);usoara (cont activ);UNKNOWN;standard;https://pi.inc;activ
AF0171;Comision afiliere — eezysun.com;Afiliere;international;impact;eezysun.com;impact;20% comision;procent din vanzare;UNKNOWN;UNKNOWN;UNKNOWN;UNKNOWN;UNKNOWN;fara continut propriu;mica (deja integrat);usoara (cont activ);UNKNOWN;standard;https://www.eezysun.com/;activ
AF0172;Comision afiliere — g4free.com;Afiliere;international;impact;g4free.com;impact;20% comision;procent din vanzare;UNKNOWN;UNKNOWN;UNKNOWN;UNKNOWN;UNKNOWN;fara continut propriu;mica (deja integrat);usoara (cont activ);UNKNOWN;standard;https://g4free.com;activ
AF0173;Comision afiliere — ice.gi;Afiliere;international;impact;ice.gi;impact;20% comision;procent din vanzare;UNKNOWN;UNKNOWN;UNKNOWN;UNKNOWN;UNKNOWN;fara continut propriu;mica (deja integrat);usoara (cont activ);UNKNOWN;standard;https://ice.gi;activ
AF0174;Comision afiliere — jalbum.net;Afiliere;international;impact;jalbum.net;impact;20% comision;procent din vanzare;UNKNOWN;UNKNOWN;UNKNOWN;UNKNOWN;UNKNOWN;fara continut propriu;mica (deja integrat);usoara (cont activ);UNKNOWN;standard;http://jalbum.net;activ
AF0175;Comision afiliere — joom.com;Afiliere;international;impact;joom.com;impact;25% comision;procent din vanzare;UNKNOWN;UNKNOWN;UNKNOWN;UNKNOWN;UNKNOWN;fara continut propriu;mica (deja integrat);usoara (cont activ);UNKNOWN;standard;https://www.joom.com;activ
AF0176;Comision afiliere — flowith.io;Afiliere;international;impact;flowith.io;impact;20% comision;procent din vanzare;UNKNOWN;UNKNOWN;UNKNOWN;UNKNOWN;UNKNOWN;fara continut propriu;mica (deja integrat);usoara (cont activ);UNKNOWN;standard;https://flowith.io;activ
AF0177;Comision afiliere — marketxls.com;Afiliere;international;impact;marketxls.com;impact;20% comision;procent din vanzare;UNKNOWN;UNKNOWN;UNKNOWN;UNKNOWN;UNKNOWN;fara continut propriu;mica (deja integrat);usoara (cont activ);UNKNOWN;standard;http://www.marketxls.com;activ
AF0178;Comision afiliere — maya.net;Afiliere;international;impact;maya.net;impact;20% comision;procent din vanzare;UNKNOWN;UNKNOWN;UNKNOWN;UNKNOWN;UNKNOWN;fara continut propriu;mica (deja integrat);usoara (cont activ);UNKNOWN;standard;https://maya.net;activ
AF0179;Comision afiliere — omnisend.com;Afiliere;international;impact;omnisend.com;impact;20% comision;procent din vanzare;UNKNOWN;UNKNOWN;UNKNOWN;UNKNOWN;UNKNOWN;fara continut propriu;mica (deja integrat);usoara (cont activ);UNKNOWN;standard;http://www.omnisend.com;activ
AF0180;Comision afiliere — parentica.app;Afiliere;international;impact;parentica.app;impact;25% comision;procent din vanzare;UNKNOWN;UNKNOWN;UNKNOWN;UNKNOWN;UNKNOWN;fara continut propriu;mica (deja integrat);usoara (cont activ);UNKNOWN;standard;https://www.parentica.app;activ
AF0181;Comision afiliere — yce.perfectcorp.com;Afiliere;international;impact;yce.perfectcorp.com;impact;25% comision;procent din vanzare;UNKNOWN;UNKNOWN;UNKNOWN;UNKNOWN;UNKNOWN;fara continut propriu;mica (deja integrat);usoara (cont activ);UNKNOWN;standard;https://yce.perfectcorp.com/;activ
AF0182;Comision afiliere — plusmetrica.com;Afiliere;international;impact;plusmetrica.com;impact;20% comision;procent din vanzare;UNKNOWN;UNKNOWN;UNKNOWN;UNKNOWN;UNKNOWN;fara continut propriu;mica (deja integrat);usoara (cont activ);UNKNOWN;standard;https://www.plusmetrica.com;activ
AF0183;Comision afiliere — proxy-cheap.com;Afiliere;international;impact;proxy-cheap.com;impact;25% comision;procent din vanzare;UNKNOWN;UNKNOWN;UNKNOWN;UNKNOWN;UNKNOWN;fara continut propriu;mica (deja integrat);usoara (cont activ);UNKNOWN;standard;https://proxy-cheap.com;activ
AF0184;Comision afiliere — pubrio.com;Afiliere;international;impact;pubrio.com;impact;25% comision;procent din vanzare;UNKNOWN;UNKNOWN;UNKNOWN;UNKNOWN;UNKNOWN;fara continut propriu;mica (deja integrat);usoara (cont activ);UNKNOWN;standard;https://www.pubrio.com;activ
AF0185;Comision afiliere — selenichast.com;Afiliere;international;impact;selenichast.com;impact;20% comision;procent din vanzare;UNKNOWN;UNKNOWN;UNKNOWN;UNKNOWN;UNKNOWN;fara continut propriu;mica (deja integrat);usoara (cont activ);UNKNOWN;standard;http://www.selenichast.com;activ
AF0186;Comision afiliere — bstd.ai;Afiliere;international;impact;bstd.ai;impact;20% comision;procent din vanzare;UNKNOWN;UNKNOWN;UNKNOWN;UNKNOWN;UNKNOWN;fara continut propriu;mica (deja integrat);usoara (cont activ);UNKNOWN;standard;https://bstd.ai;activ
AF0187;Comision afiliere — treexy.com;Afiliere;international;impact;treexy.com;impact;25% comision;procent din vanzare;UNKNOWN;UNKNOWN;UNKNOWN;UNKNOWN;UNKNOWN;fara continut propriu;medie (lipseste linkul);usoara (cont activ);UNKNOWN;standard;https://treexy.com;FARA LINK AFILIAT
AF0188;Comision afiliere — udemy.com;Afiliere;international;impact;udemy.com;impact;20% comision;procent din vanzare;UNKNOWN;UNKNOWN;UNKNOWN;UNKNOWN;UNKNOWN;fara continut propriu;mica (deja integrat);usoara (cont activ);UNKNOWN;standard;https://udemy.com;activ
AF0189;Comision afiliere — miniolie.com;Afiliere;international;impact;miniolie.com;impact;20% comision;procent din vanzare;UNKNOWN;UNKNOWN;UNKNOWN;UNKNOWN;UNKNOWN;fara continut propriu;mica (deja integrat);usoara (cont activ);UNKNOWN;standard;https://www.miniolie.com;activ
AF0190;Comision afiliere — chillsim.net;Afiliere;international;impact;chillsim.net;impact;20% comision;procent din vanzare;UNKNOWN;UNKNOWN;UNKNOWN;UNKNOWN;UNKNOWN;fara continut propriu;mica (deja integrat);usoara (cont activ);UNKNOWN;standard;https://chillsim.net;activ
AF0191;Comision afiliere — mscompanyltd.jp;Afiliere;international;impact;mscompanyltd.jp;impact;20% comision;procent din vanzare;UNKNOWN;UNKNOWN;UNKNOWN;UNKNOWN;UNKNOWN;fara continut propriu;mica (deja integrat);usoara (cont activ);UNKNOWN;standard;https://www.mscompanyltd.jp/;activ
AF0192;Comision afiliere — airslate.com;Afiliere;international;impact;airslate.com;impact;Renewal: 40% Subscription: 40% Trial: $1;procent din vanzare;UNKNOWN;UNKNOWN;UNKNOWN;UNKNOWN;UNKNOWN;fara continut propriu;mica (deja integrat);usoara (cont activ);UNKNOWN;standard;http://www.airslate.com;activ
AF0193;Comision afiliere — expressvpn.com;Afiliere;international;impact;expressvpn.com;impact;25% comision;procent din vanzare;UNKNOWN;UNKNOWN;UNKNOWN;UNKNOWN;UNKNOWN;fara continut propriu;mica (deja integrat);usoara (cont activ);UNKNOWN;standard;http://www.expressvpn.com;activ
AF0194;Comision afiliere — l-nutra.com;Afiliere;international;impact;l-nutra.com;impact;20% comision;procent din vanzare;UNKNOWN;UNKNOWN;UNKNOWN;UNKNOWN;UNKNOWN;fara continut propriu;mica (deja integrat);usoara (cont activ);UNKNOWN;standard;https://l-nutra.com;activ
AF0195;Comision afiliere — dyfashion.ro;Afiliere;RO;2performant;dyfashion.ro;2performant;Variabil;variabil pe categorie;UNKNOWN;UNKNOWN;UNKNOWN;UNKNOWN;UNKNOWN;fara continut propriu;mica (deja integrat);usoara (cont activ);UNKNOWN;standard;https://dyfashion.ro;activ
AF0196;Comision afiliere — inpuff.ro;Afiliere;RO;2performant;inpuff.ro;2performant;Variabil;variabil pe categorie;UNKNOWN;UNKNOWN;UNKNOWN;UNKNOWN;UNKNOWN;fara continut propriu;mica (deja integrat);usoara (cont activ);UNKNOWN;standard;https://inpuff.ro;activ
AF0197;Comision afiliere — foglia.ro;Afiliere;RO;2performant;foglia.ro;2performant;Variabil;variabil pe categorie;UNKNOWN;UNKNOWN;UNKNOWN;UNKNOWN;UNKNOWN;fara continut propriu;mica (deja integrat);usoara (cont activ);UNKNOWN;standard;https://foglia.ro;activ
AF0198;Comision afiliere — originals.ro;Afiliere;RO;2performant;originals.ro;2performant;Variabil;variabil pe categorie;UNKNOWN;UNKNOWN;UNKNOWN;UNKNOWN;UNKNOWN;fara continut propriu;mica (deja integrat);usoara (cont activ);UNKNOWN;standard;https://originals.ro;activ
AF0199;Comision afiliere — sofiline.ro;Afiliere;RO;2performant;sofiline.ro;2performant;Variabil;variabil pe categorie;UNKNOWN;UNKNOWN;UNKNOWN;UNKNOWN;UNKNOWN;fara continut propriu;mica (deja integrat);usoara (cont activ);UNKNOWN;standard;https://sofiline.ro;activ
AF0200;Comision afiliere — various-brands.ro;Afiliere;RO;2performant;various-brands.ro;2performant;Variabil;variabil pe categorie;UNKNOWN;UNKNOWN;UNKNOWN;UNKNOWN;UNKNOWN;fara continut propriu;mica (deja integrat);usoara (cont activ);UNKNOWN;standard;https://various-brands.ro;activ
AF0201;Comision afiliere — gameology.ro;Afiliere;RO;2performant;gameology.ro;2performant;Variabil;variabil pe categorie;UNKNOWN;UNKNOWN;UNKNOWN;UNKNOWN;UNKNOWN;fara continut propriu;mica (deja integrat);usoara (cont activ);UNKNOWN;standard;https://gameology.ro;activ
AF0202;Comision afiliere — vecteezy.com;Afiliere;international;impact;vecteezy.com;impact;20%;procent din vanzare;UNKNOWN;UNKNOWN;UNKNOWN;UNKNOWN;UNKNOWN;fara continut propriu;mica (deja integrat);usoara (cont activ);UNKNOWN;standard;https://www.vecteezy.com;activ
AF0203;Comision afiliere — ravpower.com;Afiliere;international;impact;ravpower.com;impact;5-8%;procent din vanzare;UNKNOWN;UNKNOWN;UNKNOWN;UNKNOWN;UNKNOWN;fara continut propriu;mica (deja integrat);usoara (cont activ);UNKNOWN;standard;https://www.ravpower.com;activ
AF0204;Comision afiliere — nl.jackery.com;Afiliere;international;impact;nl.jackery.com;impact;5-8%;procent din vanzare;UNKNOWN;UNKNOWN;UNKNOWN;UNKNOWN;UNKNOWN;fara continut propriu;mica (deja integrat);usoara (cont activ);UNKNOWN;standard;https://nl.jackery.com;activ
AF0205;Comision afiliere — nurio.ro;Afiliere;RO;2performant;nurio.ro;2performant;Variabil;variabil pe categorie;UNKNOWN;UNKNOWN;UNKNOWN;UNKNOWN;UNKNOWN;fara continut propriu;mica (deja integrat);usoara (cont activ);UNKNOWN;standard;https://nurio.ro;activ
AF0206;Comision afiliere — 8000kicks.com;Afiliere;international;impact;8000kicks.com;impact;10% comision;procent din vanzare;UNKNOWN;UNKNOWN;UNKNOWN;UNKNOWN;UNKNOWN;fara continut propriu;mica (deja integrat);usoara (cont activ);UNKNOWN;standard;https://8000kicks.com;activ
AF0207;Comision afiliere — acebeam.com;Afiliere;international;impact;acebeam.com;impact;10% comision;procent din vanzare;UNKNOWN;UNKNOWN;UNKNOWN;UNKNOWN;UNKNOWN;fara continut propriu;medie (lipseste linkul);usoara (cont activ);UNKNOWN;standard;https://www.acebeam.com;FARA LINK AFILIAT
AF0208;Comision afiliere — adventology.co.uk;Afiliere;international;impact;adventology.co.uk;impact;Variabil;variabil pe categorie;UNKNOWN;UNKNOWN;UNKNOWN;UNKNOWN;UNKNOWN;fara continut propriu;mica (deja integrat);usoara (cont activ);UNKNOWN;standard;https://adventology.co.uk;activ
AF0209;Comision afiliere — aeroband.net;Afiliere;international;impact;aeroband.net;impact;10% comision;procent din vanzare;UNKNOWN;UNKNOWN;UNKNOWN;UNKNOWN;UNKNOWN;fara continut propriu;medie (lipseste linkul);usoara (cont activ);UNKNOWN;standard;https://www.aeroband.net;FARA LINK AFILIAT
AF0210;Comision afiliere — aimer.com;Afiliere;international;impact;aimer.com;impact;15% comision;procent din vanzare;UNKNOWN;UNKNOWN;UNKNOWN;UNKNOWN;UNKNOWN;fara continut propriu;mica (deja integrat);usoara (cont activ);UNKNOWN;standard;https://aimer.com/;activ
AF0211;Comision afiliere — airalo.com;Afiliere;international;impact;airalo.com;impact;15% comision;procent din vanzare;UNKNOWN;UNKNOWN;UNKNOWN;UNKNOWN;UNKNOWN;fara continut propriu;mica (deja integrat);usoara (cont activ);UNKNOWN;standard;http://www.airalo.com;activ
AF0212;Comision afiliere — pagewings.com;Afiliere;international;impact;pagewings.com;impact;12% comision;procent din vanzare;UNKNOWN;UNKNOWN;UNKNOWN;UNKNOWN;UNKNOWN;fara continut propriu;mica (deja integrat);usoara (cont activ);UNKNOWN;standard;https://www.pagewings.com/;activ
AF0213;Comision afiliere — amotopart.com;Afiliere;international;impact;amotopart.com;impact;10% comision;procent din vanzare;UNKNOWN;UNKNOWN;UNKNOWN;UNKNOWN;UNKNOWN;fara continut propriu;mica (deja integrat);usoara (cont activ);UNKNOWN;standard;http://amotopart.com;activ
AF0214;Comision afiliere — iaohi.com;Afiliere;international;impact;iaohi.com;impact;18% comision;procent din vanzare;UNKNOWN;UNKNOWN;UNKNOWN;UNKNOWN;UNKNOWN;fara continut propriu;mica (deja integrat);usoara (cont activ);UNKNOWN;standard;https://www.iaohi.com;activ
AF0215;Comision afiliere — artzmiami.com;Afiliere;international;impact;artzmiami.com;impact;15% comision;procent din vanzare;UNKNOWN;UNKNOWN;UNKNOWN;UNKNOWN;UNKNOWN;fara continut propriu;mica (deja integrat);usoara (cont activ);UNKNOWN;standard;https://www.artzmiami.com;activ
AF0216;Comision afiliere — avidlove.com;Afiliere;international;impact;avidlove.com;impact;10% comision;procent din vanzare;UNKNOWN;UNKNOWN;UNKNOWN;UNKNOWN;UNKNOWN;fara continut propriu;mica (deja integrat);usoara (cont activ);UNKNOWN;standard;https://www.avidlove.com;activ
AF0217;Comision afiliere — bestchoiceproducts.com;Afiliere;international;impact;bestchoiceproducts.com;impact;10% comision;procent din vanzare;UNKNOWN;UNKNOWN;UNKNOWN;UNKNOWN;UNKNOWN;fara continut propriu;mica (deja integrat);usoara (cont activ);UNKNOWN;standard;https://bestchoiceproducts.com;activ
AF0218;Comision afiliere — roam.virginconnect.com;Afiliere;international;impact;roam.virginconnect.com;impact;15% comision;procent din vanzare;UNKNOWN;UNKNOWN;UNKNOWN;UNKNOWN;UNKNOWN;fara continut propriu;mica (deja integrat);usoara (cont activ);UNKNOWN;standard;https://roam.virginconnect.com/;activ
AF0219;Comision afiliere — bytesim.com;Afiliere;international;impact;bytesim.com;impact;10% comision;procent din vanzare;UNKNOWN;UNKNOWN;UNKNOWN;UNKNOWN;UNKNOWN;fara continut propriu;mica (deja integrat);usoara (cont activ);UNKNOWN;standard;https://bytesim.com;activ
AF0220;Comision afiliere — capelin-crew.com;Afiliere;international;impact;capelin-crew.com;impact;10% comision;procent din vanzare;UNKNOWN;UNKNOWN;UNKNOWN;UNKNOWN;UNKNOWN;fara continut propriu;mica (deja integrat);usoara (cont activ);UNKNOWN;standard;https://capelin-crew.com;activ
AF0221;Comision afiliere — ottocast.com;Afiliere;international;impact;ottocast.com;impact;10% comision;procent din vanzare;UNKNOWN;UNKNOWN;UNKNOWN;UNKNOWN;UNKNOWN;fara continut propriu;mica (deja integrat);usoara (cont activ);UNKNOWN;standard;https://www.ottocast.com/;activ
AF0222;Comision afiliere — zolucky.com;Afiliere;international;impact;zolucky.com;impact;12% comision;procent din vanzare;UNKNOWN;UNKNOWN;UNKNOWN;UNKNOWN;UNKNOWN;fara continut propriu;mica (deja integrat);usoara (cont activ);UNKNOWN;standard;https://zolucky.com;activ
AF0223;Comision afiliere — cleanster.com;Afiliere;international;impact;cleanster.com;impact;$10.00 per conversie;suma fixa;UNKNOWN;UNKNOWN;UNKNOWN;UNKNOWN;UNKNOWN;fara continut propriu;mica (deja integrat);usoara (cont activ);UNKNOWN;standard;https://cleanster.com;activ
AF0224;Comision afiliere — cliganic.com;Afiliere;international;impact;cliganic.com;impact;15% comision;procent din vanzare;UNKNOWN;UNKNOWN;UNKNOWN;UNKNOWN;UNKNOWN;fara continut propriu;mica (deja integrat);usoara (cont activ);UNKNOWN;standard;https://www.cliganic.com;activ
AF0225;Comision afiliere — clym.io;Afiliere;international;impact;clym.io;impact;18% comision;procent din vanzare;UNKNOWN;UNKNOWN;UNKNOWN;UNKNOWN;UNKNOWN;fara continut propriu;medie (lipseste linkul);usoara (cont activ);UNKNOWN;standard;https://clym.io;FARA LINK AFILIAT
AF0226;Comision afiliere — cognifit.com;Afiliere;international;impact;cognifit.com;impact;15% comision;procent din vanzare;UNKNOWN;UNKNOWN;UNKNOWN;UNKNOWN;UNKNOWN;fara continut propriu;mica (deja integrat);usoara (cont activ);UNKNOWN;standard;https://www.cognifit.com/;activ
AF0227;Comision afiliere — ctrader.com;Afiliere;international;impact;ctrader.com;impact;10% comision;procent din vanzare;UNKNOWN;UNKNOWN;UNKNOWN;UNKNOWN;UNKNOWN;fara continut propriu;mica (deja integrat);usoara (cont activ);UNKNOWN;standard;https://ctrader.com;activ
AF0228;Comision afiliere — nbatopshot.com;Afiliere;international;impact;nbatopshot.com;impact;10% comision;procent din vanzare;UNKNOWN;UNKNOWN;UNKNOWN;UNKNOWN;UNKNOWN;fara continut propriu;mica (deja integrat);usoara (cont activ);UNKNOWN;standard;https://www.nbatopshot.com;activ
AF0229;Comision afiliere — mydataninja.com;Afiliere;international;impact;mydataninja.com;impact;15% comision;procent din vanzare;UNKNOWN;UNKNOWN;UNKNOWN;UNKNOWN;UNKNOWN;fara continut propriu;mica (deja integrat);usoara (cont activ);UNKNOWN;standard;http://mydataninja.com;activ
AF0230;Comision afiliere — delphinusworld.com;Afiliere;international;impact;delphinusworld.com;impact;13% comision;procent din vanzare;UNKNOWN;UNKNOWN;UNKNOWN;UNKNOWN;UNKNOWN;fara continut propriu;mica (deja integrat);usoara (cont activ);UNKNOWN;standard;http://www.delphinusworld.com/;activ
AF0231;Comision afiliere — store.hiby.com;Afiliere;international;impact;store.hiby.com;impact;10% comision;procent din vanzare;UNKNOWN;UNKNOWN;UNKNOWN;UNKNOWN;UNKNOWN;fara continut propriu;mica (deja integrat);usoara (cont activ);UNKNOWN;standard;https://store.hiby.com;activ
AF0232;Comision afiliere — ebrands.com;Afiliere;international;impact;ebrands.com;impact;10% comision;procent din vanzare;UNKNOWN;UNKNOWN;UNKNOWN;UNKNOWN;UNKNOWN;fara continut propriu;mica (deja integrat);usoara (cont activ);UNKNOWN;standard;https://ebrands.com/;activ
AF0233;Comision afiliere — pelago.com;Afiliere;international;impact;pelago.com;impact;15% comision;procent din vanzare;UNKNOWN;UNKNOWN;UNKNOWN;UNKNOWN;UNKNOWN;fara continut propriu;mica (deja integrat);usoara (cont activ);UNKNOWN;standard;http://www.pelago.com;activ
AF0234;Comision afiliere — linnerlife.com;Afiliere;international;impact;linnerlife.com;impact;15% comision;procent din vanzare;UNKNOWN;UNKNOWN;UNKNOWN;UNKNOWN;UNKNOWN;fara continut propriu;mica (deja integrat);usoara (cont activ);UNKNOWN;standard;https://www.linnerlife.com;activ
AF0235;Comision afiliere — esimatic.com;Afiliere;international;impact;esimatic.com;impact;10% comision;procent din vanzare;UNKNOWN;UNKNOWN;UNKNOWN;UNKNOWN;UNKNOWN;fara continut propriu;mica (deja integrat);usoara (cont activ);UNKNOWN;standard;http://www.esimatic.com;activ
AF0236;Comision afiliere — esimo.io;Afiliere;international;impact;esimo.io;impact;10% comision;procent din vanzare;UNKNOWN;UNKNOWN;UNKNOWN;UNKNOWN;UNKNOWN;fara continut propriu;mica (deja integrat);usoara (cont activ);UNKNOWN;standard;https://esimo.io;activ
AF0237;Comision afiliere — esmondnaturalusa.com;Afiliere;international;impact;esmondnaturalusa.com;impact;10% comision;procent din vanzare;UNKNOWN;UNKNOWN;UNKNOWN;UNKNOWN;UNKNOWN;fara continut propriu;mica (deja integrat);usoara (cont activ);UNKNOWN;standard;https://www.esmondnaturalusa.com;activ
AF0238;Comision afiliere — etravelsim.com;Afiliere;international;impact;etravelsim.com;impact;11% comision;procent din vanzare;UNKNOWN;UNKNOWN;UNKNOWN;UNKNOWN;UNKNOWN;fara continut propriu;mica (deja integrat);usoara (cont activ);UNKNOWN;standard;https://etravelsim.com;activ
AF0239;Comision afiliere — de.eureka.com;Afiliere;international;impact;de.eureka.com;impact;12% comision;procent din vanzare;UNKNOWN;UNKNOWN;UNKNOWN;UNKNOWN;UNKNOWN;fara continut propriu;mica (deja integrat);usoara (cont activ);UNKNOWN;standard;https://de.eureka.com/;activ
AF0240;Comision afiliere — outfitrer.com;Afiliere;international;impact;outfitrer.com;impact;12% comision;procent din vanzare;UNKNOWN;UNKNOWN;UNKNOWN;UNKNOWN;UNKNOWN;fara continut propriu;mica (deja integrat);usoara (cont activ);UNKNOWN;standard;https://outfitrer.com/;activ
AF0241;Comision afiliere — airhubapp.com;Afiliere;international;impact;airhubapp.com;impact;10% comision;procent din vanzare;UNKNOWN;UNKNOWN;UNKNOWN;UNKNOWN;UNKNOWN;fara continut propriu;mica (deja integrat);usoara (cont activ);UNKNOWN;standard;http://www.airhubapp.com;activ
AF0242;Comision afiliere — wheeltop.com;Afiliere;international;impact;wheeltop.com;impact;10% comision;procent din vanzare;UNKNOWN;UNKNOWN;UNKNOWN;UNKNOWN;UNKNOWN;fara continut propriu;mica (deja integrat);usoara (cont activ);UNKNOWN;standard;https://wheeltop.com;activ
AF0243;Comision afiliere — poposoapsolar.com;Afiliere;international;impact;poposoapsolar.com;impact;12% comision;procent din vanzare;UNKNOWN;UNKNOWN;UNKNOWN;UNKNOWN;UNKNOWN;fara continut propriu;mica (deja integrat);usoara (cont activ);UNKNOWN;standard;https://poposoapsolar.com;activ
AF0244;Comision afiliere — store.hohem.com;Afiliere;international;impact;store.hohem.com;impact;14% comision;procent din vanzare;UNKNOWN;UNKNOWN;UNKNOWN;UNKNOWN;UNKNOWN;fara continut propriu;mica (deja integrat);usoara (cont activ);UNKNOWN;standard;https://store.hohem.com/;activ
AF0245;Comision afiliere — solacechic.com;Afiliere;international;impact;solacechic.com;impact;10% comision;procent din vanzare;UNKNOWN;UNKNOWN;UNKNOWN;UNKNOWN;UNKNOWN;fara continut propriu;mica (deja integrat);usoara (cont activ);UNKNOWN;standard;https://solacechic.com;activ
AF0246;Comision afiliere — merachfit.com;Afiliere;international;impact;merachfit.com;impact;10% comision;procent din vanzare;UNKNOWN;UNKNOWN;UNKNOWN;UNKNOWN;UNKNOWN;fara continut propriu;mica (deja integrat);usoara (cont activ);UNKNOWN;standard;https://merachfit.com/;activ
AF0247;Comision afiliere — ashimaryhair.com;Afiliere;international;impact;ashimaryhair.com;impact;10% comision;procent din vanzare;UNKNOWN;UNKNOWN;UNKNOWN;UNKNOWN;UNKNOWN;fara continut propriu;mica (deja integrat);usoara (cont activ);UNKNOWN;standard;https://www.ashimaryhair.com;activ
AF0248;Comision afiliere — hototools.com;Afiliere;international;impact;hototools.com;impact;10% comision;procent din vanzare;UNKNOWN;UNKNOWN;UNKNOWN;UNKNOWN;UNKNOWN;fara continut propriu;mica (deja integrat);usoara (cont activ);UNKNOWN;standard;https://hototools.com;activ
AF0249;Comision afiliere — lightingwill.com;Afiliere;international;impact;lightingwill.com;impact;10% comision;procent din vanzare;UNKNOWN;UNKNOWN;UNKNOWN;UNKNOWN;UNKNOWN;fara continut propriu;mica (deja integrat);usoara (cont activ);UNKNOWN;standard;https://www.lightingwill.com;activ
AF0250;Comision afiliere — incerunmen.com;Afiliere;international;impact;incerunmen.com;impact;12% comision;procent din vanzare;UNKNOWN;UNKNOWN;UNKNOWN;UNKNOWN;UNKNOWN;fara continut propriu;medie (lipseste linkul);usoara (cont activ);UNKNOWN;standard;https://www.incerunmen.com/;FARA LINK AFILIAT
AF0251;Comision afiliere — italist.com;Afiliere;international;impact;italist.com;impact;12% comision;procent din vanzare;UNKNOWN;UNKNOWN;UNKNOWN;UNKNOWN;UNKNOWN;fara continut propriu;mica (deja integrat);usoara (cont activ);UNKNOWN;standard;https://italist.com;activ
AF0252;Comision afiliere — jetpacglobal.com;Afiliere;international;impact;jetpacglobal.com;impact;10% comision;procent din vanzare;UNKNOWN;UNKNOWN;UNKNOWN;UNKNOWN;UNKNOWN;fara continut propriu;mica (deja integrat);usoara (cont activ);UNKNOWN;standard;https://www.jetpacglobal.com/us/;activ
AF0253;Comision afiliere — kingcampoutdoors.com;Afiliere;international;impact;kingcampoutdoors.com;impact;10% comision;procent din vanzare;UNKNOWN;UNKNOWN;UNKNOWN;UNKNOWN;UNKNOWN;fara continut propriu;mica (deja integrat);usoara (cont activ);UNKNOWN;standard;https://www.kingcampoutdoors.com/;activ
AF0254;Comision afiliere — torraslife.com;Afiliere;international;impact;torraslife.com;impact;12% comision;procent din vanzare;UNKNOWN;UNKNOWN;UNKNOWN;UNKNOWN;UNKNOWN;fara continut propriu;mica (deja integrat);usoara (cont activ);UNKNOWN;standard;https://www.torraslife.com;activ
AF0255;Comision afiliere — toyletite.store;Afiliere;international;impact;toyletite.store;impact;$12.00 per conversie;suma fixa;UNKNOWN;UNKNOWN;UNKNOWN;UNKNOWN;UNKNOWN;fara continut propriu;medie (lipseste linkul);usoara (cont activ);UNKNOWN;standard;https://toyletite.store;FARA LINK AFILIAT
AF0256;Comision afiliere — macrosoft.store;Afiliere;international;impact;macrosoft.store;impact;18% comision;procent din vanzare;UNKNOWN;UNKNOWN;UNKNOWN;UNKNOWN;UNKNOWN;fara continut propriu;mica (deja integrat);usoara (cont activ);UNKNOWN;standard;https://www.macrosoft.store;activ
AF0257;Comision afiliere — shopmakari.com;Afiliere;international;impact;shopmakari.com;impact;10% comision;procent din vanzare;UNKNOWN;UNKNOWN;UNKNOWN;UNKNOWN;UNKNOWN;fara continut propriu;mica (deja integrat);usoara (cont activ);UNKNOWN;standard;http://shopmakari.com/;activ
AF0258;Comision afiliere — margovil.com;Afiliere;international;impact;margovil.com;impact;15% comision;procent din vanzare;UNKNOWN;UNKNOWN;UNKNOWN;UNKNOWN;UNKNOWN;fara continut propriu;mica (deja integrat);usoara (cont activ);UNKNOWN;standard;https://www.margovil.com;activ
AF0259;Comision afiliere — mbito.app;Afiliere;international;impact;mbito.app;impact;10% comision;procent din vanzare;UNKNOWN;UNKNOWN;UNKNOWN;UNKNOWN;UNKNOWN;fara continut propriu;mica (deja integrat);usoara (cont activ);UNKNOWN;standard;https://www.mbito.app/;activ
AF0260;Comision afiliere — us.anthbot.com;Afiliere;international;impact;us.anthbot.com;impact;10% comision;procent din vanzare;UNKNOWN;UNKNOWN;UNKNOWN;UNKNOWN;UNKNOWN;fara continut propriu;mica (deja integrat);usoara (cont activ);UNKNOWN;standard;https://us.anthbot.com;activ
AF0261;Comision afiliere — vollyc.com;Afiliere;international;impact;vollyc.com;impact;10% comision;procent din vanzare;UNKNOWN;UNKNOWN;UNKNOWN;UNKNOWN;UNKNOWN;fara continut propriu;mica (deja integrat);usoara (cont activ);UNKNOWN;standard;https://vollyc.com/;activ
AF0262;Comision afiliere — meshnology.com;Afiliere;international;impact;meshnology.com;impact;13% comision;procent din vanzare;UNKNOWN;UNKNOWN;UNKNOWN;UNKNOWN;UNKNOWN;fara continut propriu;mica (deja integrat);usoara (cont activ);UNKNOWN;standard;https://meshnology.com/;activ
AF0263;Comision afiliere — hailuoai.video;Afiliere;international;impact;hailuoai.video;impact;10% comision;procent din vanzare;UNKNOWN;UNKNOWN;UNKNOWN;UNKNOWN;UNKNOWN;fara continut propriu;mica (deja integrat);usoara (cont activ);UNKNOWN;standard;https://hailuoai.video;activ
AF0264;Comision afiliere — neakasa.com;Afiliere;international;impact;neakasa.com;impact;10% comision;procent din vanzare;UNKNOWN;UNKNOWN;UNKNOWN;UNKNOWN;UNKNOWN;fara continut propriu;mica (deja integrat);usoara (cont activ);UNKNOWN;standard;http://neakasa.com;activ
AF0265;Comision afiliere — onemilebike.com;Afiliere;international;impact;onemilebike.com;impact;10% comision;procent din vanzare;UNKNOWN;UNKNOWN;UNKNOWN;UNKNOWN;UNKNOWN;fara continut propriu;mica (deja integrat);usoara (cont activ);UNKNOWN;standard;http://www.onemilebike.com/en-us;activ
AF0266;Comision afiliere — obdeleven.com;Afiliere;international;impact;obdeleven.com;impact;10% comision;procent din vanzare;UNKNOWN;UNKNOWN;UNKNOWN;UNKNOWN;UNKNOWN;fara continut propriu;mica (deja integrat);usoara (cont activ);UNKNOWN;standard;https://www.obdeleven.com;activ
AF0267;Comision afiliere — ohuhu.com;Afiliere;international;impact;ohuhu.com;impact;10% comision;procent din vanzare;UNKNOWN;UNKNOWN;UNKNOWN;UNKNOWN;UNKNOWN;fara continut propriu;mica (deja integrat);usoara (cont activ);UNKNOWN;standard;https://ohuhu.com;activ
AF0268;Comision afiliere — parallels.com;Afiliere;international;impact;parallels.com;impact;10% comision;procent din vanzare;UNKNOWN;UNKNOWN;UNKNOWN;UNKNOWN;UNKNOWN;fara continut propriu;mica (deja integrat);usoara (cont activ);UNKNOWN;standard;http://parallels.com;activ
AF0269;Comision afiliere — simovo.com;Afiliere;international;impact;simovo.com;impact;10% comision;procent din vanzare;UNKNOWN;UNKNOWN;UNKNOWN;UNKNOWN;UNKNOWN;fara continut propriu;mica (deja integrat);usoara (cont activ);UNKNOWN;standard;https://simovo.com;activ
AF0270;Comision afiliere — plantifique.com;Afiliere;international;impact;plantifique.com;impact;15% comision;procent din vanzare;UNKNOWN;UNKNOWN;UNKNOWN;UNKNOWN;UNKNOWN;fara continut propriu;mica (deja integrat);usoara (cont activ);UNKNOWN;standard;https://plantifique.com;activ
AF0271;Comision afiliere — printerpix.de;Afiliere;international;impact;printerpix.de;impact;10% comision;procent din vanzare;UNKNOWN;UNKNOWN;UNKNOWN;UNKNOWN;UNKNOWN;fara continut propriu;mica (deja integrat);usoara (cont activ);UNKNOWN;standard;https://www.printerpix.de;activ
AF0272;Comision afiliere — promeed.com;Afiliere;international;impact;promeed.com;impact;12% comision;procent din vanzare;UNKNOWN;UNKNOWN;UNKNOWN;UNKNOWN;UNKNOWN;fara continut propriu;mica (deja integrat);usoara (cont activ);UNKNOWN;standard;https://promeed.com;activ
AF0273;Comision afiliere — saily.com;Afiliere;international;impact;saily.com;impact;10% comision;procent din vanzare;UNKNOWN;UNKNOWN;UNKNOWN;UNKNOWN;UNKNOWN;fara continut propriu;mica (deja integrat);usoara (cont activ);UNKNOWN;standard;https://saily.com;activ
AF0274;Comision afiliere — le-parmentier.com;Afiliere;international;impact;le-parmentier.com;impact;16% comision;procent din vanzare;UNKNOWN;UNKNOWN;UNKNOWN;UNKNOWN;UNKNOWN;fara continut propriu;mica (deja integrat);usoara (cont activ);UNKNOWN;standard;https://le-parmentier.com;activ
AF0275;Comision afiliere — botslab.com;Afiliere;international;impact;botslab.com;impact;10% comision;procent din vanzare;UNKNOWN;UNKNOWN;UNKNOWN;UNKNOWN;UNKNOWN;fara continut propriu;mica (deja integrat);usoara (cont activ);UNKNOWN;standard;https://www.botslab.com/;activ
AF0276;Comision afiliere — suosooptics.com;Afiliere;international;impact;suosooptics.com;impact;15% comision;procent din vanzare;UNKNOWN;UNKNOWN;UNKNOWN;UNKNOWN;UNKNOWN;fara continut propriu;mica (deja integrat);usoara (cont activ);UNKNOWN;standard;https://suosooptics.com/;activ
AF0277;Comision afiliere — tinylandus.com;Afiliere;international;impact;tinylandus.com;impact;12% comision;procent din vanzare;UNKNOWN;UNKNOWN;UNKNOWN;UNKNOWN;UNKNOWN;fara continut propriu;mica (deja integrat);usoara (cont activ);UNKNOWN;standard;http://tinylandus.com;activ
AF0278;Comision afiliere — tokendab.com;Afiliere;international;impact;tokendab.com;impact;10% comision;procent din vanzare;UNKNOWN;UNKNOWN;UNKNOWN;UNKNOWN;UNKNOWN;fara continut propriu;mica (deja integrat);usoara (cont activ);UNKNOWN;standard;http://www.tokendab.com;activ
AF0279;Comision afiliere — voyeglobal.com;Afiliere;international;impact;voyeglobal.com;impact;15% comision;procent din vanzare;UNKNOWN;UNKNOWN;UNKNOWN;UNKNOWN;UNKNOWN;fara continut propriu;mica (deja integrat);usoara (cont activ);UNKNOWN;standard;https://voyeglobal.com;activ
AF0280;Comision afiliere — wavespeed.ai;Afiliere;international;impact;wavespeed.ai;impact;10% comision;procent din vanzare;UNKNOWN;UNKNOWN;UNKNOWN;UNKNOWN;UNKNOWN;fara continut propriu;mica (deja integrat);usoara (cont activ);UNKNOWN;standard;https://wavespeed.ai;activ
AF0281;Comision afiliere — amandahairs.com;Afiliere;international;impact;amandahairs.com;impact;10% comision;procent din vanzare;UNKNOWN;UNKNOWN;UNKNOWN;UNKNOWN;UNKNOWN;fara continut propriu;mica (deja integrat);usoara (cont activ);UNKNOWN;standard;https://amandahairs.com;activ
AF0282;Comision afiliere — zendrop.com;Afiliere;international;impact;zendrop.com;impact;$25.00 per conversie;suma fixa;UNKNOWN;UNKNOWN;UNKNOWN;UNKNOWN;UNKNOWN;fara continut propriu;mica (deja integrat);usoara (cont activ);UNKNOWN;standard;http://zendrop.com;activ
AF0283;Comision afiliere — zereanlabs.com;Afiliere;international;impact;zereanlabs.com;impact;15% comision;procent din vanzare;UNKNOWN;UNKNOWN;UNKNOWN;UNKNOWN;UNKNOWN;fara continut propriu;mica (deja integrat);usoara (cont activ);UNKNOWN;standard;https://zereanlabs.com;activ
AF0284;Comision afiliere — zerobounce.net;Afiliere;international;impact;zerobounce.net;impact;18% comision;procent din vanzare;UNKNOWN;UNKNOWN;UNKNOWN;UNKNOWN;UNKNOWN;fara continut propriu;mica (deja integrat);usoara (cont activ);UNKNOWN;standard;https://www.zerobounce.net;activ
AF0285;Comision afiliere — airzlink.com;Afiliere;international;impact;airzlink.com;impact;15% comision;procent din vanzare;UNKNOWN;UNKNOWN;UNKNOWN;UNKNOWN;UNKNOWN;fara continut propriu;mica (deja integrat);usoara (cont activ);UNKNOWN;standard;https://www.airzlink.com;activ
AF0286;Comision afiliere — stylewe.com;Afiliere;international;impact;stylewe.com;impact;12% comision;procent din vanzare;UNKNOWN;UNKNOWN;UNKNOWN;UNKNOWN;UNKNOWN;fara continut propriu;mica (deja integrat);usoara (cont activ);UNKNOWN;standard;https://stylewe.com;activ
AF0287;Comision afiliere — inspiration-at.com;Afiliere;international;impact;inspiration-at.com;impact;10% comision;procent din vanzare;UNKNOWN;UNKNOWN;UNKNOWN;UNKNOWN;UNKNOWN;fara continut propriu;mica (deja integrat);usoara (cont activ);UNKNOWN;standard;http://www.inspiration-at.com/;activ
AF0288;Comision afiliere — zenxvape.com;Afiliere;international;impact;zenxvape.com;impact;10% comision;procent din vanzare;UNKNOWN;UNKNOWN;UNKNOWN;UNKNOWN;UNKNOWN;fara continut propriu;mica (deja integrat);usoara (cont activ);UNKNOWN;standard;https://zenxvape.com;activ
AF0289;Comision afiliere — abelssoft.de;Afiliere;international;awin;abelssoft.de;awin;Variabil;variabil pe categorie;UNKNOWN;UNKNOWN;UNKNOWN;UNKNOWN;UNKNOWN;fara continut propriu;mica (deja integrat);usoara (cont activ);UNKNOWN;standard;https://abelssoft.de;activ
AF0290;Comision afiliere — airserbia.com;Afiliere;international;awin;airserbia.com;awin;Variabil;variabil pe categorie;UNKNOWN;UNKNOWN;UNKNOWN;UNKNOWN;UNKNOWN;fara continut propriu;mica (deja integrat);usoara (cont activ);UNKNOWN;standard;https://airserbia.com;activ
AF0291;Comision afiliere — trampolinepartsandsupply.com;Afiliere;international;awin;trampolinepartsandsupply.com;awin;Variabil;variabil pe categorie;UNKNOWN;UNKNOWN;UNKNOWN;UNKNOWN;UNKNOWN;fara continut propriu;mica (deja integrat);usoara (cont activ);UNKNOWN;standard;https://trampolinepartsandsupply.com;activ
AF0292;Comision afiliere — carmellimo.com;Afiliere;international;awin;carmellimo.com;awin;Variabil;variabil pe categorie;UNKNOWN;UNKNOWN;UNKNOWN;UNKNOWN;UNKNOWN;fara continut propriu;mica (deja integrat);usoara (cont activ);UNKNOWN;standard;https://carmellimo.com;activ
AF0293;Comision afiliere — clickandgrow.com;Afiliere;international;awin;clickandgrow.com;awin;Variabil;variabil pe categorie;UNKNOWN;UNKNOWN;UNKNOWN;UNKNOWN;UNKNOWN;fara continut propriu;mica (deja integrat);usoara (cont activ);UNKNOWN;standard;https://clickandgrow.com;activ
AF0294;Comision afiliere — electrolux.ro;Afiliere;RO;awin;electrolux.ro;awin;Variabil;variabil pe categorie;UNKNOWN;UNKNOWN;UNKNOWN;UNKNOWN;UNKNOWN;fara continut propriu;mica (deja integrat);usoara (cont activ);UNKNOWN;standard;https://electrolux.ro;activ
AF0295;Comision afiliere — getresponse.com;Afiliere;international;awin;getresponse.com;awin;Variabil;variabil pe categorie;UNKNOWN;UNKNOWN;UNKNOWN;UNKNOWN;UNKNOWN;fara continut propriu;mica (deja integrat);usoara (cont activ);UNKNOWN;standard;https://getresponse.com;activ
AF0296;Comision afiliere — hidemy.name;Afiliere;international;awin;hidemy.name;awin;Variabil;variabil pe categorie;UNKNOWN;UNKNOWN;UNKNOWN;UNKNOWN;UNKNOWN;fara continut propriu;mica (deja integrat);usoara (cont activ);UNKNOWN;standard;https://hidemy.name;activ
AF0297;Comision afiliere — nutraceutics.ro;Afiliere;RO;awin;nutraceutics.ro;awin;Variabil;variabil pe categorie;UNKNOWN;UNKNOWN;UNKNOWN;UNKNOWN;UNKNOWN;fara continut propriu;mica (deja integrat);usoara (cont activ);UNKNOWN;standard;https://nutraceutics.ro;activ
AF0298;Comision afiliere — nordpass.com;Afiliere;international;awin;nordpass.com;awin;Variabil;variabil pe categorie;UNKNOWN;UNKNOWN;UNKNOWN;UNKNOWN;UNKNOWN;fara continut propriu;mica (deja integrat);usoara (cont activ);UNKNOWN;standard;https://nordpass.com;activ
AF0299;Comision afiliere — oo-software.com;Afiliere;international;awin;oo-software.com;awin;Variabil;variabil pe categorie;UNKNOWN;UNKNOWN;UNKNOWN;UNKNOWN;UNKNOWN;fara continut propriu;mica (deja integrat);usoara (cont activ);UNKNOWN;standard;https://oo-software.com;activ
AF0300;Comision afiliere — pandahall.com;Afiliere;international;awin;pandahall.com;awin;Variabil;variabil pe categorie;UNKNOWN;UNKNOWN;UNKNOWN;UNKNOWN;UNKNOWN;fara continut propriu;mica (deja integrat);usoara (cont activ);UNKNOWN;standard;https://pandahall.com;activ
AF0301;Comision afiliere — philips.ro;Afiliere;RO;awin;philips.ro;awin;Variabil;variabil pe categorie;UNKNOWN;UNKNOWN;UNKNOWN;UNKNOWN;UNKNOWN;fara continut propriu;mica (deja integrat);usoara (cont activ);UNKNOWN;standard;https://philips.ro;activ
AF0302;Comision afiliere — silverrushstyle.com;Afiliere;international;awin;silverrushstyle.com;awin;Variabil;variabil pe categorie;UNKNOWN;UNKNOWN;UNKNOWN;UNKNOWN;UNKNOWN;fara continut propriu;mica (deja integrat);usoara (cont activ);UNKNOWN;standard;https://silverrushstyle.com;activ
AF0303;Comision afiliere — tenergy.com;Afiliere;international;awin;tenergy.com;awin;Variabil;variabil pe categorie;UNKNOWN;UNKNOWN;UNKNOWN;UNKNOWN;UNKNOWN;fara continut propriu;mica (deja integrat);usoara (cont activ);UNKNOWN;standard;https://tenergy.com;activ
AF0304;Comision afiliere — zchocolat.com;Afiliere;international;awin;zchocolat.com;awin;Variabil;variabil pe categorie;UNKNOWN;UNKNOWN;UNKNOWN;UNKNOWN;UNKNOWN;fara continut propriu;mica (deja integrat);usoara (cont activ);UNKNOWN;standard;https://zchocolat.com;activ
AF0305;Comision afiliere — it.alpinestars.com;Afiliere;international;impact;it.alpinestars.com;impact;8% comision;procent din vanzare;UNKNOWN;UNKNOWN;UNKNOWN;UNKNOWN;UNKNOWN;fara continut propriu;mica (deja integrat);usoara (cont activ);UNKNOWN;standard;https://it.alpinestars.com/;activ
AF0306;Comision afiliere — auraligned.com;Afiliere;international;impact;auraligned.com;impact;5% comision;procent din vanzare;UNKNOWN;UNKNOWN;UNKNOWN;UNKNOWN;UNKNOWN;fara continut propriu;medie (lipseste linkul);usoara (cont activ);UNKNOWN;standard;https://auraligned.com;FARA LINK AFILIAT
AF0307;Comision afiliere — chatrium.com;Afiliere;international;impact;chatrium.com;impact;6% comision;procent din vanzare;UNKNOWN;UNKNOWN;UNKNOWN;UNKNOWN;UNKNOWN;fara continut propriu;mica (deja integrat);usoara (cont activ);UNKNOWN;standard;http://www.chatrium.com;activ
AF0308;Comision afiliere — compasshospitality.com;Afiliere;international;impact;compasshospitality.com;impact;6% comision;procent din vanzare;UNKNOWN;UNKNOWN;UNKNOWN;UNKNOWN;UNKNOWN;fara continut propriu;mica (deja integrat);usoara (cont activ);UNKNOWN;standard;http://www.compasshospitality.com;activ
AF0309;Comision afiliere — danubiushotels.com;Afiliere;international;impact;danubiushotels.com;impact;5% comision;procent din vanzare;UNKNOWN;UNKNOWN;UNKNOWN;UNKNOWN;UNKNOWN;fara continut propriu;mica (deja integrat);usoara (cont activ);UNKNOWN;standard;http://www.danubiushotels.com;activ
AF0310;Comision afiliere — shop.doreljuvenile.com;Afiliere;international;impact;shop.doreljuvenile.com;impact;5% comision;procent din vanzare;UNKNOWN;UNKNOWN;UNKNOWN;UNKNOWN;UNKNOWN;fara continut propriu;mica (deja integrat);usoara (cont activ);UNKNOWN;standard;http://shop.doreljuvenile.com/;activ
AF0311;Comision afiliere — esdcodes.com;Afiliere;international;impact;esdcodes.com;impact;5% comision;procent din vanzare;UNKNOWN;UNKNOWN;UNKNOWN;UNKNOWN;UNKNOWN;fara continut propriu;mica (deja integrat);usoara (cont activ);UNKNOWN;standard;https://www.esdcodes.com;activ
AF0312;Comision afiliere — zenhotels.com;Afiliere;international;impact;zenhotels.com;impact;6% comision;procent din vanzare;UNKNOWN;UNKNOWN;UNKNOWN;UNKNOWN;UNKNOWN;fara continut propriu;mica (deja integrat);usoara (cont activ);UNKNOWN;standard;https://www.zenhotels.com/;activ
AF0313;Comision afiliere — anker.com;Afiliere;international;impact;anker.com;impact;7% comision;procent din vanzare;UNKNOWN;UNKNOWN;UNKNOWN;UNKNOWN;UNKNOWN;fara continut propriu;mica (deja integrat);usoara (cont activ);UNKNOWN;standard;http://anker.com;activ
AF0314;Comision afiliere — flowerknows.co;Afiliere;international;impact;flowerknows.co;impact;5% comision;procent din vanzare;UNKNOWN;UNKNOWN;UNKNOWN;UNKNOWN;UNKNOWN;fara continut propriu;mica (deja integrat);usoara (cont activ);UNKNOWN;standard;https://flowerknows.co;activ
AF0315;Comision afiliere — bleequp.com;Afiliere;international;impact;bleequp.com;impact;8% comision;procent din vanzare;UNKNOWN;UNKNOWN;UNKNOWN;UNKNOWN;UNKNOWN;fara continut propriu;mica (deja integrat);usoara (cont activ);UNKNOWN;standard;https://www.bleequp.com;activ
AF0316;Comision afiliere — rosewe.com;Afiliere;international;impact;rosewe.com;impact;8% comision;procent din vanzare;UNKNOWN;UNKNOWN;UNKNOWN;UNKNOWN;UNKNOWN;fara continut propriu;mica (deja integrat);usoara (cont activ);UNKNOWN;standard;http://www.rosewe.com;activ
AF0317;Comision afiliere — us.fossibot.com;Afiliere;international;impact;us.fossibot.com;impact;8% comision;procent din vanzare;UNKNOWN;UNKNOWN;UNKNOWN;UNKNOWN;UNKNOWN;fara continut propriu;mica (deja integrat);usoara (cont activ);UNKNOWN;standard;http://us.fossibot.com/;activ
AF0318;Comision afiliere — instantfunding.com;Afiliere;international;impact;instantfunding.com;impact;8% comision;procent din vanzare;UNKNOWN;UNKNOWN;UNKNOWN;UNKNOWN;UNKNOWN;fara continut propriu;mica (deja integrat);usoara (cont activ);UNKNOWN;standard;https://instantfunding.com/;activ
AF0319;Comision afiliere — jaresortshotels.com;Afiliere;international;impact;jaresortshotels.com;impact;6% comision;procent din vanzare;UNKNOWN;UNKNOWN;UNKNOWN;UNKNOWN;UNKNOWN;fara continut propriu;mica (deja integrat);usoara (cont activ);UNKNOWN;standard;http://www.jaresortshotels.com/;activ
AF0320;Comision afiliere — jackery.com;Afiliere;international;impact;jackery.com;impact;8% comision;procent din vanzare;UNKNOWN;UNKNOWN;UNKNOWN;UNKNOWN;UNKNOWN;fara continut propriu;mica (deja integrat);usoara (cont activ);UNKNOWN;standard;http://www.jackery.com;activ
AF0321;Comision afiliere — benpay.com;Afiliere;international;impact;benpay.com;impact;6% comision;procent din vanzare;UNKNOWN;UNKNOWN;UNKNOWN;UNKNOWN;UNKNOWN;fara continut propriu;mica (deja integrat);usoara (cont activ);UNKNOWN;standard;https://www.benpay.com;activ
AF0322;Comision afiliere — kingbullbike.com;Afiliere;international;impact;kingbullbike.com;impact;8% comision;procent din vanzare;UNKNOWN;UNKNOWN;UNKNOWN;UNKNOWN;UNKNOWN;fara continut propriu;mica (deja integrat);usoara (cont activ);UNKNOWN;standard;https://www.kingbullbike.com/;activ
AF0323;Comision afiliere — lisbonheritagehotels.com;Afiliere;international;impact;lisbonheritagehotels.com;impact;5% comision;procent din vanzare;UNKNOWN;UNKNOWN;UNKNOWN;UNKNOWN;UNKNOWN;fara continut propriu;mica (deja integrat);usoara (cont activ);UNKNOWN;standard;http://www.lisbonheritagehotels.com;activ
AF0324;Comision afiliere — getnomad.app;Afiliere;international;impact;getnomad.app;impact;7% comision;procent din vanzare;UNKNOWN;UNKNOWN;UNKNOWN;UNKNOWN;UNKNOWN;fara continut propriu;mica (deja integrat);usoara (cont activ);UNKNOWN;standard;https://www.getnomad.app;activ
AF0325;Comision afiliere — mushroomsupplies.com;Afiliere;international;impact;mushroomsupplies.com;impact;8% comision;procent din vanzare;UNKNOWN;UNKNOWN;UNKNOWN;UNKNOWN;UNKNOWN;fara continut propriu;mica (deja integrat);usoara (cont activ);UNKNOWN;standard;http://mushroomsupplies.com;activ
AF0326;Comision afiliere — mynextbike.co.uk;Afiliere;international;impact;mynextbike.co.uk;impact;5% comision;procent din vanzare;UNKNOWN;UNKNOWN;UNKNOWN;UNKNOWN;UNKNOWN;fara continut propriu;mica (deja integrat);usoara (cont activ);UNKNOWN;standard;https://mynextbike.co.uk;activ
AF0327;Comision afiliere — nnhotels.com;Afiliere;international;impact;nnhotels.com;impact;7% comision;procent din vanzare;UNKNOWN;UNKNOWN;UNKNOWN;UNKNOWN;UNKNOWN;fara continut propriu;mica (deja integrat);usoara (cont activ);UNKNOWN;standard;http://www.nnhotels.com/en;activ
AF0328;Comision afiliere — nobis.com;Afiliere;international;impact;nobis.com;impact;5% comision;procent din vanzare;UNKNOWN;UNKNOWN;UNKNOWN;UNKNOWN;UNKNOWN;fara continut propriu;mica (deja integrat);usoara (cont activ);UNKNOWN;standard;https://nobis.com;activ
AF0329;Comision afiliere — store.pongbotsports.com;Afiliere;international;impact;store.pongbotsports.com;impact;5% comision;procent din vanzare;UNKNOWN;UNKNOWN;UNKNOWN;UNKNOWN;UNKNOWN;fara continut propriu;mica (deja integrat);usoara (cont activ);UNKNOWN;standard;https://store.pongbotsports.com;activ
AF0330;Comision afiliere — mowrator.com;Afiliere;international;impact;mowrator.com;impact;6% comision;procent din vanzare;UNKNOWN;UNKNOWN;UNKNOWN;UNKNOWN;UNKNOWN;fara continut propriu;mica (deja integrat);usoara (cont activ);UNKNOWN;standard;https://mowrator.com;activ
AF0331;Comision afiliere — saflyfun.com;Afiliere;international;impact;saflyfun.com;impact;8% comision;procent din vanzare;UNKNOWN;UNKNOWN;UNKNOWN;UNKNOWN;UNKNOWN;fara continut propriu;mica (deja integrat);usoara (cont activ);UNKNOWN;standard;https://saflyfun.com;activ
AF0332;Comision afiliere — reverencehotels.com;Afiliere;international;impact;reverencehotels.com;impact;5% comision;procent din vanzare;UNKNOWN;UNKNOWN;UNKNOWN;UNKNOWN;UNKNOWN;fara continut propriu;mica (deja integrat);usoara (cont activ);UNKNOWN;standard;http://www.reverencehotels.com;activ
AF0333;Comision afiliere — rowabi.com;Afiliere;international;impact;rowabi.com;impact;5% comision;procent din vanzare;UNKNOWN;UNKNOWN;UNKNOWN;UNKNOWN;UNKNOWN;fara continut propriu;mica (deja integrat);usoara (cont activ);UNKNOWN;standard;https://www.rowabi.com;activ
AF0334;Comision afiliere — sidi.com;Afiliere;international;impact;sidi.com;impact;6% comision;procent din vanzare;UNKNOWN;UNKNOWN;UNKNOWN;UNKNOWN;UNKNOWN;fara continut propriu;mica (deja integrat);usoara (cont activ);UNKNOWN;standard;https://sidi.com/;activ
AF0335;Comision afiliere — sportsevents365.com;Afiliere;international;impact;sportsevents365.com;impact;7% comision;procent din vanzare;UNKNOWN;UNKNOWN;UNKNOWN;UNKNOWN;UNKNOWN;fara continut propriu;mica (deja integrat);usoara (cont activ);UNKNOWN;standard;http://www.sportsevents365.com/;activ
AF0336;Comision afiliere — litime.com;Afiliere;international;impact;litime.com;impact;5% comision;procent din vanzare;UNKNOWN;UNKNOWN;UNKNOWN;UNKNOWN;UNKNOWN;fara continut propriu;mica (deja integrat);usoara (cont activ);UNKNOWN;standard;https://www.litime.com/;activ
AF0337;Comision afiliere — stuhrling.com;Afiliere;international;impact;stuhrling.com;impact;5% comision;procent din vanzare;UNKNOWN;UNKNOWN;UNKNOWN;UNKNOWN;UNKNOWN;fara continut propriu;mica (deja integrat);usoara (cont activ);UNKNOWN;standard;https://stuhrling.com/;activ
AF0338;Comision afiliere — funwhole.com;Afiliere;international;impact;funwhole.com;impact;8% comision;procent din vanzare;UNKNOWN;UNKNOWN;UNKNOWN;UNKNOWN;UNKNOWN;fara continut propriu;mica (deja integrat);usoara (cont activ);UNKNOWN;standard;https://www.funwhole.com/;activ
AF0339;Comision afiliere — tp-link.com;Afiliere;international;impact;tp-link.com;impact;7% comision;procent din vanzare;UNKNOWN;UNKNOWN;UNKNOWN;UNKNOWN;UNKNOWN;fara continut propriu;mica (deja integrat);usoara (cont activ);UNKNOWN;standard;https://www.tp-link.com;activ
AF0340;Comision afiliere — trugrit-fitness.com;Afiliere;international;impact;trugrit-fitness.com;impact;5% comision;procent din vanzare;UNKNOWN;UNKNOWN;UNKNOWN;UNKNOWN;UNKNOWN;fara continut propriu;mica (deja integrat);usoara (cont activ);UNKNOWN;standard;http://trugrit-fitness.com/;activ
AF0341;Comision afiliere — us.tcl.com;Afiliere;international;impact;us.tcl.com;impact;8% comision;procent din vanzare;UNKNOWN;UNKNOWN;UNKNOWN;UNKNOWN;UNKNOWN;fara continut propriu;mica (deja integrat);usoara (cont activ);UNKNOWN;standard;https://us.tcl.com/;activ
AF0342;Comision afiliere — m.unice.com;Afiliere;international;impact;m.unice.com;impact;6% comision;procent din vanzare;UNKNOWN;UNKNOWN;UNKNOWN;UNKNOWN;UNKNOWN;fara continut propriu;mica (deja integrat);usoara (cont activ);UNKNOWN;standard;https://m.unice.com;activ
AF0343;Comision afiliere — awolvision.com;Afiliere;international;impact;awolvision.com;impact;5% comision;procent din vanzare;UNKNOWN;UNKNOWN;UNKNOWN;UNKNOWN;UNKNOWN;fara continut propriu;mica (deja integrat);usoara (cont activ);UNKNOWN;standard;https://awolvision.com;activ
AF0344;Comision afiliere — wizbay.com;Afiliere;international;impact;wizbay.com;impact;8% comision;procent din vanzare;UNKNOWN;UNKNOWN;UNKNOWN;UNKNOWN;UNKNOWN;fara continut propriu;mica (deja integrat);usoara (cont activ);UNKNOWN;standard;https://wizbay.com;activ
AF0345;Comision afiliere — belffin.com;Afiliere;international;impact;belffin.com;impact;6% comision;procent din vanzare;UNKNOWN;UNKNOWN;UNKNOWN;UNKNOWN;UNKNOWN;fara continut propriu;mica (deja integrat);usoara (cont activ);UNKNOWN;standard;https://www.belffin.com;activ
AF0346;Comision afiliere — ekrcover.com;Afiliere;international;impact;ekrcover.com;impact;5% comision;procent din vanzare;UNKNOWN;UNKNOWN;UNKNOWN;UNKNOWN;UNKNOWN;fara continut propriu;mica (deja integrat);usoara (cont activ);UNKNOWN;standard;https://ekrcover.com;activ
AF0347;Comision afiliere — aitkenspencehotels.com;Afiliere;international;impact;aitkenspencehotels.com;impact;6% comision;procent din vanzare;UNKNOWN;UNKNOWN;UNKNOWN;UNKNOWN;UNKNOWN;fara continut propriu;mica (deja integrat);usoara (cont activ);UNKNOWN;standard;http://www.aitkenspencehotels.com;activ
AF0348;Comision afiliere — anta.com;Afiliere;international;impact;anta.com;impact;6% comision;procent din vanzare;UNKNOWN;UNKNOWN;UNKNOWN;UNKNOWN;UNKNOWN;fara continut propriu;mica (deja integrat);usoara (cont activ);UNKNOWN;standard;https://anta.com/;activ
AF0349;Comision afiliere — hotels-attitude.com;Afiliere;international;impact;hotels-attitude.com;impact;6% comision;procent din vanzare;UNKNOWN;UNKNOWN;UNKNOWN;UNKNOWN;UNKNOWN;fara continut propriu;mica (deja integrat);usoara (cont activ);UNKNOWN;standard;http://hotels-attitude.com/en;activ
AF0350;Comision afiliere — beachcomber-hotels.com;Afiliere;international;impact;beachcomber-hotels.com;impact;6% comision;procent din vanzare;UNKNOWN;UNKNOWN;UNKNOWN;UNKNOWN;UNKNOWN;fara continut propriu;mica (deja integrat);usoara (cont activ);UNKNOWN;standard;http://www.beachcomber-hotels.com/en;activ
AF0351;Comision afiliere — crimsonhotel.com;Afiliere;international;impact;crimsonhotel.com;impact;5% comision;procent din vanzare;UNKNOWN;UNKNOWN;UNKNOWN;UNKNOWN;UNKNOWN;fara continut propriu;mica (deja integrat);usoara (cont activ);UNKNOWN;standard;http://www.crimsonhotel.com/;activ
AF0352;Comision afiliere — damachotelsandresorts.com;Afiliere;international;impact;damachotelsandresorts.com;impact;7% comision;procent din vanzare;UNKNOWN;UNKNOWN;UNKNOWN;UNKNOWN;UNKNOWN;fara continut propriu;mica (deja integrat);usoara (cont activ);UNKNOWN;standard;http://www.damachotelsandresorts.com;activ
AF0353;Comision afiliere — diamondsresorts.com;Afiliere;international;impact;diamondsresorts.com;impact;5% comision;procent din vanzare;UNKNOWN;UNKNOWN;UNKNOWN;UNKNOWN;UNKNOWN;fara continut propriu;mica (deja integrat);usoara (cont activ);UNKNOWN;standard;http://www.diamondsresorts.com/;activ
AF0354;Comision afiliere — discoveryhotels-resorts.com;Afiliere;international;impact;discoveryhotels-resorts.com;impact;5% comision;procent din vanzare;UNKNOWN;UNKNOWN;UNKNOWN;UNKNOWN;UNKNOWN;fara continut propriu;mica (deja integrat);usoara (cont activ);UNKNOWN;standard;http://www.discoveryhotels-resorts.com;activ
AF0355;Comision afiliere — emiratesparkzooandresort.com;Afiliere;international;impact;emiratesparkzooandresort.com;impact;5% comision;procent din vanzare;UNKNOWN;UNKNOWN;UNKNOWN;UNKNOWN;UNKNOWN;fara continut propriu;mica (deja integrat);usoara (cont activ);UNKNOWN;standard;http://www.emiratesparkzooandresort.com/;activ
AF0356;Comision afiliere — hmhhotelgroup.com;Afiliere;international;impact;hmhhotelgroup.com;impact;5% comision;procent din vanzare;UNKNOWN;UNKNOWN;UNKNOWN;UNKNOWN;UNKNOWN;fara continut propriu;mica (deja integrat);usoara (cont activ);UNKNOWN;standard;http://www.hmhhotelgroup.com/;activ
AF0357;Comision afiliere — sihoooffice.com;Afiliere;international;impact;sihoooffice.com;impact;8% comision;procent din vanzare;UNKNOWN;UNKNOWN;UNKNOWN;UNKNOWN;UNKNOWN;fara continut propriu;mica (deja integrat);usoara (cont activ);UNKNOWN;standard;https://sihoooffice.com;activ
AF0358;Comision afiliere — itchotels.com;Afiliere;international;impact;itchotels.com;impact;6% comision;procent din vanzare;UNKNOWN;UNKNOWN;UNKNOWN;UNKNOWN;UNKNOWN;fara continut propriu;mica (deja integrat);usoara (cont activ);UNKNOWN;standard;http://www.itchotels.com/in/en;activ
AF0359;Comision afiliere — jetpark.co.nz;Afiliere;international;impact;jetpark.co.nz;impact;6% comision;procent din vanzare;UNKNOWN;UNKNOWN;UNKNOWN;UNKNOWN;UNKNOWN;fara continut propriu;mica (deja integrat);usoara (cont activ);UNKNOWN;standard;http://www.jetpark.co.nz;activ
AF0360;Comision afiliere — lebua.com;Afiliere;international;impact;lebua.com;impact;5% comision;procent din vanzare;UNKNOWN;UNKNOWN;UNKNOWN;UNKNOWN;UNKNOWN;fara continut propriu;mica (deja integrat);usoara (cont activ);UNKNOWN;standard;http://lebua.com/;activ
AF0361;Comision afiliere — htvront.com;Afiliere;international;impact;htvront.com;impact;6% comision;procent din vanzare;UNKNOWN;UNKNOWN;UNKNOWN;UNKNOWN;UNKNOWN;fara continut propriu;mica (deja integrat);usoara (cont activ);UNKNOWN;standard;https://www.htvront.com/;activ
AF0362;Comision afiliere — longer3d.com;Afiliere;international;impact;longer3d.com;impact;5% comision;procent din vanzare;UNKNOWN;UNKNOWN;UNKNOWN;UNKNOWN;UNKNOWN;fara continut propriu;mica (deja integrat);usoara (cont activ);UNKNOWN;standard;https://www.longer3d.com;activ
AF0363;Comision afiliere — megaworldhotels.com;Afiliere;international;impact;megaworldhotels.com;impact;5% comision;procent din vanzare;UNKNOWN;UNKNOWN;UNKNOWN;UNKNOWN;UNKNOWN;fara continut propriu;mica (deja integrat);usoara (cont activ);UNKNOWN;standard;http://www.megaworldhotels.com/;activ
AF0364;Comision afiliere — niccolohotels.com;Afiliere;international;impact;niccolohotels.com;impact;5% comision;procent din vanzare;UNKNOWN;UNKNOWN;UNKNOWN;UNKNOWN;UNKNOWN;fara continut propriu;mica (deja integrat);usoara (cont activ);UNKNOWN;standard;http://www.niccolohotels.com/en/home;activ
AF0365;Comision afiliere — oberoihotels.com;Afiliere;international;impact;oberoihotels.com;impact;5% comision;procent din vanzare;UNKNOWN;UNKNOWN;UNKNOWN;UNKNOWN;UNKNOWN;fara continut propriu;mica (deja integrat);usoara (cont activ);UNKNOWN;standard;http://www.oberoihotels.com;activ
AF0366;Comision afiliere — oceanhotels.com;Afiliere;international;impact;oceanhotels.com;impact;6% comision;procent din vanzare;UNKNOWN;UNKNOWN;UNKNOWN;UNKNOWN;UNKNOWN;fara continut propriu;mica (deja integrat);usoara (cont activ);UNKNOWN;standard;https://oceanhotels.com;activ
AF0367;Comision afiliere — parkhotelgroup.com;Afiliere;international;impact;parkhotelgroup.com;impact;5% comision;procent din vanzare;UNKNOWN;UNKNOWN;UNKNOWN;UNKNOWN;UNKNOWN;fara continut propriu;mica (deja integrat);usoara (cont activ);UNKNOWN;standard;http://www.parkhotelgroup.com;activ
AF0368;Comision afiliere — patinahotels.com;Afiliere;international;impact;patinahotels.com;impact;5% comision;procent din vanzare;UNKNOWN;UNKNOWN;UNKNOWN;UNKNOWN;UNKNOWN;fara continut propriu;mica (deja integrat);usoara (cont activ);UNKNOWN;standard;http://patinahotels.com/maldives-fari-islands;activ
AF0369;Comision afiliere — questhotelsandresorts.com;Afiliere;international;impact;questhotelsandresorts.com;impact;5% comision;procent din vanzare;UNKNOWN;UNKNOWN;UNKNOWN;UNKNOWN;UNKNOWN;fara continut propriu;mica (deja integrat);usoara (cont activ);UNKNOWN;standard;http://www.questhotelsandresorts.com/;activ
AF0370;Comision afiliere — rovehotels.com;Afiliere;international;impact;rovehotels.com;impact;6% comision;procent din vanzare;UNKNOWN;UNKNOWN;UNKNOWN;UNKNOWN;UNKNOWN;fara continut propriu;mica (deja integrat);usoara (cont activ);UNKNOWN;standard;http://www.rovehotels.com;activ
AF0371;Comision afiliere — mysantika.com;Afiliere;international;impact;mysantika.com;impact;6% comision;procent din vanzare;UNKNOWN;UNKNOWN;UNKNOWN;UNKNOWN;UNKNOWN;fara continut propriu;mica (deja integrat);usoara (cont activ);UNKNOWN;standard;http://mysantika.com/;activ
AF0372;Comision afiliere — sarovahotels.com;Afiliere;international;impact;sarovahotels.com;impact;6% comision;procent din vanzare;UNKNOWN;UNKNOWN;UNKNOWN;UNKNOWN;UNKNOWN;fara continut propriu;mica (deja integrat);usoara (cont activ);UNKNOWN;standard;http://www.sarovahotels.com;activ
AF0373;Comision afiliere — solaireresort.com;Afiliere;international;impact;solaireresort.com;impact;6% comision;procent din vanzare;UNKNOWN;UNKNOWN;UNKNOWN;UNKNOWN;UNKNOWN;fara continut propriu;mica (deja integrat);usoara (cont activ);UNKNOWN;standard;http://www.solaireresort.com/;activ
AF0374;Comision afiliere — sunsiyam.com;Afiliere;international;impact;sunsiyam.com;impact;6% comision;procent din vanzare;UNKNOWN;UNKNOWN;UNKNOWN;UNKNOWN;UNKNOWN;fara continut propriu;mica (deja integrat);usoara (cont activ);UNKNOWN;standard;http://www.sunsiyam.com;activ
AF0375;Comision afiliere — theleela.com;Afiliere;international;impact;theleela.com;impact;5% comision;procent din vanzare;UNKNOWN;UNKNOWN;UNKNOWN;UNKNOWN;UNKNOWN;fara continut propriu;mica (deja integrat);usoara (cont activ);UNKNOWN;standard;http://www.theleela.com/;activ
AF0376;Comision afiliere — ukino-hotels.com;Afiliere;international;impact;ukino-hotels.com;impact;5% comision;procent din vanzare;UNKNOWN;UNKNOWN;UNKNOWN;UNKNOWN;UNKNOWN;fara continut propriu;mica (deja integrat);usoara (cont activ);UNKNOWN;standard;http://ukino-hotels.com/;activ
AF0377;Comision afiliere — farmec.ro;Afiliere;RO;2performant;farmec.ro;2performant;Variabil;variabil pe categorie;UNKNOWN;UNKNOWN;UNKNOWN;UNKNOWN;UNKNOWN;fara continut propriu;mica (deja integrat);usoara (cont activ);UNKNOWN;standard;https://farmec.ro;activ
AF0378;Comision afiliere — mede.cc;Afiliere;international;impact;mede.cc;impact;0% comision;procent din vanzare;UNKNOWN;UNKNOWN;UNKNOWN;UNKNOWN;UNKNOWN;fara continut propriu;mica (deja integrat);usoara (cont activ);UNKNOWN;standard;https://www.mede.cc;activ
AF0379;Comision afiliere — arccaptain.com;Afiliere;international;impact;arccaptain.com;impact;2% comision;procent din vanzare;UNKNOWN;UNKNOWN;UNKNOWN;UNKNOWN;UNKNOWN;fara continut propriu;mica (deja integrat);usoara (cont activ);UNKNOWN;standard;https://arccaptain.com/;activ
AF0380;Comision afiliere — arenacollection.com;Afiliere;international;impact;arenacollection.com;impact;4% comision;procent din vanzare;UNKNOWN;UNKNOWN;UNKNOWN;UNKNOWN;UNKNOWN;fara continut propriu;mica (deja integrat);usoara (cont activ);UNKNOWN;standard;http://www.arenacollection.com/;activ
AF0381;Comision afiliere — hotelarenalspring.com;Afiliere;international;impact;hotelarenalspring.com;impact;4% comision;procent din vanzare;UNKNOWN;UNKNOWN;UNKNOWN;UNKNOWN;UNKNOWN;fara continut propriu;mica (deja integrat);usoara (cont activ);UNKNOWN;standard;http://hotelarenalspring.com/;activ
AF0382;Comision afiliere — arkudadigital.com;Afiliere;international;impact;arkudadigital.com;impact;0% comision;procent din vanzare;UNKNOWN;UNKNOWN;UNKNOWN;UNKNOWN;UNKNOWN;fara continut propriu;mica (deja integrat);usoara (cont activ);UNKNOWN;standard;http://www.arkudadigital.com;activ
AF0383;Comision afiliere — azulixtapa.com;Afiliere;international;impact;azulixtapa.com;impact;4% comision;procent din vanzare;UNKNOWN;UNKNOWN;UNKNOWN;UNKNOWN;UNKNOWN;fara continut propriu;mica (deja integrat);usoara (cont activ);UNKNOWN;standard;http://azulixtapa.com/;activ
AF0384;Comision afiliere — azzhoteles.com;Afiliere;international;impact;azzhoteles.com;impact;4% comision;procent din vanzare;UNKNOWN;UNKNOWN;UNKNOWN;UNKNOWN;UNKNOWN;fara continut propriu;mica (deja integrat);usoara (cont activ);UNKNOWN;standard;http://www.azzhoteles.com/en/;activ
AF0385;Comision afiliere — b-rent.com;Afiliere;international;impact;b-rent.com;impact;4% comision;procent din vanzare;UNKNOWN;UNKNOWN;UNKNOWN;UNKNOWN;UNKNOWN;fara continut propriu;mica (deja integrat);usoara (cont activ);UNKNOWN;standard;http://b-rent.com/en;activ
AF0386;Comision afiliere — baglionihotels.com;Afiliere;international;impact;baglionihotels.com;impact;4% comision;procent din vanzare;UNKNOWN;UNKNOWN;UNKNOWN;UNKNOWN;UNKNOWN;fara continut propriu;mica (deja integrat);usoara (cont activ);UNKNOWN;standard;http://www.baglionihotels.com;activ
AF0387;Comision afiliere — en.beachscape.com.mx;Afiliere;international;impact;en.beachscape.com.mx;impact;4% comision;procent din vanzare;UNKNOWN;UNKNOWN;UNKNOWN;UNKNOWN;UNKNOWN;fara continut propriu;mica (deja integrat);usoara (cont activ);UNKNOWN;standard;http://en.beachscape.com.mx;activ
AF0388;Comision afiliere — berjayahotel.com;Afiliere;international;impact;berjayahotel.com;impact;3% comision;procent din vanzare;UNKNOWN;UNKNOWN;UNKNOWN;UNKNOWN;UNKNOWN;fara continut propriu;mica (deja integrat);usoara (cont activ);UNKNOWN;standard;http://www.berjayahotel.com/;activ
AF0389;Comision afiliere — buybestgear.com;Afiliere;international;impact;buybestgear.com;impact;2% comision;procent din vanzare;UNKNOWN;UNKNOWN;UNKNOWN;UNKNOWN;UNKNOWN;fara continut propriu;mica (deja integrat);usoara (cont activ);UNKNOWN;standard;https://www.buybestgear.com;activ
AF0390;Comision afiliere — sandandsky.com;Afiliere;international;impact;sandandsky.com;impact;2% comision;procent din vanzare;UNKNOWN;UNKNOWN;UNKNOWN;UNKNOWN;UNKNOWN;fara continut propriu;mica (deja integrat);usoara (cont activ);UNKNOWN;standard;http://www.sandandsky.com;activ
AF0391;Comision afiliere — greekmoving.com;Afiliere;international;impact;greekmoving.com;impact;4% comision;procent din vanzare;UNKNOWN;UNKNOWN;UNKNOWN;UNKNOWN;UNKNOWN;fara continut propriu;mica (deja integrat);usoara (cont activ);UNKNOWN;standard;https://greekmoving.com;activ
AF0392;Comision afiliere — postjoyebike.com;Afiliere;international;impact;postjoyebike.com;impact;3% comision;procent din vanzare;UNKNOWN;UNKNOWN;UNKNOWN;UNKNOWN;UNKNOWN;fara continut propriu;mica (deja integrat);usoara (cont activ);UNKNOWN;standard;https://www.postjoyebike.com;activ
AF0393;Comision afiliere — eechic.com;Afiliere;international;impact;eechic.com;impact;1% comision;procent din vanzare;UNKNOWN;UNKNOWN;UNKNOWN;UNKNOWN;UNKNOWN;fara continut propriu;mica (deja integrat);usoara (cont activ);UNKNOWN;standard;http://www.eechic.com;activ
AF0394;Comision afiliere — lopesan.com;Afiliere;international;impact;lopesan.com;impact;3% comision;procent din vanzare;UNKNOWN;UNKNOWN;UNKNOWN;UNKNOWN;UNKNOWN;fara continut propriu;mica (deja integrat);usoara (cont activ);UNKNOWN;standard;http://www.lopesan.com;activ
AF0395;Comision afiliere — magichotelgroup.com;Afiliere;international;impact;magichotelgroup.com;impact;4% comision;procent din vanzare;UNKNOWN;UNKNOWN;UNKNOWN;UNKNOWN;UNKNOWN;fara continut propriu;mica (deja integrat);usoara (cont activ);UNKNOWN;standard;http://www.magichotelgroup.com/en;activ
AF0396;Comision afiliere — mfimedical.com;Afiliere;international;impact;mfimedical.com;impact;2% comision;procent din vanzare;UNKNOWN;UNKNOWN;UNKNOWN;UNKNOWN;UNKNOWN;fara continut propriu;mica (deja integrat);usoara (cont activ);UNKNOWN;standard;https://mfimedical.com;activ
AF0397;Comision afiliere — popilush.com;Afiliere;international;impact;popilush.com;impact;3% comision;procent din vanzare;UNKNOWN;UNKNOWN;UNKNOWN;UNKNOWN;UNKNOWN;fara continut propriu;mica (deja integrat);usoara (cont activ);UNKNOWN;standard;http://www.popilush.com/;activ
AF0398;Comision afiliere — jdsports.id;Afiliere;international;impact;jdsports.id;impact;4% comision;procent din vanzare;UNKNOWN;UNKNOWN;UNKNOWN;UNKNOWN;UNKNOWN;fara continut propriu;mica (deja integrat);usoara (cont activ);UNKNOWN;standard;https://jdsports.id;activ
AF0399;Comision afiliere — turtlebeach.com;Afiliere;international;impact;turtlebeach.com;impact;4% comision;procent din vanzare;UNKNOWN;UNKNOWN;UNKNOWN;UNKNOWN;UNKNOWN;fara continut propriu;mica (deja integrat);usoara (cont activ);UNKNOWN;standard;http://www.turtlebeach.com/;activ
AF0400;Comision afiliere — watches2u.com;Afiliere;international;impact;watches2u.com;impact;2% comision;procent din vanzare;UNKNOWN;UNKNOWN;UNKNOWN;UNKNOWN;UNKNOWN;fara continut propriu;mica (deja integrat);usoara (cont activ);UNKNOWN;standard;http://www.watches2u.com;activ
AF0401;Comision afiliere — esim4travel.com;Afiliere;international;impact;esim4travel.com;impact;Sale: 10%;procent din vanzare;UNKNOWN;UNKNOWN;UNKNOWN;UNKNOWN;UNKNOWN;fara continut propriu;mica (deja integrat);usoara (cont activ);UNKNOWN;standard;https://www.esim4travel.com;activ
AF0402;Comision afiliere — countryinthotel.com;Afiliere;international;impact;countryinthotel.com;impact;4% comision;procent din vanzare;UNKNOWN;UNKNOWN;UNKNOWN;UNKNOWN;UNKNOWN;fara continut propriu;mica (deja integrat);usoara (cont activ);UNKNOWN;standard;http://www.countryinthotel.com/en;activ
AF0403;Comision afiliere — esimcard.com;Afiliere;international;impact;esimcard.com;impact;4% comision;procent din vanzare;UNKNOWN;UNKNOWN;UNKNOWN;UNKNOWN;UNKNOWN;fara continut propriu;mica (deja integrat);usoara (cont activ);UNKNOWN;standard;http://esimcard.com;activ
AF0404;Comision afiliere — garzablancaresort.com;Afiliere;international;impact;garzablancaresort.com;impact;4% comision;procent din vanzare;UNKNOWN;UNKNOWN;UNKNOWN;UNKNOWN;UNKNOWN;fara continut propriu;mica (deja integrat);usoara (cont activ);UNKNOWN;standard;http://www.garzablancaresort.com/;activ
AF0405;Comision afiliere — villabalbi.it;Afiliere;international;impact;villabalbi.it;impact;4% comision;procent din vanzare;UNKNOWN;UNKNOWN;UNKNOWN;UNKNOWN;UNKNOWN;fara continut propriu;mica (deja integrat);usoara (cont activ);UNKNOWN;standard;http://www.villabalbi.it/en-GB;activ
AF0406;Comision afiliere — hotelesgdlplaza.com.mx;Afiliere;international;impact;hotelesgdlplaza.com.mx;impact;4% comision;procent din vanzare;UNKNOWN;UNKNOWN;UNKNOWN;UNKNOWN;UNKNOWN;fara continut propriu;mica (deja integrat);usoara (cont activ);UNKNOWN;standard;http://www.hotelesgdlplaza.com.mx/en;activ
AF0407;Comision afiliere — hotelandesplaza.co;Afiliere;international;impact;hotelandesplaza.co;impact;4% comision;procent din vanzare;UNKNOWN;UNKNOWN;UNKNOWN;UNKNOWN;UNKNOWN;fara continut propriu;mica (deja integrat);usoara (cont activ);UNKNOWN;standard;http://www.hotelandesplaza.co/;activ
AF0408;Comision afiliere — lasislas.com.co;Afiliere;international;impact;lasislas.com.co;impact;4% comision;procent din vanzare;UNKNOWN;UNKNOWN;UNKNOWN;UNKNOWN;UNKNOWN;fara continut propriu;mica (deja integrat);usoara (cont activ);UNKNOWN;standard;http://www.lasislas.com.co/;activ
AF0409;Comision afiliere — hotelsantafeloreto.com;Afiliere;international;impact;hotelsantafeloreto.com;impact;4% comision;procent din vanzare;UNKNOWN;UNKNOWN;UNKNOWN;UNKNOWN;UNKNOWN;fara continut propriu;mica (deja integrat);usoara (cont activ);UNKNOWN;standard;http://hotelsantafeloreto.com/;activ
AF0410;Comision afiliere — hotelvillavaradero.com;Afiliere;international;impact;hotelvillavaradero.com;impact;4% comision;procent din vanzare;UNKNOWN;UNKNOWN;UNKNOWN;UNKNOWN;UNKNOWN;fara continut propriu;mica (deja integrat);usoara (cont activ);UNKNOWN;standard;http://www.hotelvillavaradero.com/en/;activ
AF0411;Comision afiliere — monrealehotels.com;Afiliere;international;impact;monrealehotels.com;impact;4% comision;procent din vanzare;UNKNOWN;UNKNOWN;UNKNOWN;UNKNOWN;UNKNOWN;fara continut propriu;mica (deja integrat);usoara (cont activ);UNKNOWN;standard;http://www.monrealehotels.com/;activ
AF0412;Comision afiliere — en.nyxhotels.com;Afiliere;international;impact;en.nyxhotels.com;impact;4% comision;procent din vanzare;UNKNOWN;UNKNOWN;UNKNOWN;UNKNOWN;UNKNOWN;fara continut propriu;mica (deja integrat);usoara (cont activ);UNKNOWN;standard;http://en.nyxhotels.com/;activ
AF0413;Comision afiliere — oceana.com.gt;Afiliere;international;impact;oceana.com.gt;impact;4% comision;procent din vanzare;UNKNOWN;UNKNOWN;UNKNOWN;UNKNOWN;UNKNOWN;fara continut propriu;mica (deja integrat);usoara (cont activ);UNKNOWN;standard;http://oceana.com.gt/en/;activ
AF0414;Comision afiliere — pl.roborock.com;Afiliere;international;impact;pl.roborock.com;impact;4% comision;procent din vanzare;UNKNOWN;UNKNOWN;UNKNOWN;UNKNOWN;UNKNOWN;fara continut propriu;mica (deja integrat);usoara (cont activ);UNKNOWN;standard;https://pl.roborock.com;activ
AF0415;Comision afiliere — sanahotels.com;Afiliere;international;impact;sanahotels.com;impact;4% comision;procent din vanzare;UNKNOWN;UNKNOWN;UNKNOWN;UNKNOWN;UNKNOWN;fara continut propriu;mica (deja integrat);usoara (cont activ);UNKNOWN;standard;http://www.sanahotels.com/en/;activ
AF0416;Comision afiliere — vivazcataratas.com.br;Afiliere;international;impact;vivazcataratas.com.br;impact;4% comision;procent din vanzare;UNKNOWN;UNKNOWN;UNKNOWN;UNKNOWN;UNKNOWN;fara continut propriu;mica (deja integrat);usoara (cont activ);UNKNOWN;standard;http://vivazcataratas.com.br/;activ
AF0417;Comision afiliere — trybinge.tv;Afiliere;international;impact;trybinge.tv;impact;$8.00 per conversie;suma fixa;UNKNOWN;UNKNOWN;UNKNOWN;UNKNOWN;UNKNOWN;fara continut propriu;mica (deja integrat);usoara (cont activ);UNKNOWN;standard;https://www.trybinge.tv;activ
AF0418;Comision afiliere — dymocks.com.au;Afiliere;international;impact;dymocks.com.au;impact;Variabil;variabil pe categorie;UNKNOWN;UNKNOWN;UNKNOWN;UNKNOWN;UNKNOWN;fara continut propriu;mica (deja integrat);usoara (cont activ);UNKNOWN;standard;http://dymocks.com.au;activ
AF0419;Comision afiliere — thebestprop.com;Afiliere;international;impact;thebestprop.com;impact;$0.00 per conversie;suma fixa;UNKNOWN;UNKNOWN;UNKNOWN;UNKNOWN;UNKNOWN;fara continut propriu;mica (deja integrat);usoara (cont activ);UNKNOWN;standard;https://thebestprop.com;activ
AF0420;Comision afiliere — networksolutions.com;Afiliere;international;impact;networksolutions.com;impact;$3.00 per conversie;suma fixa;UNKNOWN;UNKNOWN;UNKNOWN;UNKNOWN;UNKNOWN;fara continut propriu;mica (deja integrat);usoara (cont activ);UNKNOWN;standard;https://www.networksolutions.com;activ
AF0421;Comision afiliere — youparcel.com;Afiliere;international;impact;youparcel.com;impact;$5.00 per conversie;suma fixa;UNKNOWN;UNKNOWN;UNKNOWN;UNKNOWN;UNKNOWN;fara continut propriu;mica (deja integrat);usoara (cont activ);UNKNOWN;standard;http://youparcel.com;activ
AF0422;Comision afiliere — technitya.com;Afiliere;international;impact;technitya.com;impact;Variabil;variabil pe categorie;UNKNOWN;UNKNOWN;UNKNOWN;UNKNOWN;UNKNOWN;fara continut propriu;medie (lipseste linkul);usoara (cont activ);UNKNOWN;standard;https://technitya.com;FARA LINK AFILIAT
AF0423;Comision afiliere — arkmc.com;Afiliere;international;impact;arkmc.com;impact;Variabil;variabil pe categorie;UNKNOWN;UNKNOWN;UNKNOWN;UNKNOWN;UNKNOWN;fara continut propriu;mica (deja integrat);usoara (cont activ);UNKNOWN;standard;http://arkmc.com/mac-osx-media-streaming-server-upnp-dlna/;activ
AF0424;Comision afiliere — printrendy.com;Afiliere;international;impact;printrendy.com;impact;Variabil;variabil pe categorie;UNKNOWN;UNKNOWN;UNKNOWN;UNKNOWN;UNKNOWN;fara continut propriu;mica (deja integrat);usoara (cont activ);UNKNOWN;standard;https://printrendy.com;activ
AF0425;Comision afiliere — sunglasses2u.com;Afiliere;international;impact;sunglasses2u.com;impact;Variabil;variabil pe categorie;UNKNOWN;UNKNOWN;UNKNOWN;UNKNOWN;UNKNOWN;fara continut propriu;mica (deja integrat);usoara (cont activ);UNKNOWN;standard;http://www.sunglasses2u.com;activ
AF0426;Comision afiliere — chriselli.com;Afiliere;international;impact;chriselli.com;impact;Variabil;variabil pe categorie;UNKNOWN;UNKNOWN;UNKNOWN;UNKNOWN;UNKNOWN;fara continut propriu;mica (deja integrat);usoara (cont activ);UNKNOWN;standard;http://www.chriselli.com;activ
AF0427;Comision afiliere — tofflondon.com;Afiliere;international;impact;tofflondon.com;impact;Variabil;variabil pe categorie;UNKNOWN;UNKNOWN;UNKNOWN;UNKNOWN;UNKNOWN;fara continut propriu;medie (lipseste linkul);usoara (cont activ);UNKNOWN;standard;http://tofflondon.com/;FARA LINK AFILIAT
AF0428;Comision afiliere — 365financialanalyst.com;Afiliere;international;impact;365financialanalyst.com;impact;Variabil;variabil pe categorie;UNKNOWN;UNKNOWN;UNKNOWN;UNKNOWN;UNKNOWN;fara continut propriu;mica (deja integrat);usoara (cont activ);UNKNOWN;standard;https://365financialanalyst.com/;activ
AF0429;Comision afiliere — winzip.com;Afiliere;international;impact;winzip.com;impact;Variabil;variabil pe categorie;UNKNOWN;UNKNOWN;UNKNOWN;UNKNOWN;UNKNOWN;fara continut propriu;mica (deja integrat);usoara (cont activ);UNKNOWN;standard;https://www.winzip.com/en/mac/;activ
AF0430;Comision afiliere — corel.com;Afiliere;international;impact;corel.com;impact;Variabil;variabil pe categorie;UNKNOWN;UNKNOWN;UNKNOWN;UNKNOWN;UNKNOWN;fara continut propriu;mica (deja integrat);usoara (cont activ);UNKNOWN;standard;http://corel.com;activ
AF0431;Comision afiliere — wordperfect.com;Afiliere;international;impact;wordperfect.com;impact;Variabil;variabil pe categorie;UNKNOWN;UNKNOWN;UNKNOWN;UNKNOWN;UNKNOWN;fara continut propriu;mica (deja integrat);usoara (cont activ);UNKNOWN;standard;http://www.wordperfect.com/;activ
AF0432;Comision afiliere — ursime.com;Afiliere;international;impact;ursime.com;impact;Variabil;variabil pe categorie;UNKNOWN;UNKNOWN;UNKNOWN;UNKNOWN;UNKNOWN;fara continut propriu;mica (deja integrat);usoara (cont activ);UNKNOWN;standard;http://ursime.com/;activ
AF0433;Comision afiliere — hardaddy.com;Afiliere;international;impact;hardaddy.com;impact;Variabil;variabil pe categorie;UNKNOWN;UNKNOWN;UNKNOWN;UNKNOWN;UNKNOWN;fara continut propriu;mica (deja integrat);usoara (cont activ);UNKNOWN;standard;http://hardaddy.com;activ
AF0434;Comision afiliere — kollyy.com;Afiliere;international;impact;kollyy.com;impact;Variabil;variabil pe categorie;UNKNOWN;UNKNOWN;UNKNOWN;UNKNOWN;UNKNOWN;fara continut propriu;mica (deja integrat);usoara (cont activ);UNKNOWN;standard;https://www.kollyy.com;activ
AF0435;Comision afiliere — dochub.com;Afiliere;international;impact;dochub.com;impact;Variabil;variabil pe categorie;UNKNOWN;UNKNOWN;UNKNOWN;UNKNOWN;UNKNOWN;fara continut propriu;mica (deja integrat);usoara (cont activ);UNKNOWN;standard;https://dochub.com;activ
AF0436;Comision afiliere — jewelhalo.com;Afiliere;international;impact;jewelhalo.com;impact;Variabil;variabil pe categorie;UNKNOWN;UNKNOWN;UNKNOWN;UNKNOWN;UNKNOWN;fara continut propriu;mica (deja integrat);usoara (cont activ);UNKNOWN;standard;http://www.jewelhalo.com;activ
AF0437;Comision afiliere — modlily.com;Afiliere;international;impact;modlily.com;impact;Variabil;variabil pe categorie;UNKNOWN;UNKNOWN;UNKNOWN;UNKNOWN;UNKNOWN;fara continut propriu;mica (deja integrat);usoara (cont activ);UNKNOWN;standard;https://www.modlily.com;activ
AF0438;Comision afiliere — lumibricks.com;Afiliere;international;impact;lumibricks.com;impact;Variabil;variabil pe categorie;UNKNOWN;UNKNOWN;UNKNOWN;UNKNOWN;UNKNOWN;fara continut propriu;mica (deja integrat);usoara (cont activ);UNKNOWN;standard;https://www.lumibricks.com;activ
AF0439;Comision afiliere — lightailing.com;Afiliere;international;impact;lightailing.com;impact;Variabil;variabil pe categorie;UNKNOWN;UNKNOWN;UNKNOWN;UNKNOWN;UNKNOWN;fara continut propriu;medie (lipseste linkul);usoara (cont activ);UNKNOWN;standard;https://www.lightailing.com/;FARA LINK AFILIAT
AF0440;Comision afiliere — ship7.com;Afiliere;international;impact;ship7.com;impact;Variabil;variabil pe categorie;UNKNOWN;UNKNOWN;UNKNOWN;UNKNOWN;UNKNOWN;fara continut propriu;medie (lipseste linkul);usoara (cont activ);UNKNOWN;standard;https://ship7.com;FARA LINK AFILIAT
AF0441;Comision afiliere — puzzleready.com;Afiliere;international;impact;puzzleready.com;impact;Variabil;variabil pe categorie;UNKNOWN;UNKNOWN;UNKNOWN;UNKNOWN;UNKNOWN;fara continut propriu;mica (deja integrat);usoara (cont activ);UNKNOWN;standard;https://puzzleready.com/;activ
AF0442;Comision afiliere — happy-sinks.com;Afiliere;international;impact;happy-sinks.com;impact;Variabil;variabil pe categorie;UNKNOWN;UNKNOWN;UNKNOWN;UNKNOWN;UNKNOWN;fara continut propriu;mica (deja integrat);usoara (cont activ);UNKNOWN;standard;https://happy-sinks.com/;activ
AF0443;Comision afiliere — indotrickscooter.com;Afiliere;international;impact;indotrickscooter.com;impact;Variabil;variabil pe categorie;UNKNOWN;UNKNOWN;UNKNOWN;UNKNOWN;UNKNOWN;fara continut propriu;mica (deja integrat);usoara (cont activ);UNKNOWN;standard;https://indotrickscooter.com/;activ
AF0444;Comision afiliere — coachsoak.com;Afiliere;international;impact;coachsoak.com;impact;Variabil;variabil pe categorie;UNKNOWN;UNKNOWN;UNKNOWN;UNKNOWN;UNKNOWN;fara continut propriu;mica (deja integrat);usoara (cont activ);UNKNOWN;standard;https://coachsoak.com/;activ
AF0445;Comision afiliere — bodyotics.com;Afiliere;international;impact;bodyotics.com;impact;Variabil;variabil pe categorie;UNKNOWN;UNKNOWN;UNKNOWN;UNKNOWN;UNKNOWN;fara continut propriu;mica (deja integrat);usoara (cont activ);UNKNOWN;standard;https://www.bodyotics.com;activ
AF0446;Comision afiliere — fofana.co;Afiliere;international;impact;fofana.co;impact;Variabil;variabil pe categorie;UNKNOWN;UNKNOWN;UNKNOWN;UNKNOWN;UNKNOWN;fara continut propriu;mica (deja integrat);usoara (cont activ);UNKNOWN;standard;https://www.fofana.co/;activ
AF0447;Comision afiliere — penchantforpleasure.com;Afiliere;international;impact;penchantforpleasure.com;impact;Variabil;variabil pe categorie;UNKNOWN;UNKNOWN;UNKNOWN;UNKNOWN;UNKNOWN;fara continut propriu;mica (deja integrat);usoara (cont activ);UNKNOWN;standard;https://penchantforpleasure.com/;activ
AF0448;Comision afiliere — bigbatbox.com;Afiliere;international;impact;bigbatbox.com;impact;Variabil;variabil pe categorie;UNKNOWN;UNKNOWN;UNKNOWN;UNKNOWN;UNKNOWN;fara continut propriu;mica (deja integrat);usoara (cont activ);UNKNOWN;standard;https://www.bigbatbox.com/;activ
AF0449;Comision afiliere — vikingbeardgear.com;Afiliere;international;impact;vikingbeardgear.com;impact;Variabil;variabil pe categorie;UNKNOWN;UNKNOWN;UNKNOWN;UNKNOWN;UNKNOWN;fara continut propriu;mica (deja integrat);usoara (cont activ);UNKNOWN;standard;https://vikingbeardgear.com/;activ
AF0450;Comision afiliere — ontaki.com;Afiliere;international;impact;ontaki.com;impact;Variabil;variabil pe categorie;UNKNOWN;UNKNOWN;UNKNOWN;UNKNOWN;UNKNOWN;fara continut propriu;mica (deja integrat);usoara (cont activ);UNKNOWN;standard;https://ontaki.com/;activ
AF0451;Comision afiliere — babydeepsleep.com;Afiliere;international;impact;babydeepsleep.com;impact;Variabil;variabil pe categorie;UNKNOWN;UNKNOWN;UNKNOWN;UNKNOWN;UNKNOWN;fara continut propriu;mica (deja integrat);usoara (cont activ);UNKNOWN;standard;https://babydeepsleep.com/;activ
AF0452;Comision afiliere — gafly-therapeutics.com;Afiliere;international;impact;gafly-therapeutics.com;impact;Variabil;variabil pe categorie;UNKNOWN;UNKNOWN;UNKNOWN;UNKNOWN;UNKNOWN;fara continut propriu;mica (deja integrat);usoara (cont activ);UNKNOWN;standard;https://gafly-therapeutics.com/;activ
AF0453;Comision afiliere — opengoaaal.com;Afiliere;international;impact;opengoaaal.com;impact;Variabil;variabil pe categorie;UNKNOWN;UNKNOWN;UNKNOWN;UNKNOWN;UNKNOWN;fara continut propriu;mica (deja integrat);usoara (cont activ);UNKNOWN;standard;https://opengoaaal.com;activ
AF0454;Comision afiliere — angles90.com;Afiliere;international;impact;angles90.com;impact;Variabil;variabil pe categorie;UNKNOWN;UNKNOWN;UNKNOWN;UNKNOWN;UNKNOWN;fara continut propriu;mica (deja integrat);usoara (cont activ);UNKNOWN;standard;https://angles90.com/;activ
AF0455;Comision afiliere — luxsports.co;Afiliere;international;impact;luxsports.co;impact;Variabil;variabil pe categorie;UNKNOWN;UNKNOWN;UNKNOWN;UNKNOWN;UNKNOWN;fara continut propriu;mica (deja integrat);usoara (cont activ);UNKNOWN;standard;https://luxsports.co/;activ
AF0456;Comision afiliere — charlemagne-premium.com;Afiliere;international;impact;charlemagne-premium.com;impact;Variabil;variabil pe categorie;UNKNOWN;UNKNOWN;UNKNOWN;UNKNOWN;UNKNOWN;fara continut propriu;mica (deja integrat);usoara (cont activ);UNKNOWN;standard;http://charlemagne-premium.com/;activ
AF0457;Comision afiliere — babysunnies.com;Afiliere;international;impact;babysunnies.com;impact;Variabil;variabil pe categorie;UNKNOWN;UNKNOWN;UNKNOWN;UNKNOWN;UNKNOWN;fara continut propriu;medie (lipseste linkul);usoara (cont activ);UNKNOWN;standard;http://babysunnies.com/;FARA LINK AFILIAT
AF0458;Comision afiliere — malaysiaairlines.com;Afiliere;international;impact;malaysiaairlines.com;impact;Variabil;variabil pe categorie;UNKNOWN;UNKNOWN;UNKNOWN;UNKNOWN;UNKNOWN;fara continut propriu;mica (deja integrat);usoara (cont activ);UNKNOWN;standard;https://www.malaysiaairlines.com;activ
AF0459;Comision afiliere — oyrosy.com;Afiliere;international;impact;oyrosy.com;impact;Variabil;variabil pe categorie;UNKNOWN;UNKNOWN;UNKNOWN;UNKNOWN;UNKNOWN;fara continut propriu;mica (deja integrat);usoara (cont activ);UNKNOWN;standard;https://oyrosy.com/;activ
AF0460;Comision afiliere — teachersgram.com;Afiliere;international;impact;teachersgram.com;impact;Variabil;variabil pe categorie;UNKNOWN;UNKNOWN;UNKNOWN;UNKNOWN;UNKNOWN;fara continut propriu;mica (deja integrat);usoara (cont activ);UNKNOWN;standard;http://www.teachersgram.com;activ
AF0461;Comision afiliere — parisrhone.com;Afiliere;international;impact;parisrhone.com;impact;Variabil;variabil pe categorie;UNKNOWN;UNKNOWN;UNKNOWN;UNKNOWN;UNKNOWN;fara continut propriu;mica (deja integrat);usoara (cont activ);UNKNOWN;standard;http://parisrhone.com;activ
AF0462;Comision afiliere — aspiron.co;Afiliere;international;impact;aspiron.co;impact;Variabil;variabil pe categorie;UNKNOWN;UNKNOWN;UNKNOWN;UNKNOWN;UNKNOWN;fara continut propriu;mica (deja integrat);usoara (cont activ);UNKNOWN;standard;http://www.aspiron.co;activ
AF0463;Comision afiliere — de.fossibot.com;Afiliere;international;impact;de.fossibot.com;impact;Variabil;variabil pe categorie;UNKNOWN;UNKNOWN;UNKNOWN;UNKNOWN;UNKNOWN;fara continut propriu;mica (deja integrat);usoara (cont activ);UNKNOWN;standard;https://de.fossibot.com;activ
AF0464;Comision afiliere — enerjoy.life;Afiliere;international;impact;enerjoy.life;impact;Variabil;variabil pe categorie;UNKNOWN;UNKNOWN;UNKNOWN;UNKNOWN;UNKNOWN;fara continut propriu;mica (deja integrat);usoara (cont activ);UNKNOWN;standard;https://enerjoy.life/;activ
AF0465;Comision afiliere — shuteye.ai;Afiliere;international;impact;shuteye.ai;impact;Variabil;variabil pe categorie;UNKNOWN;UNKNOWN;UNKNOWN;UNKNOWN;UNKNOWN;fara continut propriu;mica (deja integrat);usoara (cont activ);UNKNOWN;standard;https://shuteye.ai/;activ
AF0466;Comision afiliere — affiliate.nexters.com;Afiliere;international;impact;affiliate.nexters.com;impact;Variabil;variabil pe categorie;UNKNOWN;UNKNOWN;UNKNOWN;UNKNOWN;UNKNOWN;fara continut propriu;mica (deja integrat);usoara (cont activ);UNKNOWN;standard;https://affiliate.nexters.com/en/;activ
AF0467;Comision afiliere — engwe.com;Afiliere;international;impact;engwe.com;impact;Variabil;variabil pe categorie;UNKNOWN;UNKNOWN;UNKNOWN;UNKNOWN;UNKNOWN;fara continut propriu;mica (deja integrat);usoara (cont activ);UNKNOWN;standard;https://engwe.com;activ
AF0468;Comision afiliere — 12go.asia;Afiliere;international;impact;12go.asia;impact;Variabil;variabil pe categorie;UNKNOWN;UNKNOWN;UNKNOWN;UNKNOWN;UNKNOWN;fara continut propriu;mica (deja integrat);usoara (cont activ);UNKNOWN;standard;https://12go.asia/en;activ
AF0469;Comision afiliere — eu.alpinestars.com;Afiliere;international;impact;eu.alpinestars.com;impact;Variabil;variabil pe categorie;UNKNOWN;UNKNOWN;UNKNOWN;UNKNOWN;UNKNOWN;fara continut propriu;mica (deja integrat);usoara (cont activ);UNKNOWN;standard;https://eu.alpinestars.com/;activ
AF0470;Comision afiliere — calecimprofessional.com;Afiliere;international;impact;calecimprofessional.com;impact;Variabil;variabil pe categorie;UNKNOWN;UNKNOWN;UNKNOWN;UNKNOWN;UNKNOWN;fara continut propriu;medie (lipseste linkul);usoara (cont activ);UNKNOWN;standard;https://calecimprofessional.com/;FARA LINK AFILIAT
AF0471;Comision afiliere — coolify.torraslife.com;Afiliere;international;impact;coolify.torraslife.com;impact;Variabil;variabil pe categorie;UNKNOWN;UNKNOWN;UNKNOWN;UNKNOWN;UNKNOWN;fara continut propriu;mica (deja integrat);usoara (cont activ);UNKNOWN;standard;https://coolify.torraslife.com/;activ
AF0472;Comision afiliere — zunsport.com;Afiliere;international;impact;zunsport.com;impact;Variabil;variabil pe categorie;UNKNOWN;UNKNOWN;UNKNOWN;UNKNOWN;UNKNOWN;fara continut propriu;mica (deja integrat);usoara (cont activ);UNKNOWN;standard;https://www.zunsport.com;activ
AF0473;Comision afiliere — lightsaber.com;Afiliere;international;impact;lightsaber.com;impact;Variabil;variabil pe categorie;UNKNOWN;UNKNOWN;UNKNOWN;UNKNOWN;UNKNOWN;fara continut propriu;medie (lipseste linkul);usoara (cont activ);UNKNOWN;standard;https://lightsaber.com/;FARA LINK AFILIAT
AF0474;Comision afiliere — pard.com;Afiliere;international;impact;pard.com;impact;Variabil;variabil pe categorie;UNKNOWN;UNKNOWN;UNKNOWN;UNKNOWN;UNKNOWN;fara continut propriu;mica (deja integrat);usoara (cont activ);UNKNOWN;standard;https://pard.com;activ
AF0475;Comision afiliere — de.anthbot.com;Afiliere;international;impact;de.anthbot.com;impact;Variabil;variabil pe categorie;UNKNOWN;UNKNOWN;UNKNOWN;UNKNOWN;UNKNOWN;fara continut propriu;mica (deja integrat);usoara (cont activ);UNKNOWN;standard;https://de.anthbot.com;activ
AF0476;Comision afiliere — gitmind.com;Afiliere;international;impact;gitmind.com;impact;Variabil;variabil pe categorie;UNKNOWN;UNKNOWN;UNKNOWN;UNKNOWN;UNKNOWN;fara continut propriu;medie (lipseste linkul);usoara (cont activ);UNKNOWN;standard;https://gitmind.com/;FARA LINK AFILIAT
AF0477;Comision afiliere — promeai.pro;Afiliere;international;impact;promeai.pro;impact;Variabil;variabil pe categorie;UNKNOWN;UNKNOWN;UNKNOWN;UNKNOWN;UNKNOWN;fara continut propriu;mica (deja integrat);usoara (cont activ);UNKNOWN;standard;https://www.promeai.pro;activ
AF0478;Comision afiliere — ideal.house;Afiliere;international;impact;ideal.house;impact;Variabil;variabil pe categorie;UNKNOWN;UNKNOWN;UNKNOWN;UNKNOWN;UNKNOWN;fara continut propriu;medie (lipseste linkul);usoara (cont activ);UNKNOWN;standard;https://ideal.house;FARA LINK AFILIAT
AF0479;Comision afiliere — kamatera.com;Afiliere;international;impact;kamatera.com;impact;Variabil;variabil pe categorie;UNKNOWN;UNKNOWN;UNKNOWN;UNKNOWN;UNKNOWN;fara continut propriu;mica (deja integrat);usoara (cont activ);UNKNOWN;standard;https://www.kamatera.com;activ
AF0480;Comision afiliere — tangem.com;Afiliere;international;impact;tangem.com;impact;Variabil;variabil pe categorie;UNKNOWN;UNKNOWN;UNKNOWN;UNKNOWN;UNKNOWN;fara continut propriu;mica (deja integrat);usoara (cont activ);UNKNOWN;standard;https://tangem.com;activ
AF0481;Comision afiliere — sportneer.com;Afiliere;international;impact;sportneer.com;impact;Variabil;variabil pe categorie;UNKNOWN;UNKNOWN;UNKNOWN;UNKNOWN;UNKNOWN;fara continut propriu;mica (deja integrat);usoara (cont activ);UNKNOWN;standard;https://www.sportneer.com;activ
AF0482;Comision afiliere — sheets.popai.pro;Afiliere;international;impact;sheets.popai.pro;impact;Variabil;variabil pe categorie;UNKNOWN;UNKNOWN;UNKNOWN;UNKNOWN;UNKNOWN;fara continut propriu;mica (deja integrat);usoara (cont activ);UNKNOWN;standard;https://sheets.popai.pro;activ
AF0483;Comision afiliere — hears.com;Afiliere;international;impact;hears.com;impact;Variabil;variabil pe categorie;UNKNOWN;UNKNOWN;UNKNOWN;UNKNOWN;UNKNOWN;fara continut propriu;mica (deja integrat);usoara (cont activ);UNKNOWN;standard;https://hears.com;activ
AF0484;Comision afiliere — coworkshop.com;Afiliere;international;impact;coworkshop.com;impact;Variabil;variabil pe categorie;UNKNOWN;UNKNOWN;UNKNOWN;UNKNOWN;UNKNOWN;fara continut propriu;mica (deja integrat);usoara (cont activ);UNKNOWN;standard;https://coworkshop.com;activ
AF0485;Comision afiliere — wooeyeshop.com;Afiliere;international;impact;wooeyeshop.com;impact;Variabil;variabil pe categorie;UNKNOWN;UNKNOWN;UNKNOWN;UNKNOWN;UNKNOWN;fara continut propriu;mica (deja integrat);usoara (cont activ);UNKNOWN;standard;https://wooeyeshop.com;activ
AF0486;Comision afiliere — artlist.io;Afiliere;international;impact;artlist.io;impact;Variabil;variabil pe categorie;UNKNOWN;UNKNOWN;UNKNOWN;UNKNOWN;UNKNOWN;fara continut propriu;mica (deja integrat);usoara (cont activ);UNKNOWN;standard;https://artlist.io;activ
AF0487;Comision afiliere — lrmgoods.co.uk;Afiliere;international;impact;lrmgoods.co.uk;impact;Variabil;variabil pe categorie;UNKNOWN;UNKNOWN;UNKNOWN;UNKNOWN;UNKNOWN;fara continut propriu;medie (lipseste linkul);usoara (cont activ);UNKNOWN;standard;https://www.lrmgoods.co.uk;FARA LINK AFILIAT
AF0488;Comision afiliere — buddhastoneshop.com;Afiliere;international;impact;buddhastoneshop.com;impact;Variabil;variabil pe categorie;UNKNOWN;UNKNOWN;UNKNOWN;UNKNOWN;UNKNOWN;fara continut propriu;mica (deja integrat);usoara (cont activ);UNKNOWN;standard;https://buddhastoneshop.com/;activ
AF0489;Comision afiliere — icevpn.com;Afiliere;international;impact;icevpn.com;impact;Variabil;variabil pe categorie;UNKNOWN;UNKNOWN;UNKNOWN;UNKNOWN;UNKNOWN;fara continut propriu;medie (lipseste linkul);usoara (cont activ);UNKNOWN;standard;https://icevpn.com;FARA LINK AFILIAT
AF0490;Comision afiliere — mypal.pro;Afiliere;international;impact;mypal.pro;impact;Variabil;variabil pe categorie;UNKNOWN;UNKNOWN;UNKNOWN;UNKNOWN;UNKNOWN;fara continut propriu;mica (deja integrat);usoara (cont activ);UNKNOWN;standard;https://www.mypal.pro;activ
AF0491;Comision afiliere — flextail.com;Afiliere;international;impact;flextail.com;impact;Variabil;variabil pe categorie;UNKNOWN;UNKNOWN;UNKNOWN;UNKNOWN;UNKNOWN;fara continut propriu;mica (deja integrat);usoara (cont activ);UNKNOWN;standard;https://www.flextail.com/;activ
AF0492;Comision afiliere — kisslovehair.com;Afiliere;international;impact;kisslovehair.com;impact;Variabil;variabil pe categorie;UNKNOWN;UNKNOWN;UNKNOWN;UNKNOWN;UNKNOWN;fara continut propriu;mica (deja integrat);usoara (cont activ);UNKNOWN;standard;https://www.kisslovehair.com;activ
AF0493;Comision afiliere — rockbrosbike.us;Afiliere;international;impact;rockbrosbike.us;impact;Variabil;variabil pe categorie;UNKNOWN;UNKNOWN;UNKNOWN;UNKNOWN;UNKNOWN;fara continut propriu;medie (lipseste linkul);usoara (cont activ);UNKNOWN;standard;https://rockbrosbike.us;FARA LINK AFILIAT
AF0494;Comision afiliere — dollarcars4rent.com;Afiliere;international;impact;dollarcars4rent.com;impact;Variabil;variabil pe categorie;UNKNOWN;UNKNOWN;UNKNOWN;UNKNOWN;UNKNOWN;fara continut propriu;mica (deja integrat);usoara (cont activ);UNKNOWN;standard;https://www.dollarcars4rent.com/;activ
AF0495;Comision afiliere — thriftycars4rent.com;Afiliere;international;impact;thriftycars4rent.com;impact;Variabil;variabil pe categorie;UNKNOWN;UNKNOWN;UNKNOWN;UNKNOWN;UNKNOWN;fara continut propriu;mica (deja integrat);usoara (cont activ);UNKNOWN;standard;https://www.thriftycars4rent.com;activ
AF0496;Comision afiliere — hyper3d.ai;Afiliere;international;impact;hyper3d.ai;impact;Variabil;variabil pe categorie;UNKNOWN;UNKNOWN;UNKNOWN;UNKNOWN;UNKNOWN;fara continut propriu;mica (deja integrat);usoara (cont activ);UNKNOWN;standard;https://hyper3d.ai;activ
AF0497;Comision afiliere — hardlyeverwornit.com;Afiliere;international;impact;hardlyeverwornit.com;impact;Variabil;variabil pe categorie;UNKNOWN;UNKNOWN;UNKNOWN;UNKNOWN;UNKNOWN;fara continut propriu;mica (deja integrat);usoara (cont activ);UNKNOWN;standard;https://hardlyeverwornit.com/;activ
AF0498;Comision afiliere — yousky.com;Afiliere;international;impact;yousky.com;impact;Variabil;variabil pe categorie;UNKNOWN;UNKNOWN;UNKNOWN;UNKNOWN;UNKNOWN;fara continut propriu;mica (deja integrat);usoara (cont activ);UNKNOWN;standard;https://yousky.com;activ
AF0499;Comision afiliere — tisscare.com;Afiliere;international;impact;tisscare.com;impact;Variabil;variabil pe categorie;UNKNOWN;UNKNOWN;UNKNOWN;UNKNOWN;UNKNOWN;fara continut propriu;medie (lipseste linkul);usoara (cont activ);UNKNOWN;standard;https://tisscare.com;FARA LINK AFILIAT
AF0500;Comision afiliere — de.store.tapo.com;Afiliere;international;impact;de.store.tapo.com;impact;Variabil;variabil pe categorie;UNKNOWN;UNKNOWN;UNKNOWN;UNKNOWN;UNKNOWN;fara continut propriu;mica (deja integrat);usoara (cont activ);UNKNOWN;standard;https://de.store.tapo.com;activ
AF0501;Comision afiliere — byfood.com;Afiliere;international;impact;byfood.com;impact;Variabil;variabil pe categorie;UNKNOWN;UNKNOWN;UNKNOWN;UNKNOWN;UNKNOWN;fara continut propriu;mica (deja integrat);usoara (cont activ);UNKNOWN;standard;https://www.byfood.com;activ
AF0502;Comision afiliere — smartwingshome.com;Afiliere;international;impact;smartwingshome.com;impact;Variabil;variabil pe categorie;UNKNOWN;UNKNOWN;UNKNOWN;UNKNOWN;UNKNOWN;fara continut propriu;mica (deja integrat);usoara (cont activ);UNKNOWN;standard;https://www.smartwingshome.com/;activ
AF0503;Comision afiliere — flashforge.com;Afiliere;international;impact;flashforge.com;impact;Variabil;variabil pe categorie;UNKNOWN;UNKNOWN;UNKNOWN;UNKNOWN;UNKNOWN;fara continut propriu;mica (deja integrat);usoara (cont activ);UNKNOWN;standard;https://www.flashforge.com/;activ
AF0504;Comision afiliere — internationalopenacademy.com;Afiliere;international;impact;internationalopenacademy.com;impact;Variabil;variabil pe categorie;UNKNOWN;UNKNOWN;UNKNOWN;UNKNOWN;UNKNOWN;fara continut propriu;mica (deja integrat);usoara (cont activ);UNKNOWN;standard;http://internationalopenacademy.com;activ
AF0505;Comision afiliere — aqua-mail.com;Afiliere;international;impact;aqua-mail.com;impact;Variabil;variabil pe categorie;UNKNOWN;UNKNOWN;UNKNOWN;UNKNOWN;UNKNOWN;fara continut propriu;mica (deja integrat);usoara (cont activ);UNKNOWN;standard;https://www.aqua-mail.com/;activ
AF0506;Comision afiliere — travala.com;Afiliere;international;impact;travala.com;impact;Variabil;variabil pe categorie;UNKNOWN;UNKNOWN;UNKNOWN;UNKNOWN;UNKNOWN;fara continut propriu;mica (deja integrat);usoara (cont activ);UNKNOWN;standard;https://www.travala.com;activ
AF0507;Comision afiliere — healerlabs.co.uk;Afiliere;international;impact;healerlabs.co.uk;impact;Variabil;variabil pe categorie;UNKNOWN;UNKNOWN;UNKNOWN;UNKNOWN;UNKNOWN;fara continut propriu;mica (deja integrat);usoara (cont activ);UNKNOWN;standard;https://www.healerlabs.co.uk/;activ
AF0508;Comision afiliere — bosgame.com;Afiliere;international;impact;bosgame.com;impact;Variabil;variabil pe categorie;UNKNOWN;UNKNOWN;UNKNOWN;UNKNOWN;UNKNOWN;fara continut propriu;mica (deja integrat);usoara (cont activ);UNKNOWN;standard;https://www.bosgame.com/;activ
AF0509;Comision afiliere — callsunsolar.com;Afiliere;international;impact;callsunsolar.com;impact;Variabil;variabil pe categorie;UNKNOWN;UNKNOWN;UNKNOWN;UNKNOWN;UNKNOWN;fara continut propriu;mica (deja integrat);usoara (cont activ);UNKNOWN;standard;https://callsunsolar.com/;activ
AF0510;Comision afiliere — sumup.com;Afiliere;international;impact;sumup.com;impact;Variabil;variabil pe categorie;UNKNOWN;UNKNOWN;UNKNOWN;UNKNOWN;UNKNOWN;fara continut propriu;mica (deja integrat);usoara (cont activ);UNKNOWN;standard;https://www.sumup.com/en-gb;activ
AF0511;Comision afiliere — wecreat.com;Afiliere;international;impact;wecreat.com;impact;Variabil;variabil pe categorie;UNKNOWN;UNKNOWN;UNKNOWN;UNKNOWN;UNKNOWN;fara continut propriu;mica (deja integrat);usoara (cont activ);UNKNOWN;standard;https://wecreat.com/;activ
AF0512;Comision afiliere — imagine.art;Afiliere;international;impact;imagine.art;impact;Variabil;variabil pe categorie;UNKNOWN;UNKNOWN;UNKNOWN;UNKNOWN;UNKNOWN;fara continut propriu;mica (deja integrat);usoara (cont activ);UNKNOWN;standard;https://imagine.art;activ
AF0513;Comision afiliere — surveysparrow.com;Afiliere;international;impact;surveysparrow.com;impact;Variabil;variabil pe categorie;UNKNOWN;UNKNOWN;UNKNOWN;UNKNOWN;UNKNOWN;fara continut propriu;mica (deja integrat);usoara (cont activ);UNKNOWN;standard;https://surveysparrow.com;activ
AF0514;Comision afiliere — cosyisland.co;Afiliere;international;impact;cosyisland.co;impact;Variabil;variabil pe categorie;UNKNOWN;UNKNOWN;UNKNOWN;UNKNOWN;UNKNOWN;fara continut propriu;mica (deja integrat);usoara (cont activ);UNKNOWN;standard;https://www.cosyisland.co;activ
AF0515;Comision afiliere — museumofthefuture.ae;Afiliere;international;impact;museumofthefuture.ae;impact;Variabil;variabil pe categorie;UNKNOWN;UNKNOWN;UNKNOWN;UNKNOWN;UNKNOWN;fara continut propriu;mica (deja integrat);usoara (cont activ);UNKNOWN;standard;http://museumofthefuture.ae/en;activ
AF0516;Comision afiliere — arbaglobal.store;Afiliere;international;impact;arbaglobal.store;impact;Variabil;variabil pe categorie;UNKNOWN;UNKNOWN;UNKNOWN;UNKNOWN;UNKNOWN;fara continut propriu;mica (deja integrat);usoara (cont activ);UNKNOWN;standard;https://www.arbaglobal.store;activ
AF0517;Comision afiliere — yohomobile.com;Afiliere;international;impact;yohomobile.com;impact;Variabil;variabil pe categorie;UNKNOWN;UNKNOWN;UNKNOWN;UNKNOWN;UNKNOWN;fara continut propriu;mica (deja integrat);usoara (cont activ);UNKNOWN;standard;https://yohomobile.com/;activ
AF0518;Comision afiliere — tribit.com;Afiliere;international;impact;tribit.com;impact;Variabil;variabil pe categorie;UNKNOWN;UNKNOWN;UNKNOWN;UNKNOWN;UNKNOWN;fara continut propriu;mica (deja integrat);usoara (cont activ);UNKNOWN;standard;https://tribit.com;activ
AF0519;Comision afiliere — kospet.com;Afiliere;international;impact;kospet.com;impact;Variabil;variabil pe categorie;UNKNOWN;UNKNOWN;UNKNOWN;UNKNOWN;UNKNOWN;fara continut propriu;mica (deja integrat);usoara (cont activ);UNKNOWN;standard;https://kospet.com;activ
AF0520;Comision afiliere — holiday.com;Afiliere;international;impact;holiday.com;impact;Variabil;variabil pe categorie;UNKNOWN;UNKNOWN;UNKNOWN;UNKNOWN;UNKNOWN;fara continut propriu;mica (deja integrat);usoara (cont activ);UNKNOWN;standard;https://www.holiday.com;activ
AF0521;Comision afiliere — pandaremit.com;Afiliere;international;impact;pandaremit.com;impact;Variabil;variabil pe categorie;UNKNOWN;UNKNOWN;UNKNOWN;UNKNOWN;UNKNOWN;fara continut propriu;mica (deja integrat);usoara (cont activ);UNKNOWN;standard;http://www.pandaremit.com;activ
AF0522;Comision afiliere — fontlab.com;Afiliere;international;impact;fontlab.com;impact;Variabil;variabil pe categorie;UNKNOWN;UNKNOWN;UNKNOWN;UNKNOWN;UNKNOWN;fara continut propriu;mica (deja integrat);usoara (cont activ);UNKNOWN;standard;https://www.fontlab.com;activ
AF0523;Comision afiliere — site123.com;Afiliere;international;impact;site123.com;impact;Variabil;variabil pe categorie;UNKNOWN;UNKNOWN;UNKNOWN;UNKNOWN;UNKNOWN;fara continut propriu;mica (deja integrat);usoara (cont activ);UNKNOWN;standard;https://www.site123.com;activ
AF0524;Comision afiliere — de.sihoooffice.com;Afiliere;international;impact;de.sihoooffice.com;impact;Variabil;variabil pe categorie;UNKNOWN;UNKNOWN;UNKNOWN;UNKNOWN;UNKNOWN;fara continut propriu;mica (deja integrat);usoara (cont activ);UNKNOWN;standard;https://de.sihoooffice.com;activ
AF0525;Comision afiliere — absence.io;Afiliere;international;impact;absence.io;impact;Variabil;variabil pe categorie;UNKNOWN;UNKNOWN;UNKNOWN;UNKNOWN;UNKNOWN;fara continut propriu;mica (deja integrat);usoara (cont activ);UNKNOWN;standard;https://www.absence.io;activ
AF0526;Comision afiliere — chivasom.com;Afiliere;international;impact;chivasom.com;impact;Variabil;variabil pe categorie;UNKNOWN;UNKNOWN;UNKNOWN;UNKNOWN;UNKNOWN;fara continut propriu;mica (deja integrat);usoara (cont activ);UNKNOWN;standard;https://www.chivasom.com;activ
AF0527;Comision afiliere — pickrelay.com;Afiliere;international;impact;pickrelay.com;impact;Variabil;variabil pe categorie;UNKNOWN;UNKNOWN;UNKNOWN;UNKNOWN;UNKNOWN;fara continut propriu;mica (deja integrat);usoara (cont activ);UNKNOWN;standard;https://pickrelay.com/;activ
AF0528;Comision afiliere — oobyte.net;Afiliere;international;impact;oobyte.net;impact;Variabil;variabil pe categorie;UNKNOWN;UNKNOWN;UNKNOWN;UNKNOWN;UNKNOWN;fara continut propriu;mica (deja integrat);usoara (cont activ);UNKNOWN;standard;https://oobyte.net;activ
AF0529;Comision afiliere — gamesir.com;Afiliere;international;impact;gamesir.com;impact;Variabil;variabil pe categorie;UNKNOWN;UNKNOWN;UNKNOWN;UNKNOWN;UNKNOWN;fara continut propriu;mica (deja integrat);usoara (cont activ);UNKNOWN;standard;https://gamesir.com;activ
AF0530;Comision afiliere — breakoutprop.com;Afiliere;international;impact;breakoutprop.com;impact;Variabil;variabil pe categorie;UNKNOWN;UNKNOWN;UNKNOWN;UNKNOWN;UNKNOWN;fara continut propriu;medie (lipseste linkul);usoara (cont activ);UNKNOWN;standard;https://www.breakoutprop.com/;FARA LINK AFILIAT
AF0531;Comision afiliere — prolon.it;Afiliere;international;impact;prolon.it;impact;Variabil;variabil pe categorie;UNKNOWN;UNKNOWN;UNKNOWN;UNKNOWN;UNKNOWN;fara continut propriu;mica (deja integrat);usoara (cont activ);UNKNOWN;standard;https://prolon.it;activ
AF0532;Comision afiliere — skyluxtravel.com;Afiliere;international;impact;skyluxtravel.com;impact;Variabil;variabil pe categorie;UNKNOWN;UNKNOWN;UNKNOWN;UNKNOWN;UNKNOWN;fara continut propriu;mica (deja integrat);usoara (cont activ);UNKNOWN;standard;http://www.skyluxtravel.com/;activ
AF0533;Comision afiliere — hbdjewellery.com;Afiliere;international;impact;hbdjewellery.com;impact;Variabil;variabil pe categorie;UNKNOWN;UNKNOWN;UNKNOWN;UNKNOWN;UNKNOWN;fara continut propriu;mica (deja integrat);usoara (cont activ);UNKNOWN;standard;https://hbdjewellery.com/;activ
AF0534;Comision afiliere — international-sim.com;Afiliere;international;impact;international-sim.com;impact;Variabil;variabil pe categorie;UNKNOWN;UNKNOWN;UNKNOWN;UNKNOWN;UNKNOWN;fara continut propriu;mica (deja integrat);usoara (cont activ);UNKNOWN;standard;https://international-sim.com;activ
AF0535;Comision afiliere — ferrariworldabudhabi.com;Afiliere;international;impact;ferrariworldabudhabi.com;impact;Variabil;variabil pe categorie;UNKNOWN;UNKNOWN;UNKNOWN;UNKNOWN;UNKNOWN;fara continut propriu;mica (deja integrat);usoara (cont activ);UNKNOWN;standard;http://www.ferrariworldabudhabi.com;activ
AF0536;Comision afiliere — wps.com;Afiliere;international;impact;wps.com;impact;Variabil;variabil pe categorie;UNKNOWN;UNKNOWN;UNKNOWN;UNKNOWN;UNKNOWN;fara continut propriu;mica (deja integrat);usoara (cont activ);UNKNOWN;standard;https://www.wps.com/;activ
AF0537;Comision afiliere — crypto.com;Afiliere;international;impact;crypto.com;impact;Variabil;variabil pe categorie;UNKNOWN;UNKNOWN;UNKNOWN;UNKNOWN;UNKNOWN;fara continut propriu;mica (deja integrat);usoara (cont activ);UNKNOWN;standard;https://www.crypto.com;activ
AF0538;Comision afiliere — ironsoftware.com;Afiliere;international;impact;ironsoftware.com;impact;Variabil;variabil pe categorie;UNKNOWN;UNKNOWN;UNKNOWN;UNKNOWN;UNKNOWN;fara continut propriu;mica (deja integrat);usoara (cont activ);UNKNOWN;standard;https://ironsoftware.com/;activ
AF0539;Comision afiliere — lekatodeal.com;Afiliere;international;impact;lekatodeal.com;impact;Variabil;variabil pe categorie;UNKNOWN;UNKNOWN;UNKNOWN;UNKNOWN;UNKNOWN;fara continut propriu;mica (deja integrat);usoara (cont activ);UNKNOWN;standard;http://Lekatodeal.com;activ
AF0540;Comision afiliere — witme.es;Afiliere;international;impact;witme.es;impact;Variabil;variabil pe categorie;UNKNOWN;UNKNOWN;UNKNOWN;UNKNOWN;UNKNOWN;fara continut propriu;mica (deja integrat);usoara (cont activ);UNKNOWN;standard;https://witme.es;activ
AF0541;Comision afiliere — timekettle.co;Afiliere;international;impact;timekettle.co;impact;Variabil;variabil pe categorie;UNKNOWN;UNKNOWN;UNKNOWN;UNKNOWN;UNKNOWN;fara continut propriu;mica (deja integrat);usoara (cont activ);UNKNOWN;standard;https://www.timekettle.co;activ
AF0542;Comision afiliere — ro.roborock.com;Afiliere;international;impact;ro.roborock.com;impact;Variabil;variabil pe categorie;UNKNOWN;UNKNOWN;UNKNOWN;UNKNOWN;UNKNOWN;fara continut propriu;mica (deja integrat);usoara (cont activ);UNKNOWN;standard;https://ro.roborock.com;activ
AF0543;Comision afiliere — eu.wecreat.com;Afiliere;international;impact;eu.wecreat.com;impact;Variabil;variabil pe categorie;UNKNOWN;UNKNOWN;UNKNOWN;UNKNOWN;UNKNOWN;fara continut propriu;mica (deja integrat);usoara (cont activ);UNKNOWN;standard;https://eu.wecreat.com/;activ
AF0544;Comision afiliere — studioalura.com;Afiliere;international;impact;studioalura.com;impact;Variabil;variabil pe categorie;UNKNOWN;UNKNOWN;UNKNOWN;UNKNOWN;UNKNOWN;fara continut propriu;mica (deja integrat);usoara (cont activ);UNKNOWN;standard;https://studioalura.com;activ
AF0545;Comision afiliere — iclever.com;Afiliere;international;impact;iclever.com;impact;Variabil;variabil pe categorie;UNKNOWN;UNKNOWN;UNKNOWN;UNKNOWN;UNKNOWN;fara continut propriu;medie (lipseste linkul);usoara (cont activ);UNKNOWN;standard;https://iclever.com;FARA LINK AFILIAT
AF0546;Comision afiliere — easyship.com;Afiliere;international;impact;easyship.com;impact;Variabil;variabil pe categorie;UNKNOWN;UNKNOWN;UNKNOWN;UNKNOWN;UNKNOWN;fara continut propriu;mica (deja integrat);usoara (cont activ);UNKNOWN;standard;http://www.easyship.com;activ
AF0547;Comision afiliere — eresin.com.tr;Afiliere;international;impact;eresin.com.tr;impact;Variabil;variabil pe categorie;UNKNOWN;UNKNOWN;UNKNOWN;UNKNOWN;UNKNOWN;fara continut propriu;mica (deja integrat);usoara (cont activ);UNKNOWN;standard;http://www.eresin.com.tr;activ
AF0548;Comision afiliere — simplycarbonfiber.com;Afiliere;international;impact;simplycarbonfiber.com;impact;Variabil;variabil pe categorie;UNKNOWN;UNKNOWN;UNKNOWN;UNKNOWN;UNKNOWN;fara continut propriu;mica (deja integrat);usoara (cont activ);UNKNOWN;standard;https://www.simplycarbonfiber.com;activ
AF0549;Comision afiliere — eu.longer.net;Afiliere;international;impact;eu.longer.net;impact;Variabil;variabil pe categorie;UNKNOWN;UNKNOWN;UNKNOWN;UNKNOWN;UNKNOWN;fara continut propriu;medie (lipseste linkul);usoara (cont activ);UNKNOWN;standard;https://www.eu.longer.net;FARA LINK AFILIAT
AF0550;Comision afiliere — pdfexpert.com;Afiliere;international;impact;pdfexpert.com;impact;Variabil;variabil pe categorie;UNKNOWN;UNKNOWN;UNKNOWN;UNKNOWN;UNKNOWN;fara continut propriu;mica (deja integrat);usoara (cont activ);UNKNOWN;standard;https://pdfexpert.com/;activ
AF0551;Comision afiliere — cancunshuttle.com;Afiliere;international;impact;cancunshuttle.com;impact;Variabil;variabil pe categorie;UNKNOWN;UNKNOWN;UNKNOWN;UNKNOWN;UNKNOWN;fara continut propriu;mica (deja integrat);usoara (cont activ);UNKNOWN;standard;http://www.cancunshuttle.com/;activ
AF0552;Comision afiliere — carrentalexpress.com;Afiliere;international;impact;carrentalexpress.com;impact;Variabil;variabil pe categorie;UNKNOWN;UNKNOWN;UNKNOWN;UNKNOWN;UNKNOWN;fara continut propriu;mica (deja integrat);usoara (cont activ);UNKNOWN;standard;http://www.carrentalexpress.com/;activ
AF0553;Comision afiliere — anticavilla.com;Afiliere;international;impact;anticavilla.com;impact;Variabil;variabil pe categorie;UNKNOWN;UNKNOWN;UNKNOWN;UNKNOWN;UNKNOWN;fara continut propriu;mica (deja integrat);usoara (cont activ);UNKNOWN;standard;http://www.anticavilla.com/;activ
AF0554;Comision afiliere — postermywall.com;Afiliere;international;impact;postermywall.com;impact;Variabil;variabil pe categorie;UNKNOWN;UNKNOWN;UNKNOWN;UNKNOWN;UNKNOWN;fara continut propriu;mica (deja integrat);usoara (cont activ);UNKNOWN;standard;https://postermywall.com/;activ
AF0555;Comision afiliere — govisitcancun.com;Afiliere;international;impact;govisitcancun.com;impact;Variabil;variabil pe categorie;UNKNOWN;UNKNOWN;UNKNOWN;UNKNOWN;UNKNOWN;fara continut propriu;mica (deja integrat);usoara (cont activ);UNKNOWN;standard;https://www.govisitcancun.com;activ
AF0556;Comision afiliere — pachiralodge.com;Afiliere;international;impact;pachiralodge.com;impact;Variabil;variabil pe categorie;UNKNOWN;UNKNOWN;UNKNOWN;UNKNOWN;UNKNOWN;fara continut propriu;mica (deja integrat);usoara (cont activ);UNKNOWN;standard;https://www.pachiralodge.com/;activ
AF0557;Comision afiliere — villadelpalmarloreto.com;Afiliere;international;impact;villadelpalmarloreto.com;impact;Variabil;variabil pe categorie;UNKNOWN;UNKNOWN;UNKNOWN;UNKNOWN;UNKNOWN;fara continut propriu;mica (deja integrat);usoara (cont activ);UNKNOWN;standard;http://villadelpalmarloreto.com/;activ
AF0558;Comision afiliere — nym.com;Afiliere;international;impact;nym.com;impact;Variabil;variabil pe categorie;UNKNOWN;UNKNOWN;UNKNOWN;UNKNOWN;UNKNOWN;fara continut propriu;mica (deja integrat);usoara (cont activ);UNKNOWN;standard;https://nym.com;activ
AF0559;Comision afiliere — pezgato.com;Afiliere;international;impact;pezgato.com;impact;Variabil;variabil pe categorie;UNKNOWN;UNKNOWN;UNKNOWN;UNKNOWN;UNKNOWN;fara continut propriu;mica (deja integrat);usoara (cont activ);UNKNOWN;standard;http://www.pezgato.com/;activ
AF0560;Comision afiliere — rainforestexpeditions.com;Afiliere;international;impact;rainforestexpeditions.com;impact;Variabil;variabil pe categorie;UNKNOWN;UNKNOWN;UNKNOWN;UNKNOWN;UNKNOWN;fara continut propriu;mica (deja integrat);usoara (cont activ);UNKNOWN;standard;http://www.rainforestexpeditions.com;activ
AF0561;Comision afiliere — ourpanama.com;Afiliere;international;impact;ourpanama.com;impact;Variabil;variabil pe categorie;UNKNOWN;UNKNOWN;UNKNOWN;UNKNOWN;UNKNOWN;fara continut propriu;mica (deja integrat);usoara (cont activ);UNKNOWN;standard;http://www.ourpanama.com/;activ
AF0562;Comision afiliere — valentinmaya.com;Afiliere;international;impact;valentinmaya.com;impact;Variabil;variabil pe categorie;UNKNOWN;UNKNOWN;UNKNOWN;UNKNOWN;UNKNOWN;fara continut propriu;mica (deja integrat);usoara (cont activ);UNKNOWN;standard;https://www.valentinmaya.com/es/;activ
AF0563;Comision afiliere — casasandra.com;Afiliere;international;impact;casasandra.com;impact;Variabil;variabil pe categorie;UNKNOWN;UNKNOWN;UNKNOWN;UNKNOWN;UNKNOWN;fara continut propriu;mica (deja integrat);usoara (cont activ);UNKNOWN;standard;http://www.casasandra.com/;activ
AF0564;Comision afiliere — rosesdelfuego.com;Afiliere;international;impact;rosesdelfuego.com;impact;Variabil;variabil pe categorie;UNKNOWN;UNKNOWN;UNKNOWN;UNKNOWN;UNKNOWN;fara continut propriu;mica (deja integrat);usoara (cont activ);UNKNOWN;standard;https://rosesdelfuego.com;activ
AF0565;Comision afiliere — designlab.com;Afiliere;international;impact;designlab.com;impact;Variabil;variabil pe categorie;UNKNOWN;UNKNOWN;UNKNOWN;UNKNOWN;UNKNOWN;fara continut propriu;mica (deja integrat);usoara (cont activ);UNKNOWN;standard;https://designlab.com;activ
AF0566;Comision afiliere — easeus.com;Afiliere;international;impact;easeus.com;impact;Variabil;variabil pe categorie;UNKNOWN;UNKNOWN;UNKNOWN;UNKNOWN;UNKNOWN;fara continut propriu;mica (deja integrat);usoara (cont activ);UNKNOWN;standard;https://www.easeus.com;activ
AF0567;Comision afiliere — ultrahuman.com;Afiliere;international;impact;ultrahuman.com;impact;Variabil;variabil pe categorie;UNKNOWN;UNKNOWN;UNKNOWN;UNKNOWN;UNKNOWN;fara continut propriu;mica (deja integrat);usoara (cont activ);UNKNOWN;standard;https://www.ultrahuman.com/;activ
AF0568;Comision afiliere — ai.oobyte.net;Afiliere;international;impact;ai.oobyte.net;impact;Variabil;variabil pe categorie;UNKNOWN;UNKNOWN;UNKNOWN;UNKNOWN;UNKNOWN;fara continut propriu;mica (deja integrat);usoara (cont activ);UNKNOWN;standard;https://ai.oobyte.net/;activ
AF0569;Comision afiliere — verdent.ai;Afiliere;international;impact;verdent.ai;impact;Variabil;variabil pe categorie;UNKNOWN;UNKNOWN;UNKNOWN;UNKNOWN;UNKNOWN;fara continut propriu;mica (deja integrat);usoara (cont activ);UNKNOWN;standard;https://www.verdent.ai;activ
AF0570;Comision afiliere — veritickets.com;Afiliere;international;impact;veritickets.com;impact;Variabil;variabil pe categorie;UNKNOWN;UNKNOWN;UNKNOWN;UNKNOWN;UNKNOWN;fara continut propriu;mica (deja integrat);usoara (cont activ);UNKNOWN;standard;https://www.veritickets.com/en-US?sqm=veritickets.wa.BTS-0430.1;activ
AF0571;Comision afiliere — zoombo.ai;Afiliere;international;impact;zoombo.ai;impact;Variabil;variabil pe categorie;UNKNOWN;UNKNOWN;UNKNOWN;UNKNOWN;UNKNOWN;fara continut propriu;mica (deja integrat);usoara (cont activ);UNKNOWN;standard;https://zoombo.ai/;activ
AF0572;Comision afiliere — polypal.ai;Afiliere;international;impact;polypal.ai;impact;Variabil;variabil pe categorie;UNKNOWN;UNKNOWN;UNKNOWN;UNKNOWN;UNKNOWN;fara continut propriu;mica (deja integrat);usoara (cont activ);UNKNOWN;standard;https://polypal.ai/;activ
AF0573;Comision afiliere — riibase.com;Afiliere;international;impact;riibase.com;impact;Variabil;variabil pe categorie;UNKNOWN;UNKNOWN;UNKNOWN;UNKNOWN;UNKNOWN;fara continut propriu;mica (deja integrat);usoara (cont activ);UNKNOWN;standard;https://www.riibase.com;activ
AF0574;Comision afiliere — sisterparty.com;Afiliere;international;impact;sisterparty.com;impact;Variabil;variabil pe categorie;UNKNOWN;UNKNOWN;UNKNOWN;UNKNOWN;UNKNOWN;fara continut propriu;mica (deja integrat);usoara (cont activ);UNKNOWN;standard;https://www.sisterparty.com/;activ
AF0575;Comision afiliere — thordata.com;Afiliere;international;impact;thordata.com;impact;Variabil;variabil pe categorie;UNKNOWN;UNKNOWN;UNKNOWN;UNKNOWN;UNKNOWN;fara continut propriu;mica (deja integrat);usoara (cont activ);UNKNOWN;standard;https://www.thordata.com/?ls=MtqNdgmS&lk=impact;activ
AF0576;Comision afiliere — oppo.com;Afiliere;international;impact;oppo.com;impact;Variabil;variabil pe categorie;UNKNOWN;UNKNOWN;UNKNOWN;UNKNOWN;UNKNOWN;fara continut propriu;mica (deja integrat);usoara (cont activ);UNKNOWN;standard;https://www.oppo.com/fr/store;activ
AF0577;Comision afiliere — mioeco.com;Afiliere;international;impact;mioeco.com;impact;Variabil;variabil pe categorie;UNKNOWN;UNKNOWN;UNKNOWN;UNKNOWN;UNKNOWN;fara continut propriu;mica (deja integrat);usoara (cont activ);UNKNOWN;standard;https://mioeco.com/;activ
AF0578;Comision afiliere — purescentum.com;Afiliere;international;impact;purescentum.com;impact;Variabil;variabil pe categorie;UNKNOWN;UNKNOWN;UNKNOWN;UNKNOWN;UNKNOWN;fara continut propriu;mica (deja integrat);usoara (cont activ);UNKNOWN;standard;https://www.purescentum.com/;activ
AF0579;Comision afiliere — hienosupplies.com;Afiliere;international;impact;hienosupplies.com;impact;Variabil;variabil pe categorie;UNKNOWN;UNKNOWN;UNKNOWN;UNKNOWN;UNKNOWN;fara continut propriu;mica (deja integrat);usoara (cont activ);UNKNOWN;standard;https://hienosupplies.com/;activ
AF0580;Comision afiliere — asebbo.com;Afiliere;international;impact;asebbo.com;impact;Variabil;variabil pe categorie;UNKNOWN;UNKNOWN;UNKNOWN;UNKNOWN;UNKNOWN;fara continut propriu;mica (deja integrat);usoara (cont activ);UNKNOWN;standard;https://asebbo.com/;activ
AF0581;Comision afiliere — byregroup.com;Afiliere;international;impact;byregroup.com;impact;Variabil;variabil pe categorie;UNKNOWN;UNKNOWN;UNKNOWN;UNKNOWN;UNKNOWN;fara continut propriu;mica (deja integrat);usoara (cont activ);UNKNOWN;standard;https://byregroup.com/;activ
AF0582;Comision afiliere — hanaemistore.com;Afiliere;international;impact;hanaemistore.com;impact;Variabil;variabil pe categorie;UNKNOWN;UNKNOWN;UNKNOWN;UNKNOWN;UNKNOWN;fara continut propriu;mica (deja integrat);usoara (cont activ);UNKNOWN;standard;https://hanaemistore.com/;activ
AF0583;Comision afiliere — educative.io;Afiliere;international;impact;educative.io;impact;Variabil;variabil pe categorie;UNKNOWN;UNKNOWN;UNKNOWN;UNKNOWN;UNKNOWN;fara continut propriu;mica (deja integrat);usoara (cont activ);UNKNOWN;standard;https://www.educative.io/;activ
AF0584;Comision afiliere — fireflyz.com;Afiliere;international;impact;fireflyz.com;impact;Variabil;variabil pe categorie;UNKNOWN;UNKNOWN;UNKNOWN;UNKNOWN;UNKNOWN;fara continut propriu;medie (lipseste linkul);usoara (cont activ);UNKNOWN;standard;https://www.fireflyz.com;FARA LINK AFILIAT
AF0585;Comision afiliere — revomadic.com;Afiliere;international;impact;revomadic.com;impact;Variabil;variabil pe categorie;UNKNOWN;UNKNOWN;UNKNOWN;UNKNOWN;UNKNOWN;fara continut propriu;mica (deja integrat);usoara (cont activ);UNKNOWN;standard;https://revomadic.com;activ
AF0586;Comision afiliere — zapaka.com;Afiliere;international;impact;zapaka.com;impact;Variabil;variabil pe categorie;UNKNOWN;UNKNOWN;UNKNOWN;UNKNOWN;UNKNOWN;fara continut propriu;mica (deja integrat);usoara (cont activ);UNKNOWN;standard;https://zapaka.com;activ
AF0587;Comision afiliere — vipcars.com;Afiliere;international;impact;vipcars.com;impact;Variabil;variabil pe categorie;UNKNOWN;UNKNOWN;UNKNOWN;UNKNOWN;UNKNOWN;fara continut propriu;mica (deja integrat);usoara (cont activ);UNKNOWN;standard;https://www.vipcars.com;activ
AF0588;Comision afiliere — runstar.com;Afiliere;international;impact;runstar.com;impact;Variabil;variabil pe categorie;UNKNOWN;UNKNOWN;UNKNOWN;UNKNOWN;UNKNOWN;fara continut propriu;mica (deja integrat);usoara (cont activ);UNKNOWN;standard;https://www.runstar.com/;activ
AF0589;Comision afiliere — bluecypress.com;Afiliere;international;impact;bluecypress.com;impact;Variabil;variabil pe categorie;UNKNOWN;UNKNOWN;UNKNOWN;UNKNOWN;UNKNOWN;fara continut propriu;mica (deja integrat);usoara (cont activ);UNKNOWN;standard;https://bluecypress.com;activ
AF0590;Comision afiliere — hozodesign.com;Afiliere;international;impact;hozodesign.com;impact;Variabil;variabil pe categorie;UNKNOWN;UNKNOWN;UNKNOWN;UNKNOWN;UNKNOWN;fara continut propriu;mica (deja integrat);usoara (cont activ);UNKNOWN;standard;https://hozodesign.com;activ
AF0591;Comision afiliere — viperiumtrading.com;Afiliere;international;impact;viperiumtrading.com;impact;Variabil;variabil pe categorie;UNKNOWN;UNKNOWN;UNKNOWN;UNKNOWN;UNKNOWN;fara continut propriu;mica (deja integrat);usoara (cont activ);UNKNOWN;standard;https://viperiumtrading.com;activ
AF0592;Comision afiliere — cosim.io;Afiliere;international;impact;cosim.io;impact;Variabil;variabil pe categorie;UNKNOWN;UNKNOWN;UNKNOWN;UNKNOWN;UNKNOWN;fara continut propriu;mica (deja integrat);usoara (cont activ);UNKNOWN;standard;https://cosim.io;activ
AF0593;Comision afiliere — eurooptic.com;Afiliere;international;impact;eurooptic.com;impact;Variabil;variabil pe categorie;UNKNOWN;UNKNOWN;UNKNOWN;UNKNOWN;UNKNOWN;fara continut propriu;mica (deja integrat);usoara (cont activ);UNKNOWN;standard;https://www.eurooptic.com;activ
AF0594;Comision afiliere — readdy.ai;Afiliere;international;impact;readdy.ai;impact;Variabil;variabil pe categorie;UNKNOWN;UNKNOWN;UNKNOWN;UNKNOWN;UNKNOWN;fara continut propriu;mica (deja integrat);usoara (cont activ);UNKNOWN;standard;https://readdy.ai/;activ
AF0595;Comision afiliere — thunderbit.com;Afiliere;international;impact;thunderbit.com;impact;Variabil;variabil pe categorie;UNKNOWN;UNKNOWN;UNKNOWN;UNKNOWN;UNKNOWN;fara continut propriu;mica (deja integrat);usoara (cont activ);UNKNOWN;standard;https://thunderbit.com;activ
AF0596;Comision afiliere — eu.sihoo.com;Afiliere;international;impact;eu.sihoo.com;impact;Variabil;variabil pe categorie;UNKNOWN;UNKNOWN;UNKNOWN;UNKNOWN;UNKNOWN;fara continut propriu;mica (deja integrat);usoara (cont activ);UNKNOWN;standard;https://eu.sihoo.com;activ
AF0597;Comision afiliere — gameseal.com;Afiliere;international;impact;gameseal.com;impact;Variabil;variabil pe categorie;UNKNOWN;UNKNOWN;UNKNOWN;UNKNOWN;UNKNOWN;fara continut propriu;mica (deja integrat);usoara (cont activ);UNKNOWN;standard;https://www.gameseal.com;activ
AF0598;Comision afiliere — entertainment.emaar.com;Afiliere;international;impact;entertainment.emaar.com;impact;Variabil;variabil pe categorie;UNKNOWN;UNKNOWN;UNKNOWN;UNKNOWN;UNKNOWN;fara continut propriu;mica (deja integrat);usoara (cont activ);UNKNOWN;standard;https://entertainment.emaar.com;activ
AF0599;Comision afiliere — experiences.travel.rakuten.com;Afiliere;international;impact;experiences.travel.rakuten.com;impact;Variabil;variabil pe categorie;UNKNOWN;UNKNOWN;UNKNOWN;UNKNOWN;UNKNOWN;fara continut propriu;mica (deja integrat);usoara (cont activ);UNKNOWN;standard;http://experiences.travel.rakuten.com;activ
AF0600;Comision afiliere — iroamly.com;Afiliere;international;impact;iroamly.com;impact;Variabil;variabil pe categorie;UNKNOWN;UNKNOWN;UNKNOWN;UNKNOWN;UNKNOWN;fara continut propriu;mica (deja integrat);usoara (cont activ);UNKNOWN;standard;http://www.iroamly.com;activ
AF0601;Comision afiliere — oojo.com;Afiliere;international;impact;oojo.com;impact;Variabil;variabil pe categorie;UNKNOWN;UNKNOWN;UNKNOWN;UNKNOWN;UNKNOWN;fara continut propriu;mica (deja integrat);usoara (cont activ);UNKNOWN;standard;https://www.oojo.com;activ
AF0602;Comision afiliere — elitehavens.com;Afiliere;international;impact;elitehavens.com;impact;Variabil;variabil pe categorie;UNKNOWN;UNKNOWN;UNKNOWN;UNKNOWN;UNKNOWN;fara continut propriu;mica (deja integrat);usoara (cont activ);UNKNOWN;standard;http://www.elitehavens.com;activ
AF0603;Comision afiliere — banksiatourist.com.au;Afiliere;international;impact;banksiatourist.com.au;impact;Variabil;variabil pe categorie;UNKNOWN;UNKNOWN;UNKNOWN;UNKNOWN;UNKNOWN;fara continut propriu;mica (deja integrat);usoara (cont activ);UNKNOWN;standard;https://banksiatourist.com.au/;activ
AF0604;Comision afiliere — laperle.com;Afiliere;international;impact;laperle.com;impact;Variabil;variabil pe categorie;UNKNOWN;UNKNOWN;UNKNOWN;UNKNOWN;UNKNOWN;fara continut propriu;mica (deja integrat);usoara (cont activ);UNKNOWN;standard;https://www.laperle.com/en;activ
AF0605;Comision afiliere — wildcanyon.com.mx;Afiliere;international;impact;wildcanyon.com.mx;impact;Variabil;variabil pe categorie;UNKNOWN;UNKNOWN;UNKNOWN;UNKNOWN;UNKNOWN;fara continut propriu;mica (deja integrat);usoara (cont activ);UNKNOWN;standard;http://wildcanyon.com.mx/;activ
AF0606;Comision afiliere — eu.htvront.com;Afiliere;international;impact;eu.htvront.com;impact;Variabil;variabil pe categorie;UNKNOWN;UNKNOWN;UNKNOWN;UNKNOWN;UNKNOWN;fara continut propriu;mica (deja integrat);usoara (cont activ);UNKNOWN;standard;https://eu.htvront.com/;activ
AF0607;Comision afiliere — sg.descente.com;Afiliere;international;impact;sg.descente.com;impact;Variabil;variabil pe categorie;UNKNOWN;UNKNOWN;UNKNOWN;UNKNOWN;UNKNOWN;fara continut propriu;mica (deja integrat);usoara (cont activ);UNKNOWN;standard;https://sg.descente.com/;activ
AF0608;Comision afiliere — fila.com.sg;Afiliere;international;impact;fila.com.sg;impact;Variabil;variabil pe categorie;UNKNOWN;UNKNOWN;UNKNOWN;UNKNOWN;UNKNOWN;fara continut propriu;medie (lipseste linkul);usoara (cont activ);UNKNOWN;standard;https://fila.com.sg/;FARA LINK AFILIAT
AF0609;Comision afiliere — sinocrafted.com;Afiliere;international;impact;sinocrafted.com;impact;Variabil;variabil pe categorie;UNKNOWN;UNKNOWN;UNKNOWN;UNKNOWN;UNKNOWN;fara continut propriu;mica (deja integrat);usoara (cont activ);UNKNOWN;standard;https://www.sinocrafted.com;activ
AF0610;Comision afiliere — plungechill.com;Afiliere;international;impact;plungechill.com;impact;Variabil;variabil pe categorie;UNKNOWN;UNKNOWN;UNKNOWN;UNKNOWN;UNKNOWN;fara continut propriu;mica (deja integrat);usoara (cont activ);UNKNOWN;standard;https://plungechill.com;activ
AF0611;Comision afiliere — thecocooncollection.com;Afiliere;international;impact;thecocooncollection.com;impact;Variabil;variabil pe categorie;UNKNOWN;UNKNOWN;UNKNOWN;UNKNOWN;UNKNOWN;fara continut propriu;mica (deja integrat);usoara (cont activ);UNKNOWN;standard;https://www.thecocooncollection.com/;activ
AF0612;Comision afiliere — patpat.com;Afiliere;international;impact;patpat.com;impact;Variabil;variabil pe categorie;UNKNOWN;UNKNOWN;UNKNOWN;UNKNOWN;UNKNOWN;fara continut propriu;mica (deja integrat);usoara (cont activ);UNKNOWN;standard;http://www.patpat.com?utm_source=impact&utm_medium=affiliate;activ
AF0613;Comision afiliere — shop.oobyte.net;Afiliere;international;impact;shop.oobyte.net;impact;$4.00 per conversie;suma fixa;UNKNOWN;UNKNOWN;UNKNOWN;UNKNOWN;UNKNOWN;fara continut propriu;mica (deja integrat);usoara (cont activ);UNKNOWN;standard;https://shop.oobyte.net;activ
AF0614;Comision afiliere — umww.com;Afiliere;international;impact;umww.com;impact;$6.00 per conversie;suma fixa;UNKNOWN;UNKNOWN;UNKNOWN;UNKNOWN;UNKNOWN;fara continut propriu;mica (deja integrat);usoara (cont activ);UNKNOWN;standard;https://www.umww.com;activ
AF0615;Comision afiliere — wpslimseo.com;Afiliere;international;impact;wpslimseo.com;impact;Variabil;variabil pe categorie;UNKNOWN;UNKNOWN;UNKNOWN;UNKNOWN;UNKNOWN;fara continut propriu;mica (deja integrat);usoara (cont activ);UNKNOWN;standard;https://wpslimseo.com;activ
AF0616;Comision afiliere — tunefab.com;Afiliere;international;impact;tunefab.com;impact;Variabil;variabil pe categorie;UNKNOWN;UNKNOWN;UNKNOWN;UNKNOWN;UNKNOWN;fara continut propriu;mica (deja integrat);usoara (cont activ);UNKNOWN;standard;https://www.tunefab.com;activ
AF0617;Comision afiliere — muconvert.com;Afiliere;international;impact;muconvert.com;impact;Variabil;variabil pe categorie;UNKNOWN;UNKNOWN;UNKNOWN;UNKNOWN;UNKNOWN;fara continut propriu;mica (deja integrat);usoara (cont activ);UNKNOWN;standard;https://muconvert.com;activ
AF0618;Comision afiliere — luderejewelry.com;Afiliere;international;impact;luderejewelry.com;impact;Variabil;variabil pe categorie;UNKNOWN;UNKNOWN;UNKNOWN;UNKNOWN;UNKNOWN;fara continut propriu;mica (deja integrat);usoara (cont activ);UNKNOWN;standard;https://www.luderejewelry.com;activ
AF0619;Comision afiliere — onebioshop.com;Afiliere;international;impact;onebioshop.com;impact;Variabil;variabil pe categorie;UNKNOWN;UNKNOWN;UNKNOWN;UNKNOWN;UNKNOWN;fara continut propriu;mica (deja integrat);usoara (cont activ);UNKNOWN;standard;https://onebioshop.com/;activ
AF0620;Comision afiliere — ayzeze.com;Afiliere;international;impact;ayzeze.com;impact;Variabil;variabil pe categorie;UNKNOWN;UNKNOWN;UNKNOWN;UNKNOWN;UNKNOWN;fara continut propriu;mica (deja integrat);usoara (cont activ);UNKNOWN;standard;https://www.ayzeze.com;activ
AF0621;Comision afiliere — lumiproxy.com;Afiliere;international;impact;lumiproxy.com;impact;Variabil;variabil pe categorie;UNKNOWN;UNKNOWN;UNKNOWN;UNKNOWN;UNKNOWN;fara continut propriu;mica (deja integrat);usoara (cont activ);UNKNOWN;standard;https://www.lumiproxy.com;activ
AF0622;Comision afiliere — ferratumbank.fi;Afiliere;international;impact;ferratumbank.fi;impact;Variabil;variabil pe categorie;UNKNOWN;UNKNOWN;UNKNOWN;UNKNOWN;UNKNOWN;fara continut propriu;mica (deja integrat);usoara (cont activ);UNKNOWN;standard;https://www.ferratumbank.fi/;activ
AF0623;Comision afiliere — eldoradowaterpark.com;Afiliere;international;impact;eldoradowaterpark.com;impact;Variabil;variabil pe categorie;UNKNOWN;UNKNOWN;UNKNOWN;UNKNOWN;UNKNOWN;fara continut propriu;mica (deja integrat);usoara (cont activ);UNKNOWN;standard;https://eldoradowaterpark.com;activ
AF0624;Comision afiliere — fansjerseyhub1.com;Afiliere;international;awin;fansjerseyhub1.com;awin;Variabil;variabil pe categorie;UNKNOWN;UNKNOWN;UNKNOWN;UNKNOWN;UNKNOWN;fara continut propriu;mica (deja integrat);usoara (cont activ);UNKNOWN;standard;https://fansjerseyhub1.com/;activ
AF0625;Comision afiliere — navimow.segway.com;Afiliere;international;awin;navimow.segway.com;awin;Variabil;variabil pe categorie;UNKNOWN;UNKNOWN;UNKNOWN;UNKNOWN;UNKNOWN;fara continut propriu;mica (deja integrat);usoara (cont activ);UNKNOWN;standard;https://navimow.segway.com/;activ
AF0626;Comision afiliere — iprovpn.com;Afiliere;international;awin;iprovpn.com;awin;Variabil;variabil pe categorie;UNKNOWN;UNKNOWN;UNKNOWN;UNKNOWN;UNKNOWN;fara continut propriu;mica (deja integrat);usoara (cont activ);UNKNOWN;standard;https://iprovpn.com;activ
AF0627;Comision afiliere — aussui.com;Afiliere;international;awin;aussui.com;awin;Variabil;variabil pe categorie;UNKNOWN;UNKNOWN;UNKNOWN;UNKNOWN;UNKNOWN;fara continut propriu;mica (deja integrat);usoara (cont activ);UNKNOWN;standard;https://aussui.com/;activ
AF0628;Comision afiliere — xcaret.com;Afiliere;international;awin;xcaret.com;awin;Variabil;variabil pe categorie;UNKNOWN;UNKNOWN;UNKNOWN;UNKNOWN;UNKNOWN;fara continut propriu;mica (deja integrat);usoara (cont activ);UNKNOWN;standard;https://www.xcaret.com/es/parques-en-cancun/;activ
AF0629;Comision afiliere — hellosafe.com;Afiliere;international;awin;hellosafe.com;awin;Variabil;variabil pe categorie;UNKNOWN;UNKNOWN;UNKNOWN;UNKNOWN;UNKNOWN;fara continut propriu;mica (deja integrat);usoara (cont activ);UNKNOWN;standard;https://hellosafe.com/;activ
AF0630;Comision afiliere — aeternum.site;Afiliere;international;awin;aeternum.site;awin;Variabil;variabil pe categorie;UNKNOWN;UNKNOWN;UNKNOWN;UNKNOWN;UNKNOWN;fara continut propriu;mica (deja integrat);usoara (cont activ);UNKNOWN;standard;https://www.aeternum.site;activ
AF0631;Comision afiliere — shamtam.com;Afiliere;international;awin;shamtam.com;awin;Variabil;variabil pe categorie;UNKNOWN;UNKNOWN;UNKNOWN;UNKNOWN;UNKNOWN;fara continut propriu;mica (deja integrat);usoara (cont activ);UNKNOWN;standard;https://shamtam.com/;activ
AF0632;Comision afiliere — mi.com;Afiliere;international;awin;mi.com;awin;Variabil;variabil pe categorie;UNKNOWN;UNKNOWN;UNKNOWN;UNKNOWN;UNKNOWN;fara continut propriu;mica (deja integrat);usoara (cont activ);UNKNOWN;standard;https://www.mi.com/ro/event/offer-exclusive-deals/?utm_campaign=loeeu&utm_channel=affiliate&utm_medium=paid-affiliate&utm_type=1;activ
AF0633;Comision afiliere — yaasa.com;Afiliere;international;awin;yaasa.com;awin;Variabil;variabil pe categorie;UNKNOWN;UNKNOWN;UNKNOWN;UNKNOWN;UNKNOWN;fara continut propriu;mica (deja integrat);usoara (cont activ);UNKNOWN;standard;https://yaasa.com/;activ
AF0634;Comision afiliere — uniqpaid.com;Afiliere;international;awin;uniqpaid.com;awin;Variabil;variabil pe categorie;UNKNOWN;UNKNOWN;UNKNOWN;UNKNOWN;UNKNOWN;fara continut propriu;mica (deja integrat);usoara (cont activ);UNKNOWN;standard;https://www.uniqpaid.com;activ
AF0635;Comision afiliere — en.sinocare.com;Afiliere;international;awin;en.sinocare.com;awin;Variabil;variabil pe categorie;UNKNOWN;UNKNOWN;UNKNOWN;UNKNOWN;UNKNOWN;fara continut propriu;mica (deja integrat);usoara (cont activ);UNKNOWN;standard;https://en.sinocare.com/;activ
AF0636;Comision afiliere — tenways.com;Afiliere;international;awin;tenways.com;awin;Variabil;variabil pe categorie;UNKNOWN;UNKNOWN;UNKNOWN;UNKNOWN;UNKNOWN;fara continut propriu;mica (deja integrat);usoara (cont activ);UNKNOWN;standard;https://www.tenways.com/;activ
AF0637;Comision afiliere — jimmy.eu;Afiliere;international;awin;jimmy.eu;awin;Variabil;variabil pe categorie;UNKNOWN;UNKNOWN;UNKNOWN;UNKNOWN;UNKNOWN;fara continut propriu;mica (deja integrat);usoara (cont activ);UNKNOWN;standard;https://jimmy.eu/;activ
AF0638;Comision afiliere — deyestore.com;Afiliere;international;awin;deyestore.com;awin;Variabil;variabil pe categorie;UNKNOWN;UNKNOWN;UNKNOWN;UNKNOWN;UNKNOWN;fara continut propriu;mica (deja integrat);usoara (cont activ);UNKNOWN;standard;https://www.deyestore.com/;activ
AF0639;Comision afiliere — bizzbox.ai;Afiliere;international;awin;bizzbox.ai;awin;Variabil;variabil pe categorie;UNKNOWN;UNKNOWN;UNKNOWN;UNKNOWN;UNKNOWN;fara continut propriu;mica (deja integrat);usoara (cont activ);UNKNOWN;standard;https://www.bizzbox.ai/;activ
AF0640;Comision afiliere — us.laserpecker.net;Afiliere;international;awin;us.laserpecker.net;awin;Variabil;variabil pe categorie;UNKNOWN;UNKNOWN;UNKNOWN;UNKNOWN;UNKNOWN;fara continut propriu;mica (deja integrat);usoara (cont activ);UNKNOWN;standard;https://us.laserpecker.net/;activ
AF0641;Comision afiliere — qathu.com;Afiliere;international;awin;qathu.com;awin;Variabil;variabil pe categorie;UNKNOWN;UNKNOWN;UNKNOWN;UNKNOWN;UNKNOWN;fara continut propriu;mica (deja integrat);usoara (cont activ);UNKNOWN;standard;https://qathu.com/;activ
AF0642;Comision afiliere — wauglobal.com;Afiliere;international;awin;wauglobal.com;awin;Variabil;variabil pe categorie;UNKNOWN;UNKNOWN;UNKNOWN;UNKNOWN;UNKNOWN;fara continut propriu;mica (deja integrat);usoara (cont activ);UNKNOWN;standard;https://wauglobal.com/;activ
AF0643;Comision afiliere — opheliaeternity.com;Afiliere;international;awin;opheliaeternity.com;awin;Variabil;variabil pe categorie;UNKNOWN;UNKNOWN;UNKNOWN;UNKNOWN;UNKNOWN;fara continut propriu;mica (deja integrat);usoara (cont activ);UNKNOWN;standard;https://opheliaeternity.com;activ
AF0644;Comision afiliere — favibes.com;Afiliere;international;awin;favibes.com;awin;Variabil;variabil pe categorie;UNKNOWN;UNKNOWN;UNKNOWN;UNKNOWN;UNKNOWN;fara continut propriu;mica (deja integrat);usoara (cont activ);UNKNOWN;standard;https://favibes.com;activ
AF0645;Comision afiliere — datouboss.com;Afiliere;international;awin;datouboss.com;awin;Variabil;variabil pe categorie;UNKNOWN;UNKNOWN;UNKNOWN;UNKNOWN;UNKNOWN;fara continut propriu;mica (deja integrat);usoara (cont activ);UNKNOWN;standard;https://datouboss.com/;activ
AF0646;Comision afiliere — nothingprojector.com;Afiliere;international;awin;nothingprojector.com;awin;Variabil;variabil pe categorie;UNKNOWN;UNKNOWN;UNKNOWN;UNKNOWN;UNKNOWN;fara continut propriu;mica (deja integrat);usoara (cont activ);UNKNOWN;standard;https://nothingprojector.com;activ
AF0647;Comision afiliere — layerline.io;Afiliere;international;awin;layerline.io;awin;Variabil;variabil pe categorie;UNKNOWN;UNKNOWN;UNKNOWN;UNKNOWN;UNKNOWN;fara continut propriu;mica (deja integrat);usoara (cont activ);UNKNOWN;standard;https://layerline.io/;activ
AF0648;Comision afiliere — glamspot.eu;Afiliere;international;awin;glamspot.eu;awin;Variabil;variabil pe categorie;UNKNOWN;UNKNOWN;UNKNOWN;UNKNOWN;UNKNOWN;fara continut propriu;mica (deja integrat);usoara (cont activ);UNKNOWN;standard;https://glamspot.eu;activ
AF0649;Comision afiliere — papique.com;Afiliere;international;awin;papique.com;awin;Variabil;variabil pe categorie;UNKNOWN;UNKNOWN;UNKNOWN;UNKNOWN;UNKNOWN;fara continut propriu;mica (deja integrat);usoara (cont activ);UNKNOWN;standard;https://papique.com/;activ
AF0650;Comision afiliere — jowissa.com;Afiliere;international;awin;jowissa.com;awin;Variabil;variabil pe categorie;UNKNOWN;UNKNOWN;UNKNOWN;UNKNOWN;UNKNOWN;fara continut propriu;mica (deja integrat);usoara (cont activ);UNKNOWN;standard;https://www.jowissa.com;activ
AF0651;Comision afiliere — kukirin-scooter.com;Afiliere;international;awin;kukirin-scooter.com;awin;Variabil;variabil pe categorie;UNKNOWN;UNKNOWN;UNKNOWN;UNKNOWN;UNKNOWN;fara continut propriu;mica (deja integrat);usoara (cont activ);UNKNOWN;standard;https://www.kukirin-scooter.com;activ
AF0652;Comision afiliere — dressndesign.com;Afiliere;international;awin;dressndesign.com;awin;Variabil;variabil pe categorie;UNKNOWN;UNKNOWN;UNKNOWN;UNKNOWN;UNKNOWN;fara continut propriu;mica (deja integrat);usoara (cont activ);UNKNOWN;standard;https://dressndesign.com/;activ
AF0653;Comision afiliere — needsnolabel.com;Afiliere;international;awin;needsnolabel.com;awin;Variabil;variabil pe categorie;UNKNOWN;UNKNOWN;UNKNOWN;UNKNOWN;UNKNOWN;fara continut propriu;mica (deja integrat);usoara (cont activ);UNKNOWN;standard;https://www.needsnolabel.com/;activ
AF0654;Comision afiliere — cronjager.com;Afiliere;international;awin;cronjager.com;awin;Variabil;variabil pe categorie;UNKNOWN;UNKNOWN;UNKNOWN;UNKNOWN;UNKNOWN;fara continut propriu;mica (deja integrat);usoara (cont activ);UNKNOWN;standard;https://cronjager.com;activ
AF0655;Comision afiliere — gshopper.com;Afiliere;international;awin;gshopper.com;awin;Variabil;variabil pe categorie;UNKNOWN;UNKNOWN;UNKNOWN;UNKNOWN;UNKNOWN;fara continut propriu;mica (deja integrat);usoara (cont activ);UNKNOWN;standard;https://www.gshopper.com;activ
AF0656;Comision afiliere — lunzo.ro;Afiliere;RO;awin;lunzo.ro;awin;Variabil;variabil pe categorie;UNKNOWN;UNKNOWN;UNKNOWN;UNKNOWN;UNKNOWN;fara continut propriu;mica (deja integrat);usoara (cont activ);UNKNOWN;standard;https://www.lunzo.ro;activ
AF0657;Comision afiliere — terezandhonor.com;Afiliere;international;awin;terezandhonor.com;awin;Variabil;variabil pe categorie;UNKNOWN;UNKNOWN;UNKNOWN;UNKNOWN;UNKNOWN;fara continut propriu;mica (deja integrat);usoara (cont activ);UNKNOWN;standard;https://terezandhonor.com;activ
AF0658;Comision afiliere — sexonic.eu;Afiliere;international;awin;sexonic.eu;awin;Variabil;variabil pe categorie;UNKNOWN;UNKNOWN;UNKNOWN;UNKNOWN;UNKNOWN;fara continut propriu;mica (deja integrat);usoara (cont activ);UNKNOWN;standard;https://sexonic.eu/;activ
AF0659;Comision afiliere — pl.trotec.com;Afiliere;international;awin;pl.trotec.com;awin;Variabil;variabil pe categorie;UNKNOWN;UNKNOWN;UNKNOWN;UNKNOWN;UNKNOWN;fara continut propriu;mica (deja integrat);usoara (cont activ);UNKNOWN;standard;https://pl.trotec.com/shop/;activ
AF0660;Comision afiliere — colamyhome.eu;Afiliere;international;awin;colamyhome.eu;awin;Variabil;variabil pe categorie;UNKNOWN;UNKNOWN;UNKNOWN;UNKNOWN;UNKNOWN;fara continut propriu;mica (deja integrat);usoara (cont activ);UNKNOWN;standard;https://colamyhome.eu/;activ
AF0661;Comision afiliere — lingzio.com;Afiliere;international;awin;lingzio.com;awin;Variabil;variabil pe categorie;UNKNOWN;UNKNOWN;UNKNOWN;UNKNOWN;UNKNOWN;fara continut propriu;mica (deja integrat);usoara (cont activ);UNKNOWN;standard;https://lingzio.com/;activ
AF0662;Comision afiliere — nutrinixy.com;Afiliere;international;awin;nutrinixy.com;awin;Variabil;variabil pe categorie;UNKNOWN;UNKNOWN;UNKNOWN;UNKNOWN;UNKNOWN;fara continut propriu;mica (deja integrat);usoara (cont activ);UNKNOWN;standard;https://nutrinixy.com/;activ
AF0663;Comision afiliere — ourosjewels.com;Afiliere;international;awin;ourosjewels.com;awin;Variabil;variabil pe categorie;UNKNOWN;UNKNOWN;UNKNOWN;UNKNOWN;UNKNOWN;fara continut propriu;mica (deja integrat);usoara (cont activ);UNKNOWN;standard;https://ourosjewels.com/;activ
AF0664;Comision afiliere — fastestvpn.com;Afiliere;international;awin;fastestvpn.com;awin;Variabil;variabil pe categorie;UNKNOWN;UNKNOWN;UNKNOWN;UNKNOWN;UNKNOWN;fara continut propriu;mica (deja integrat);usoara (cont activ);UNKNOWN;standard;https://fastestvpn.com;activ
AF0665;Comision afiliere — globalyo.com;Afiliere;international;impact;globalyo.com;impact;Variabil;variabil pe categorie;UNKNOWN;UNKNOWN;UNKNOWN;UNKNOWN;UNKNOWN;fara continut propriu;mica (deja integrat);usoara (cont activ);UNKNOWN;standard;https://www.globalyo.com/#get-data-section;activ
AF0666;Comision afiliere — tonymora.com;Afiliere;international;impact;tonymora.com;impact;Variabil;variabil pe categorie;UNKNOWN;UNKNOWN;UNKNOWN;UNKNOWN;UNKNOWN;fara continut propriu;mica (deja integrat);usoara (cont activ);UNKNOWN;standard;http://tonymora.com/en/;activ
AF0667;Comision afiliere — vixxar.com;Afiliere;international;impact;vixxar.com;impact;Variabil;variabil pe categorie;UNKNOWN;UNKNOWN;UNKNOWN;UNKNOWN;UNKNOWN;fara continut propriu;mica (deja integrat);usoara (cont activ);UNKNOWN;standard;https://www.vixxar.com;activ
AF0668;Comision afiliere — unaitalianhospitality.com;Afiliere;international;impact;unaitalianhospitality.com;impact;Variabil;variabil pe categorie;UNKNOWN;UNKNOWN;UNKNOWN;UNKNOWN;UNKNOWN;fara continut propriu;mica (deja integrat);usoara (cont activ);UNKNOWN;standard;https://www.unaitalianhospitality.com/en;activ
AF0669;Comision afiliere — appsbd.com;Afiliere;international;impact;appsbd.com;impact;Variabil;variabil pe categorie;UNKNOWN;UNKNOWN;UNKNOWN;UNKNOWN;UNKNOWN;fara continut propriu;mica (deja integrat);usoara (cont activ);UNKNOWN;standard;https://appsbd.com;activ
AF0670;Comision afiliere — notta.ai;Afiliere;international;impact;notta.ai;impact;Variabil;variabil pe categorie;UNKNOWN;UNKNOWN;UNKNOWN;UNKNOWN;UNKNOWN;fara continut propriu;mica (deja integrat);usoara (cont activ);UNKNOWN;standard;http://www.notta.ai/en;activ
AF0671;Comision afiliere — beachsim.com;Afiliere;international;impact;beachsim.com;impact;Variabil;variabil pe categorie;UNKNOWN;UNKNOWN;UNKNOWN;UNKNOWN;UNKNOWN;fara continut propriu;medie (lipseste linkul);usoara (cont activ);UNKNOWN;standard;https://www.beachsim.com;FARA LINK AFILIAT
AF0672;Comision afiliere — villassol.com;Afiliere;international;impact;villassol.com;impact;Variabil;variabil pe categorie;UNKNOWN;UNKNOWN;UNKNOWN;UNKNOWN;UNKNOWN;fara continut propriu;mica (deja integrat);usoara (cont activ);UNKNOWN;standard;https://www.villassol.com/en;activ
AF0673;Comision afiliere — beachpark.com.br;Afiliere;international;impact;beachpark.com.br;impact;Variabil;variabil pe categorie;UNKNOWN;UNKNOWN;UNKNOWN;UNKNOWN;UNKNOWN;fara continut propriu;mica (deja integrat);usoara (cont activ);UNKNOWN;standard;https://beachpark.com.br/en/;activ
AF0674;Comision afiliere — chanalai.com;Afiliere;international;impact;chanalai.com;impact;Online Booking: 6%;procent din vanzare;UNKNOWN;UNKNOWN;UNKNOWN;UNKNOWN;UNKNOWN;fara continut propriu;mica (deja integrat);usoara (cont activ);UNKNOWN;standard;http://www.chanalai.com/en/special-offers.html;activ
AF0675;Comision afiliere — mobilalaguna.ro;Afiliere;RO;2performant;mobilalaguna.ro;2performant;Variabil;variabil pe categorie;UNKNOWN;UNKNOWN;UNKNOWN;UNKNOWN;UNKNOWN;fara continut propriu;mica (deja integrat);usoara (cont activ);UNKNOWN;standard;https://mobilalaguna.ro;activ
AF0676;Comision afiliere — depox.ro;Afiliere;RO;2performant;depox.ro;2performant;Variabil;variabil pe categorie;UNKNOWN;UNKNOWN;UNKNOWN;UNKNOWN;UNKNOWN;fara continut propriu;mica (deja integrat);usoara (cont activ);UNKNOWN;standard;https://www.depox.ro;activ
AF0677;Comision afiliere — sevensins.ro;Afiliere;RO;2performant;sevensins.ro;2performant;Variabil;variabil pe categorie;UNKNOWN;UNKNOWN;UNKNOWN;UNKNOWN;UNKNOWN;fara continut propriu;mica (deja integrat);usoara (cont activ);UNKNOWN;standard;https://www.sevensins.ro;activ
AF0678;Comision afiliere — studioszel.ro;Afiliere;RO;2performant;studioszel.ro;2performant;Variabil;variabil pe categorie;UNKNOWN;UNKNOWN;UNKNOWN;UNKNOWN;UNKNOWN;fara continut propriu;mica (deja integrat);usoara (cont activ);UNKNOWN;standard;https://www.studioszel.ro;activ
AF0679;Comision afiliere — damiensaber.com;Afiliere;international;impact;damiensaber.com;impact;Online Sale: 5%;procent din vanzare;UNKNOWN;UNKNOWN;UNKNOWN;UNKNOWN;UNKNOWN;fara continut propriu;mica (deja integrat);usoara (cont activ);UNKNOWN;standard;https://www.damiensaber.com/;activ
AF0680;Comision afiliere — engwe-bikes-eu.com;Afiliere;international;impact;engwe-bikes-eu.com;impact;Online Sale: 3%;procent din vanzare;UNKNOWN;UNKNOWN;UNKNOWN;UNKNOWN;UNKNOWN;fara continut propriu;mica (deja integrat);usoara (cont activ);UNKNOWN;standard;https://engwe-bikes-eu.com/;activ
AF0681;Comision afiliere — nexters.com;Afiliere;international;impact;nexters.com;impact;Sign Up: USD0.10-USD8.00;UNKNOWN;UNKNOWN;UNKNOWN;UNKNOWN;UNKNOWN;UNKNOWN;fara continut propriu;mica (deja integrat);usoara (cont activ);UNKNOWN;standard;https://nexters.com;activ
AF0682;Comision afiliere — aronia-charlottenburg.ro;Afiliere;RO;2performant;aronia-charlottenburg.ro;2performant;12.0;procent din vanzare;UNKNOWN;UNKNOWN;UNKNOWN;UNKNOWN;UNKNOWN;are pagina;mica (deja integrat);usoara (cont activ);UNKNOWN;#999;https://aronia-charlottenburg.ro/;activ
AF0683;Comision afiliere — answear.ro;Afiliere;RO;2performant;answear.ro;2performant;7.0;procent din vanzare;UNKNOWN;UNKNOWN;UNKNOWN;UNKNOWN;UNKNOWN;fara continut propriu;mica (deja integrat);usoara (cont activ);UNKNOWN;#999;https://answear.ro;activ
AF0684;Comision afiliere — springfarma.com;Afiliere;international;2performant;springfarma.com;2performant;2.2;procent din vanzare;UNKNOWN;UNKNOWN;UNKNOWN;UNKNOWN;UNKNOWN;fara continut propriu;mica (deja integrat);usoara (cont activ);UNKNOWN;#999;https://www.springfarma.com;activ
AF0685;Comision afiliere — scule365.ro;Afiliere;RO;2performant;scule365.ro;2performant;7.0;procent din vanzare;UNKNOWN;UNKNOWN;UNKNOWN;UNKNOWN;UNKNOWN;fara continut propriu;mica (deja integrat);usoara (cont activ);UNKNOWN;#999;https://www.scule365.ro;activ
AF0686;Comision afiliere — carturesti.ro;Afiliere;RO;2performant;carturesti.ro;2performant;9.0;procent din vanzare;UNKNOWN;UNKNOWN;UNKNOWN;UNKNOWN;UNKNOWN;are pagina;mica (deja integrat);usoara (cont activ);UNKNOWN;#999;https://carturesti.ro/;activ
AF0687;Comision afiliere — kinderauto.ro;Afiliere;RO;2performant;kinderauto.ro;2performant;8.0;procent din vanzare;UNKNOWN;UNKNOWN;UNKNOWN;UNKNOWN;UNKNOWN;fara continut propriu;mica (deja integrat);usoara (cont activ);UNKNOWN;#999;https://kinderauto.ro;activ
AF0688;Comision afiliere — kitunghii.ro;Afiliere;RO;2performant;kitunghii.ro;2performant;15.0;procent din vanzare;UNKNOWN;UNKNOWN;UNKNOWN;UNKNOWN;UNKNOWN;fara continut propriu;mica (deja integrat);usoara (cont activ);UNKNOWN;#999;https://www.kitunghii.ro;activ
AF0689;Comision afiliere — evomag.ro;Afiliere;RO;2performant;evomag.ro;2performant;1.0;procent din vanzare;UNKNOWN;UNKNOWN;UNKNOWN;UNKNOWN;UNKNOWN;fara continut propriu;mica (deja integrat);usoara (cont activ);UNKNOWN;#999;https://www.evomag.ro/;activ
AF0690;Comision afiliere — noriel.ro;Afiliere;RO;2performant;noriel.ro;2performant;7.0;procent din vanzare;UNKNOWN;UNKNOWN;UNKNOWN;UNKNOWN;UNKNOWN;are pagina;mica (deja integrat);usoara (cont activ);UNKNOWN;#999;https://noriel.ro/;activ
AF0691;Comision afiliere — fornello.ro;Afiliere;RO;2performant;fornello.ro;2performant;2.0;procent din vanzare;UNKNOWN;UNKNOWN;UNKNOWN;UNKNOWN;UNKNOWN;fara continut propriu;mica (deja integrat);usoara (cont activ);UNKNOWN;#999;https://www.fornello.ro/;activ
AF0692;Comision afiliere — bazarulonline.ro;Afiliere;RO;2performant;bazarulonline.ro;2performant;5.0;procent din vanzare;UNKNOWN;UNKNOWN;UNKNOWN;UNKNOWN;UNKNOWN;fara continut propriu;mica (deja integrat);usoara (cont activ);UNKNOWN;#999;https://bazarulonline.ro/;activ
AF0693;Comision afiliere — librarie.net;Afiliere;international;2performant;librarie.net;2performant;9.0;procent din vanzare;UNKNOWN;UNKNOWN;UNKNOWN;UNKNOWN;UNKNOWN;are pagina;mica (deja integrat);usoara (cont activ);UNKNOWN;#999;https://www.librarie.net/;activ
AF0694;Comision afiliere — petmax.ro;Afiliere;RO;2performant;petmax.ro;2performant;5.0;procent din vanzare;UNKNOWN;UNKNOWN;UNKNOWN;UNKNOWN;UNKNOWN;fara continut propriu;mica (deja integrat);usoara (cont activ);UNKNOWN;#999;https://www.petmax.ro;activ
AF0695;Comision afiliere — micul-meserias.ro;Afiliere;RO;2performant;micul-meserias.ro;2performant;5.0;procent din vanzare;UNKNOWN;UNKNOWN;UNKNOWN;UNKNOWN;UNKNOWN;fara continut propriu;mica (deja integrat);usoara (cont activ);UNKNOWN;#999;https://micul-meserias.ro/;activ
AF0696;Comision afiliere — remediumfarm.ro;Afiliere;RO;2performant;remediumfarm.ro;2performant;5.0;procent din vanzare;UNKNOWN;UNKNOWN;UNKNOWN;UNKNOWN;UNKNOWN;fara continut propriu;mica (deja integrat);usoara (cont activ);UNKNOWN;#999;https://remediumfarm.ro;activ
AF0697;Comision afiliere — drmax.ro;Afiliere;RO;2performant;drmax.ro;2performant;2.0;procent din vanzare;UNKNOWN;UNKNOWN;UNKNOWN;UNKNOWN;UNKNOWN;fara continut propriu;mica (deja integrat);usoara (cont activ);UNKNOWN;#999;https://www.drmax.ro/;activ
AF0698;Comision afiliere — nailshop.ro;Afiliere;RO;2performant;nailshop.ro;2performant;15.0;procent din vanzare;UNKNOWN;UNKNOWN;UNKNOWN;UNKNOWN;UNKNOWN;fara continut propriu;mica (deja integrat);usoara (cont activ);UNKNOWN;#999;https://nailshop.ro;activ
AF0699;Comision afiliere — automobilus.ro;Afiliere;RO;2performant;automobilus.ro;2performant;5.0;procent din vanzare;UNKNOWN;UNKNOWN;UNKNOWN;UNKNOWN;UNKNOWN;are pagina;mica (deja integrat);usoara (cont activ);UNKNOWN;#999;https://automobilus.ro;activ
AF0700;Comision afiliere — rowenta.ro;Afiliere;RO;2performant;rowenta.ro;2performant;4.0;procent din vanzare;UNKNOWN;UNKNOWN;UNKNOWN;UNKNOWN;UNKNOWN;fara continut propriu;mica (deja integrat);usoara (cont activ);UNKNOWN;#999;https://www.rowenta.ro/;activ
AF0701;Comision afiliere — mxenduro.ro;Afiliere;RO;2performant;mxenduro.ro;2performant;10.0;procent din vanzare;UNKNOWN;UNKNOWN;UNKNOWN;UNKNOWN;UNKNOWN;fara continut propriu;mica (deja integrat);usoara (cont activ);UNKNOWN;#999;https://mxenduro.ro;activ
AF0702;Comision afiliere — spy-shop.ro;Afiliere;RO;2performant;spy-shop.ro;2performant;2.0;procent din vanzare;UNKNOWN;UNKNOWN;UNKNOWN;UNKNOWN;UNKNOWN;fara continut propriu;mica (deja integrat);usoara (cont activ);UNKNOWN;#999;https://www.spy-shop.ro/;activ
AF0703;Comision afiliere — petmart.ro;Afiliere;RO;2performant;petmart.ro;2performant;5.0;procent din vanzare;UNKNOWN;UNKNOWN;UNKNOWN;UNKNOWN;UNKNOWN;fara continut propriu;mica (deja integrat);usoara (cont activ);UNKNOWN;#999;https://www.petmart.ro/;activ
AF0704;Comision afiliere — bsgmag.ro;Afiliere;RO;2performant;bsgmag.ro;2performant;3.0;procent din vanzare;UNKNOWN;UNKNOWN;UNKNOWN;UNKNOWN;UNKNOWN;fara continut propriu;mica (deja integrat);usoara (cont activ);UNKNOWN;#999;https://bsgmag.ro;activ
AF0705;Comision afiliere — litera.ro;Afiliere;RO;2performant;litera.ro;2performant;7.0;procent din vanzare;UNKNOWN;UNKNOWN;UNKNOWN;UNKNOWN;UNKNOWN;fara continut propriu;mica (deja integrat);usoara (cont activ);UNKNOWN;#999;https://www.litera.ro/;activ
AF0706;Comision afiliere — nichiduta.ro;Afiliere;RO;2performant;nichiduta.ro;2performant;5.0;procent din vanzare;UNKNOWN;UNKNOWN;UNKNOWN;UNKNOWN;UNKNOWN;fara continut propriu;mica (deja integrat);usoara (cont activ);UNKNOWN;#999;https://www.nichiduta.ro/;activ
AF0707;Comision afiliere — fragranza.ro;Afiliere;RO;2performant;fragranza.ro;2performant;6.5;procent din vanzare;UNKNOWN;UNKNOWN;UNKNOWN;UNKNOWN;UNKNOWN;fara continut propriu;mica (deja integrat);usoara (cont activ);UNKNOWN;#999;https://fragranza.ro;activ
AF0708;Comision afiliere — tezyo.ro;Afiliere;RO;2performant;tezyo.ro;2performant;7.0;procent din vanzare;UNKNOWN;UNKNOWN;UNKNOWN;UNKNOWN;UNKNOWN;fara continut propriu;mica (deja integrat);usoara (cont activ);UNKNOWN;#999;https://www.tezyo.ro/;activ
AF0709;Comision afiliere — libris.ro;Afiliere;RO;2performant;libris.ro;2performant;8.0;procent din vanzare;UNKNOWN;UNKNOWN;UNKNOWN;UNKNOWN;UNKNOWN;fara continut propriu;mica (deja integrat);usoara (cont activ);UNKNOWN;#999;https://www.libris.ro;activ
AF0710;Comision afiliere — intimax.ro;Afiliere;RO;2performant;intimax.ro;2performant;20.0;procent din vanzare;UNKNOWN;UNKNOWN;UNKNOWN;UNKNOWN;UNKNOWN;fara continut propriu;mica (deja integrat);usoara (cont activ);UNKNOWN;#999;https://intimax.ro/;activ
AF0711;Comision afiliere — ozone.ro;Afiliere;RO;2performant;ozone.ro;2performant;0.7;procent din vanzare;UNKNOWN;UNKNOWN;UNKNOWN;UNKNOWN;UNKNOWN;fara continut propriu;mica (deja integrat);usoara (cont activ);UNKNOWN;#999;https://www.ozone.ro;activ
AF0712;Comision afiliere — shopika.ro;Afiliere;RO;2performant;shopika.ro;2performant;10.0;procent din vanzare;UNKNOWN;UNKNOWN;UNKNOWN;UNKNOWN;UNKNOWN;fara continut propriu;mica (deja integrat);usoara (cont activ);UNKNOWN;#999;https://shopika.ro/;activ
AF0713;Comision afiliere — liki24.co.uk;Afiliere;international;2performant;liki24.co.uk;2performant;10.0;procent din vanzare;UNKNOWN;UNKNOWN;UNKNOWN;UNKNOWN;UNKNOWN;fara continut propriu;mica (deja integrat);usoara (cont activ);UNKNOWN;#999;https://liki24.co.uk;activ
AF0714;Comision afiliere — depurtat.ro;Afiliere;RO;2performant;depurtat.ro;2performant;10.0;procent din vanzare;UNKNOWN;UNKNOWN;UNKNOWN;UNKNOWN;UNKNOWN;fara continut propriu;mica (deja integrat);usoara (cont activ);UNKNOWN;#999;https://www.depurtat.ro/;activ
AF0715;Comision afiliere — lensa.ro;Afiliere;RO;2performant;lensa.ro;2performant;15.0;procent din vanzare;UNKNOWN;UNKNOWN;UNKNOWN;UNKNOWN;UNKNOWN;fara continut propriu;mica (deja integrat);usoara (cont activ);UNKNOWN;#999;https://lensa.ro/;activ
AF0716;Comision afiliere — pint.ro;Afiliere;RO;2performant;pint.ro;2performant;3.0;procent din vanzare;UNKNOWN;UNKNOWN;UNKNOWN;UNKNOWN;UNKNOWN;fara continut propriu;mica (deja integrat);usoara (cont activ);UNKNOWN;#999;https://www.pint.ro;activ
AF0717;Comision afiliere — aosom.ro;Afiliere;RO;2performant;aosom.ro;2performant;5.0;procent din vanzare;UNKNOWN;UNKNOWN;UNKNOWN;UNKNOWN;UNKNOWN;fara continut propriu;mica (deja integrat);usoara (cont activ);UNKNOWN;#999;https://www.aosom.ro;activ
AF0718;Comision afiliere — gave.ro;Afiliere;RO;2performant;gave.ro;2performant;16.0;procent din vanzare;UNKNOWN;UNKNOWN;UNKNOWN;UNKNOWN;UNKNOWN;fara continut propriu;mica (deja integrat);usoara (cont activ);UNKNOWN;#999;https://gave.ro;activ
AF0719;Comision afiliere — soundhouse.ro;Afiliere;RO;2performant;soundhouse.ro;2performant;6.0;procent din vanzare;UNKNOWN;UNKNOWN;UNKNOWN;UNKNOWN;UNKNOWN;fara continut propriu;mica (deja integrat);usoara (cont activ);UNKNOWN;#999;https://soundhouse.ro/;activ
AF0720;Comision afiliere — f64.ro;Afiliere;RO;2performant;f64.ro;2performant;1.0;procent din vanzare;UNKNOWN;UNKNOWN;UNKNOWN;UNKNOWN;UNKNOWN;fara continut propriu;mica (deja integrat);usoara (cont activ);UNKNOWN;#999;https://www.f64.ro;activ
AF0721;Comision afiliere — manukashop.ro;Afiliere;RO;2performant;manukashop.ro;2performant;18.0;procent din vanzare;UNKNOWN;UNKNOWN;UNKNOWN;UNKNOWN;UNKNOWN;are pagina;mica (deja integrat);usoara (cont activ);UNKNOWN;#999;https://manukashop.ro/;activ
AF0722;Comision afiliere — teilor.ro;Afiliere;RO;2performant;teilor.ro;2performant;5.0;procent din vanzare;UNKNOWN;UNKNOWN;UNKNOWN;UNKNOWN;UNKNOWN;fara continut propriu;mica (deja integrat);usoara (cont activ);UNKNOWN;#999;https://teilor.ro/;activ
AF0723;Comision afiliere — pentruanimale.ro;Afiliere;RO;2performant;pentruanimale.ro;2performant;5.0;procent din vanzare;UNKNOWN;UNKNOWN;UNKNOWN;UNKNOWN;UNKNOWN;fara continut propriu;mica (deja integrat);usoara (cont activ);UNKNOWN;#999;https://pentruanimale.ro/;activ
AF0724;Comision afiliere — gryxx.ro;Afiliere;RO;2performant;gryxx.ro;2performant;5.0;procent din vanzare;UNKNOWN;UNKNOWN;UNKNOWN;UNKNOWN;UNKNOWN;fara continut propriu;mica (deja integrat);usoara (cont activ);UNKNOWN;#999;https://www.gryxx.ro;activ
AF0725;Comision afiliere — pravalianoastra.ro;Afiliere;RO;2performant;pravalianoastra.ro;2performant;10.0;procent din vanzare;UNKNOWN;UNKNOWN;UNKNOWN;UNKNOWN;UNKNOWN;fara continut propriu;mica (deja integrat);usoara (cont activ);UNKNOWN;#999;https://www.pravalianoastra.ro;activ
AF0726;Comision afiliere — parmashop.ro;Afiliere;RO;2performant;parmashop.ro;2performant;7.0;procent din vanzare;UNKNOWN;UNKNOWN;UNKNOWN;UNKNOWN;UNKNOWN;fara continut propriu;mica (deja integrat);usoara (cont activ);UNKNOWN;#999;https://parmashop.ro;activ
AF0727;Comision afiliere — autoeco.ro;Afiliere;RO;2performant;autoeco.ro;2performant;3.5;procent din vanzare;UNKNOWN;UNKNOWN;UNKNOWN;UNKNOWN;UNKNOWN;fara continut propriu;mica (deja integrat);usoara (cont activ);UNKNOWN;#999;https://www.autoeco.ro;activ
AF0728;Comision afiliere — babyneeds.ro;Afiliere;RO;2performant;babyneeds.ro;2performant;3.0;procent din vanzare;UNKNOWN;UNKNOWN;UNKNOWN;UNKNOWN;UNKNOWN;fara continut propriu;mica (deja integrat);usoara (cont activ);UNKNOWN;#999;https://www.babyneeds.ro;activ
AF0729;Comision afiliere — notino.ro;Afiliere;RO;2performant;notino.ro;2performant;4.0;procent din vanzare;UNKNOWN;UNKNOWN;UNKNOWN;UNKNOWN;UNKNOWN;fara continut propriu;mica (deja integrat);usoara (cont activ);UNKNOWN;#999;https://www.notino.ro;activ
AF0730;Comision afiliere — maranc.ro;Afiliere;RO;2performant;maranc.ro;2performant;10.0;procent din vanzare;UNKNOWN;UNKNOWN;UNKNOWN;UNKNOWN;UNKNOWN;fara continut propriu;mica (deja integrat);usoara (cont activ);UNKNOWN;#999;https://maranc.ro;activ
AF0731;Comision afiliere — aqualine.ro;Afiliere;RO;2performant;aqualine.ro;2performant;12.0;procent din vanzare;UNKNOWN;UNKNOWN;UNKNOWN;UNKNOWN;UNKNOWN;fara continut propriu;mica (deja integrat);usoara (cont activ);UNKNOWN;#999;https://www.aqualine.ro/;activ
AF0732;Comision afiliere — dehaine.ro;Afiliere;RO;2performant;dehaine.ro;2performant;10.0;procent din vanzare;UNKNOWN;UNKNOWN;UNKNOWN;UNKNOWN;UNKNOWN;fara continut propriu;mica (deja integrat);usoara (cont activ);UNKNOWN;#999;https://www.dehaine.ro/;activ
AF0733;Comision afiliere — vetro.ro;Afiliere;RO;2performant;vetro.ro;2performant;3.5;procent din vanzare;UNKNOWN;UNKNOWN;UNKNOWN;UNKNOWN;UNKNOWN;fara continut propriu;mica (deja integrat);usoara (cont activ);UNKNOWN;#999;https://www.vetro.ro/;activ
AF0734;Comision afiliere — maprofi.ro;Afiliere;RO;2performant;maprofi.ro;2performant;12.0;procent din vanzare;UNKNOWN;UNKNOWN;UNKNOWN;UNKNOWN;UNKNOWN;fara continut propriu;mica (deja integrat);usoara (cont activ);UNKNOWN;#999;https://maprofi.ro;activ
AF0735;Comision afiliere — piese-biciclete.eu;Afiliere;international;2performant;piese-biciclete.eu;2performant;10.0;procent din vanzare;UNKNOWN;UNKNOWN;UNKNOWN;UNKNOWN;UNKNOWN;fara continut propriu;mica (deja integrat);usoara (cont activ);UNKNOWN;#999;https://piese-biciclete.eu/;activ
AF0736;Comision afiliere — infinitelove.ro;Afiliere;RO;2performant;infinitelove.ro;2performant;10.0;procent din vanzare;UNKNOWN;UNKNOWN;UNKNOWN;UNKNOWN;UNKNOWN;fara continut propriu;mica (deja integrat);usoara (cont activ);UNKNOWN;#999;https://www.infinitelove.ro;activ
AF0737;Comision afiliere — daar.ro;Afiliere;RO;2performant;daar.ro;2performant;10.0;procent din vanzare;UNKNOWN;UNKNOWN;UNKNOWN;UNKNOWN;UNKNOWN;fara continut propriu;mica (deja integrat);usoara (cont activ);UNKNOWN;#999;https://daar.ro;activ
AF0738;Comision afiliere — eumed.ro;Afiliere;RO;2performant;eumed.ro;2performant;5.0;procent din vanzare;UNKNOWN;UNKNOWN;UNKNOWN;UNKNOWN;UNKNOWN;fara continut propriu;mica (deja integrat);usoara (cont activ);UNKNOWN;#999;https://eumed.ro;activ
AF0739;Comision afiliere — benvenuti.com;Afiliere;international;2performant;benvenuti.com;2performant;10.0;procent din vanzare;UNKNOWN;UNKNOWN;UNKNOWN;UNKNOWN;UNKNOWN;fara continut propriu;mica (deja integrat);usoara (cont activ);UNKNOWN;#999;https://benvenuti.com/ro;activ
AF0740;Comision afiliere — ecovent.ro;Afiliere;RO;2performant;ecovent.ro;2performant;7.0;procent din vanzare;UNKNOWN;UNKNOWN;UNKNOWN;UNKNOWN;UNKNOWN;fara continut propriu;mica (deja integrat);usoara (cont activ);UNKNOWN;#999;https://ecovent.ro;activ
AF0741;Comision afiliere — liki24.ro;Afiliere;RO;2performant;liki24.ro;2performant;3.0;procent din vanzare;UNKNOWN;UNKNOWN;UNKNOWN;UNKNOWN;UNKNOWN;fara continut propriu;mica (deja integrat);usoara (cont activ);UNKNOWN;#999;https://liki24.ro;activ
AF0742;Comision afiliere — pfarma.ro;Afiliere;RO;2performant;pfarma.ro;2performant;5.0;procent din vanzare;UNKNOWN;UNKNOWN;UNKNOWN;UNKNOWN;UNKNOWN;fara continut propriu;mica (deja integrat);usoara (cont activ);UNKNOWN;#999;https://www.pfarma.ro;activ
AF0743;Comision afiliere — moftcollection.ro;Afiliere;RO;2performant;moftcollection.ro;2performant;20.0;procent din vanzare;UNKNOWN;UNKNOWN;UNKNOWN;UNKNOWN;UNKNOWN;are pagina;mica (deja integrat);usoara (cont activ);UNKNOWN;#999;https://www.moftcollection.ro/;activ
AF0744;Comision afiliere — erotic24.ro;Afiliere;RO;2performant;erotic24.ro;2performant;15.0;procent din vanzare;UNKNOWN;UNKNOWN;UNKNOWN;UNKNOWN;UNKNOWN;fara continut propriu;mica (deja integrat);usoara (cont activ);UNKNOWN;#999;https://www.erotic24.ro/;activ
AF0745;Comision afiliere — okoshazak.hu;Afiliere;international;2performant;okoshazak.hu;2performant;12.0;procent din vanzare;UNKNOWN;UNKNOWN;UNKNOWN;UNKNOWN;UNKNOWN;fara continut propriu;mica (deja integrat);usoara (cont activ);UNKNOWN;#999;https://okoshazak.hu;activ
AF0746;Comision afiliere — vegis.ro;Afiliere;RO;2performant;vegis.ro;2performant;8.0;procent din vanzare;UNKNOWN;UNKNOWN;UNKNOWN;UNKNOWN;UNKNOWN;fara continut propriu;mica (deja integrat);usoara (cont activ);UNKNOWN;#999;https://vegis.ro/;activ
AF0747;Comision afiliere — smokemania.ro;Afiliere;RO;2performant;smokemania.ro;2performant;12.0;procent din vanzare;UNKNOWN;UNKNOWN;UNKNOWN;UNKNOWN;UNKNOWN;fara continut propriu;mica (deja integrat);usoara (cont activ);UNKNOWN;#999;https://www.smokemania.ro/;activ
AF0748;Comision afiliere — decathlon.ro;Afiliere;RO;2performant;decathlon.ro;2performant;5.0;procent din vanzare;UNKNOWN;UNKNOWN;UNKNOWN;UNKNOWN;UNKNOWN;fara continut propriu;mica (deja integrat);usoara (cont activ);UNKNOWN;#999;https://www.decathlon.ro;activ
AF0749;Comision afiliere — sportdepot.ro;Afiliere;RO;2performant;sportdepot.ro;2performant;3.0;procent din vanzare;UNKNOWN;UNKNOWN;UNKNOWN;UNKNOWN;UNKNOWN;fara continut propriu;mica (deja integrat);usoara (cont activ);UNKNOWN;#999;https://www.sportdepot.ro/;activ
AF0750;Comision afiliere — trotty.ro;Afiliere;RO;2performant;trotty.ro;2performant;8.0;procent din vanzare;UNKNOWN;UNKNOWN;UNKNOWN;UNKNOWN;UNKNOWN;fara continut propriu;mica (deja integrat);usoara (cont activ);UNKNOWN;#999;https://trotty.ro;activ
AF0751;Comision afiliere — case-smart.ro;Afiliere;RO;2performant;case-smart.ro;2performant;10.0;procent din vanzare;UNKNOWN;UNKNOWN;UNKNOWN;UNKNOWN;UNKNOWN;fara continut propriu;mica (deja integrat);usoara (cont activ);UNKNOWN;#999;https://www.case-smart.ro;activ
AF0752;Comision afiliere — gsmnet.de;Afiliere;international;2performant;gsmnet.de;2performant;10.0;procent din vanzare;UNKNOWN;UNKNOWN;UNKNOWN;UNKNOWN;UNKNOWN;fara continut propriu;mica (deja integrat);usoara (cont activ);UNKNOWN;#999;https://GSMnet.de;activ
AF0753;Comision afiliere — baseone.ro;Afiliere;RO;2performant;baseone.ro;2performant;10.0;procent din vanzare;UNKNOWN;UNKNOWN;UNKNOWN;UNKNOWN;UNKNOWN;fara continut propriu;mica (deja integrat);usoara (cont activ);UNKNOWN;#999;https://www.baseone.ro/;activ
AF0754;Comision afiliere — nemira.ro;Afiliere;RO;2performant;nemira.ro;2performant;13.0;procent din vanzare;UNKNOWN;UNKNOWN;UNKNOWN;UNKNOWN;UNKNOWN;fara continut propriu;mica (deja integrat);usoara (cont activ);UNKNOWN;#999;https://nemira.ro/;activ
AF0755;Comision afiliere — ookee.ro;Afiliere;RO;2performant;ookee.ro;2performant;5.0;procent din vanzare;UNKNOWN;UNKNOWN;UNKNOWN;UNKNOWN;UNKNOWN;are pagina;mica (deja integrat);usoara (cont activ);UNKNOWN;#999;https://www.ookee.ro/;activ
AF0756;Comision afiliere — pieseautoscan.ro;Afiliere;RO;2performant;pieseautoscan.ro;2performant;6.0;procent din vanzare;UNKNOWN;UNKNOWN;UNKNOWN;UNKNOWN;UNKNOWN;fara continut propriu;mica (deja integrat);usoara (cont activ);UNKNOWN;#999;https://www.pieseautoscan.ro/;activ
AF0757;Comision afiliere — homs.ro;Afiliere;RO;2performant;homs.ro;2performant;6.0;procent din vanzare;UNKNOWN;UNKNOWN;UNKNOWN;UNKNOWN;UNKNOWN;fara continut propriu;mica (deja integrat);usoara (cont activ);UNKNOWN;#999;https://homs.ro;activ
AF0758;Comision afiliere — mezoni.ro;Afiliere;RO;2performant;mezoni.ro;2performant;7.0;procent din vanzare;UNKNOWN;UNKNOWN;UNKNOWN;UNKNOWN;UNKNOWN;fara continut propriu;mica (deja integrat);usoara (cont activ);UNKNOWN;#999;https://www.mezoni.ro;activ
AF0759;Comision afiliere — videt.ro;Afiliere;RO;2performant;videt.ro;2performant;10.0;procent din vanzare;UNKNOWN;UNKNOWN;UNKNOWN;UNKNOWN;UNKNOWN;fara continut propriu;mica (deja integrat);usoara (cont activ);UNKNOWN;#999;https://videt.ro;activ
AF0760;Comision afiliere — picadili.ro;Afiliere;RO;2performant;picadili.ro;2performant;15.0;procent din vanzare;UNKNOWN;UNKNOWN;UNKNOWN;UNKNOWN;UNKNOWN;fara continut propriu;mica (deja integrat);usoara (cont activ);UNKNOWN;#999;https://picadili.ro;activ
AF0761;Comision afiliere — nailsup.ro;Afiliere;RO;2performant;nailsup.ro;2performant;15.0;procent din vanzare;UNKNOWN;UNKNOWN;UNKNOWN;UNKNOWN;UNKNOWN;fara continut propriu;mica (deja integrat);usoara (cont activ);UNKNOWN;#999;https://nailsup.ro/;activ
AF0762;Comision afiliere — dezmembraru.ro;Afiliere;RO;2performant;dezmembraru.ro;2performant;10.5;procent din vanzare;UNKNOWN;UNKNOWN;UNKNOWN;UNKNOWN;UNKNOWN;fara continut propriu;mica (deja integrat);usoara (cont activ);UNKNOWN;#999;https://dezmembraru.ro/;activ
AF0763;Comision afiliere — ihunt.ro;Afiliere;RO;2performant;ihunt.ro;2performant;5.0;procent din vanzare;UNKNOWN;UNKNOWN;UNKNOWN;UNKNOWN;UNKNOWN;fara continut propriu;mica (deja integrat);usoara (cont activ);UNKNOWN;#999;https://ihunt.ro/;activ
AF0764;Comision afiliere — somnart.ro;Afiliere;RO;2performant;somnart.ro;2performant;10.0;procent din vanzare;UNKNOWN;UNKNOWN;UNKNOWN;UNKNOWN;UNKNOWN;fara continut propriu;mica (deja integrat);usoara (cont activ);UNKNOWN;#999;https://www.somnart.ro;activ
AF0765;Comision afiliere — librex.ro;Afiliere;RO;2performant;librex.ro;2performant;10.0;procent din vanzare;UNKNOWN;UNKNOWN;UNKNOWN;UNKNOWN;UNKNOWN;fara continut propriu;mica (deja integrat);usoara (cont activ);UNKNOWN;#999;https://www.librex.ro;activ
AF0766;Comision afiliere — karcher.com;Afiliere;international;2performant;karcher.com;2performant;5.0;procent din vanzare;UNKNOWN;UNKNOWN;UNKNOWN;UNKNOWN;UNKNOWN;are pagina;mica (deja integrat);usoara (cont activ);UNKNOWN;#999;https://www.karcher.com/ro/ro;activ
AF0767;Comision afiliere — barber-store.ro;Afiliere;RO;2performant;barber-store.ro;2performant;5.0;procent din vanzare;UNKNOWN;UNKNOWN;UNKNOWN;UNKNOWN;UNKNOWN;fara continut propriu;mica (deja integrat);usoara (cont activ);UNKNOWN;#999;https://barber-store.ro;activ
AF0768;Comision afiliere — nevertebrate.ro;Afiliere;RO;2performant;nevertebrate.ro;2performant;5.0;procent din vanzare;UNKNOWN;UNKNOWN;UNKNOWN;UNKNOWN;UNKNOWN;fara continut propriu;mica (deja integrat);usoara (cont activ);UNKNOWN;#999;https://www.nevertebrate.ro/;activ
AF0769;Comision afiliere — craftmystic.ro;Afiliere;RO;2performant;craftmystic.ro;2performant;11.0;procent din vanzare;UNKNOWN;UNKNOWN;UNKNOWN;UNKNOWN;UNKNOWN;fara continut propriu;mica (deja integrat);usoara (cont activ);UNKNOWN;#999;https://www.craftmystic.ro;activ
AF0770;Comision afiliere — ufit.ro;Afiliere;RO;2performant;ufit.ro;2performant;10.0;procent din vanzare;UNKNOWN;UNKNOWN;UNKNOWN;UNKNOWN;UNKNOWN;fara continut propriu;mica (deja integrat);usoara (cont activ);UNKNOWN;#999;https://www.ufit.ro;activ
AF0771;Comision afiliere — edituracorint.ro;Afiliere;RO;2performant;edituracorint.ro;2performant;10.0;procent din vanzare;UNKNOWN;UNKNOWN;UNKNOWN;UNKNOWN;UNKNOWN;fara continut propriu;mica (deja integrat);usoara (cont activ);UNKNOWN;#999;https://edituracorint.ro/;activ
AF0772;Comision afiliere — a2t.ro;Afiliere;RO;2performant;a2t.ro;2performant;5.0;procent din vanzare;UNKNOWN;UNKNOWN;UNKNOWN;UNKNOWN;UNKNOWN;fara continut propriu;mica (deja integrat);usoara (cont activ);UNKNOWN;#999;https://a2t.ro/;activ
AF0773;Comision afiliere — paa-home.ro;Afiliere;RO;2performant;paa-home.ro;2performant;7.0;procent din vanzare;UNKNOWN;UNKNOWN;UNKNOWN;UNKNOWN;UNKNOWN;are pagina;mica (deja integrat);usoara (cont activ);UNKNOWN;#999;https://paa-home.ro;activ
AF0774;Comision afiliere — liki24.be;Afiliere;international;2performant;liki24.be;2performant;3.0;procent din vanzare;UNKNOWN;UNKNOWN;UNKNOWN;UNKNOWN;UNKNOWN;fara continut propriu;mica (deja integrat);usoara (cont activ);UNKNOWN;#999;https://liki24.be;activ
AF0775;Comision afiliere — apiland.ro;Afiliere;RO;2performant;apiland.ro;2performant;10.0;procent din vanzare;UNKNOWN;UNKNOWN;UNKNOWN;UNKNOWN;UNKNOWN;are pagina;mica (deja integrat);usoara (cont activ);UNKNOWN;#999;https://www.apiland.ro/;activ
AF0776;Comision afiliere — bitmi.ro;Afiliere;RO;2performant;bitmi.ro;2performant;5.0;procent din vanzare;UNKNOWN;UNKNOWN;UNKNOWN;UNKNOWN;UNKNOWN;fara continut propriu;mica (deja integrat);usoara (cont activ);UNKNOWN;#999;https://www.bitmi.ro;activ
AF0777;Comision afiliere — happypets.ro;Afiliere;RO;2performant;happypets.ro;2performant;5.0;procent din vanzare;UNKNOWN;UNKNOWN;UNKNOWN;UNKNOWN;UNKNOWN;fara continut propriu;mica (deja integrat);usoara (cont activ);UNKNOWN;#999;https://happypets.ro;activ
AF0778;Comision afiliere — liki24.it;Afiliere;international;2performant;liki24.it;2performant;3.0;procent din vanzare;UNKNOWN;UNKNOWN;UNKNOWN;UNKNOWN;UNKNOWN;fara continut propriu;mica (deja integrat);usoara (cont activ);UNKNOWN;#999;https://liki24.it/;activ
AF0779;Comision afiliere — evolutionpowertools.ro;Afiliere;RO;2performant;evolutionpowertools.ro;2performant;8.0;procent din vanzare;UNKNOWN;UNKNOWN;UNKNOWN;UNKNOWN;UNKNOWN;fara continut propriu;mica (deja integrat);usoara (cont activ);UNKNOWN;#999;https://evolutionpowertools.ro;activ
AF0780;Comision afiliere — haaus.ro;Afiliere;RO;2performant;haaus.ro;2performant;5.0;procent din vanzare;UNKNOWN;UNKNOWN;UNKNOWN;UNKNOWN;UNKNOWN;fara continut propriu;mica (deja integrat);usoara (cont activ);UNKNOWN;#999;https://haaus.ro/;activ
AF0781;Comision afiliere — pensulemachiaj.ro;Afiliere;RO;2performant;pensulemachiaj.ro;2performant;15.0;procent din vanzare;UNKNOWN;UNKNOWN;UNKNOWN;UNKNOWN;UNKNOWN;fara continut propriu;mica (deja integrat);usoara (cont activ);UNKNOWN;#999;https://www.pensulemachiaj.ro;activ
AF0782;Comision afiliere — novvu.ro;Afiliere;RO;2performant;novvu.ro;2performant;15.0;procent din vanzare;UNKNOWN;UNKNOWN;UNKNOWN;UNKNOWN;UNKNOWN;fara continut propriu;mica (deja integrat);usoara (cont activ);UNKNOWN;#999;https://novvu.ro;activ
AF0783;Comision afiliere — anticexlibris.ro;Afiliere;RO;2performant;anticexlibris.ro;2performant;7.0;procent din vanzare;UNKNOWN;UNKNOWN;UNKNOWN;UNKNOWN;UNKNOWN;fara continut propriu;mica (deja integrat);usoara (cont activ);UNKNOWN;#999;https://www.anticexlibris.ro/;activ
AF0784;Comision afiliere — greeno.ro;Afiliere;RO;2performant;greeno.ro;2performant;10.0;procent din vanzare;UNKNOWN;UNKNOWN;UNKNOWN;UNKNOWN;UNKNOWN;fara continut propriu;mica (deja integrat);usoara (cont activ);UNKNOWN;#999;https://greeno.ro;activ
AF0785;Comision afiliere — kinderplay.ro;Afiliere;RO;2performant;kinderplay.ro;2performant;8.0;procent din vanzare;UNKNOWN;UNKNOWN;UNKNOWN;UNKNOWN;UNKNOWN;fara continut propriu;mica (deja integrat);usoara (cont activ);UNKNOWN;#999;https://www.kinderplay.ro/;activ
AF0786;Comision afiliere — qudo.ro;Afiliere;RO;2performant;qudo.ro;2performant;13.0;procent din vanzare;UNKNOWN;UNKNOWN;UNKNOWN;UNKNOWN;UNKNOWN;fara continut propriu;mica (deja integrat);usoara (cont activ);UNKNOWN;#999;https://qudo.ro;activ
AF0787;Comision afiliere — ortopedicus.com;Afiliere;international;2performant;ortopedicus.com;2performant;10.0;procent din vanzare;UNKNOWN;UNKNOWN;UNKNOWN;UNKNOWN;UNKNOWN;fara continut propriu;mica (deja integrat);usoara (cont activ);UNKNOWN;#999;https://ortopedicus.com/;activ
AF0788;Comision afiliere — everin.ro;Afiliere;RO;2performant;everin.ro;2performant;15.0;procent din vanzare;UNKNOWN;UNKNOWN;UNKNOWN;UNKNOWN;UNKNOWN;fara continut propriu;mica (deja integrat);usoara (cont activ);UNKNOWN;#999;https://everin.ro;activ
AF0789;Comision afiliere — produsecosmetice.ro;Afiliere;RO;2performant;produsecosmetice.ro;2performant;10.0;procent din vanzare;UNKNOWN;UNKNOWN;UNKNOWN;UNKNOWN;UNKNOWN;fara continut propriu;mica (deja integrat);usoara (cont activ);UNKNOWN;#999;https://www.produsecosmetice.ro/;activ
AF0790;Comision afiliere — papusica.ro;Afiliere;RO;2performant;papusica.ro;2performant;14.5;procent din vanzare;UNKNOWN;UNKNOWN;UNKNOWN;UNKNOWN;UNKNOWN;fara continut propriu;mica (deja integrat);usoara (cont activ);UNKNOWN;#999;https://papusica.ro;activ
AF0791;Comision afiliere — robazar.ro;Afiliere;RO;2performant;robazar.ro;2performant;10.0;procent din vanzare;UNKNOWN;UNKNOWN;UNKNOWN;UNKNOWN;UNKNOWN;fara continut propriu;mica (deja integrat);usoara (cont activ);UNKNOWN;#999;https://robazar.ro/;activ
AF0792;Comision afiliere — liki24.nl;Afiliere;international;2performant;liki24.nl;2performant;3.0;procent din vanzare;UNKNOWN;UNKNOWN;UNKNOWN;UNKNOWN;UNKNOWN;fara continut propriu;mica (deja integrat);usoara (cont activ);UNKNOWN;#999;https://liki24.nl;activ
AF0793;Comision afiliere — elindor.ro;Afiliere;RO;2performant;elindor.ro;2performant;10.0;procent din vanzare;UNKNOWN;UNKNOWN;UNKNOWN;UNKNOWN;UNKNOWN;fara continut propriu;mica (deja integrat);usoara (cont activ);UNKNOWN;#999;https://elindor.ro/;activ
AF0794;Comision afiliere — petmagazin.ro;Afiliere;RO;2performant;petmagazin.ro;2performant;5.0;procent din vanzare;UNKNOWN;UNKNOWN;UNKNOWN;UNKNOWN;UNKNOWN;fara continut propriu;mica (deja integrat);usoara (cont activ);UNKNOWN;#999;https://petmagazin.ro;activ
AF0795;Comision afiliere — store.irinareisler.ro;Afiliere;RO;2performant;store.irinareisler.ro;2performant;10.0;procent din vanzare;UNKNOWN;UNKNOWN;UNKNOWN;UNKNOWN;UNKNOWN;fara continut propriu;mica (deja integrat);usoara (cont activ);UNKNOWN;#999;https://store.irinareisler.ro/;activ
AF0796;Comision afiliere — vonmag.ro;Afiliere;RO;2performant;vonmag.ro;2performant;3.0;procent din vanzare;UNKNOWN;UNKNOWN;UNKNOWN;UNKNOWN;UNKNOWN;fara continut propriu;mica (deja integrat);usoara (cont activ);UNKNOWN;#999;https://www.vonmag.ro/;activ
AF0797;Comision afiliere — tamos.ro;Afiliere;RO;2performant;tamos.ro;2performant;5.0;procent din vanzare;UNKNOWN;UNKNOWN;UNKNOWN;UNKNOWN;UNKNOWN;fara continut propriu;mica (deja integrat);usoara (cont activ);UNKNOWN;#999;https://www.tamos.ro;activ
AF0798;Comision afiliere — atelierulfamiliei.ro;Afiliere;RO;2performant;atelierulfamiliei.ro;2performant;8.0;procent din vanzare;UNKNOWN;UNKNOWN;UNKNOWN;UNKNOWN;UNKNOWN;fara continut propriu;mica (deja integrat);usoara (cont activ);UNKNOWN;#999;https://www.atelierulfamiliei.ro;activ
AF0799;Comision afiliere — bagstodoor.ro;Afiliere;RO;2performant;bagstodoor.ro;2performant;8.0;procent din vanzare;UNKNOWN;UNKNOWN;UNKNOWN;UNKNOWN;UNKNOWN;fara continut propriu;mica (deja integrat);usoara (cont activ);UNKNOWN;#999;https://bagstodoor.ro/;activ
AF0800;Comision afiliere — kamin.ro;Afiliere;RO;2performant;kamin.ro;2performant;10.0;procent din vanzare;UNKNOWN;UNKNOWN;UNKNOWN;UNKNOWN;UNKNOWN;fara continut propriu;mica (deja integrat);usoara (cont activ);UNKNOWN;#999;https://kamin.ro;activ
AF0801;Comision afiliere — vopsinel.ro;Afiliere;RO;2performant;vopsinel.ro;2performant;3.0;procent din vanzare;UNKNOWN;UNKNOWN;UNKNOWN;UNKNOWN;UNKNOWN;fara continut propriu;mica (deja integrat);usoara (cont activ);UNKNOWN;#999;https://vopsinel.ro/;activ
AF0802;Comision afiliere — caraielli.ro;Afiliere;RO;2performant;caraielli.ro;2performant;10.0;procent din vanzare;UNKNOWN;UNKNOWN;UNKNOWN;UNKNOWN;UNKNOWN;fara continut propriu;mica (deja integrat);usoara (cont activ);UNKNOWN;#999;https://www.caraielli.ro;activ
AF0803;Comision afiliere — gorillasports.ro;Afiliere;RO;2performant;gorillasports.ro;2performant;10.0;procent din vanzare;UNKNOWN;UNKNOWN;UNKNOWN;UNKNOWN;UNKNOWN;fara continut propriu;mica (deja integrat);usoara (cont activ);UNKNOWN;#999;https://www.gorillasports.ro;activ
AF0804;Comision afiliere — gossi.ro;Afiliere;RO;2performant;gossi.ro;2performant;5.0;procent din vanzare;UNKNOWN;UNKNOWN;UNKNOWN;UNKNOWN;UNKNOWN;fara continut propriu;mica (deja integrat);usoara (cont activ);UNKNOWN;#999;https://gossi.ro;activ
AF0805;Comision afiliere — depozitsolar.ro;Afiliere;RO;2performant;depozitsolar.ro;2performant;1.5;procent din vanzare;UNKNOWN;UNKNOWN;UNKNOWN;UNKNOWN;UNKNOWN;fara continut propriu;mica (deja integrat);usoara (cont activ);UNKNOWN;#999;https://depozitsolar.ro/;activ
AF0806;Comision afiliere — magazin-bbraun.ro;Afiliere;RO;2performant;magazin-bbraun.ro;2performant;5.0;procent din vanzare;UNKNOWN;UNKNOWN;UNKNOWN;UNKNOWN;UNKNOWN;fara continut propriu;mica (deja integrat);usoara (cont activ);UNKNOWN;#999;https://www.magazin-bbraun.ro;activ
AF0807;Comision afiliere — casadecologistics.ro;Afiliere;RO;2performant;casadecologistics.ro;2performant;11.0;procent din vanzare;UNKNOWN;UNKNOWN;UNKNOWN;UNKNOWN;UNKNOWN;fara continut propriu;mica (deja integrat);usoara (cont activ);UNKNOWN;#999;https://casadecologistics.ro;activ
AF0808;Comision afiliere — arabescu.ro;Afiliere;RO;2performant;arabescu.ro;2performant;5.0;procent din vanzare;UNKNOWN;UNKNOWN;UNKNOWN;UNKNOWN;UNKNOWN;are pagina;mica (deja integrat);usoara (cont activ);UNKNOWN;#999;https://arabescu.ro;activ
AF0809;Comision afiliere — fsm-romania.ro;Afiliere;RO;2performant;fsm-romania.ro;2performant;15.0;procent din vanzare;UNKNOWN;UNKNOWN;UNKNOWN;UNKNOWN;UNKNOWN;fara continut propriu;mica (deja integrat);usoara (cont activ);UNKNOWN;#999;https://fsm-romania.ro;activ
AF0810;Comision afiliere — pickndazzle.com;Afiliere;international;2performant;pickndazzle.com;2performant;5.0;procent din vanzare;UNKNOWN;UNKNOWN;UNKNOWN;UNKNOWN;UNKNOWN;fara continut propriu;mica (deja integrat);usoara (cont activ);UNKNOWN;#999;https://www.pickndazzle.com/;activ
AF0811;Comision afiliere — pescar-expert.ro;Afiliere;RO;2performant;pescar-expert.ro;2performant;5.0;procent din vanzare;UNKNOWN;UNKNOWN;UNKNOWN;UNKNOWN;UNKNOWN;fara continut propriu;mica (deja integrat);usoara (cont activ);UNKNOWN;#999;https://www.pescar-expert.ro/;activ
AF0812;Comision afiliere — lu.ro;Afiliere;RO;2performant;lu.ro;2performant;20.0;procent din vanzare;UNKNOWN;UNKNOWN;UNKNOWN;UNKNOWN;UNKNOWN;fara continut propriu;mica (deja integrat);usoara (cont activ);UNKNOWN;#999;https://lu.ro/;activ
AF0813;Comision afiliere — cadourisiperle.ro;Afiliere;RO;2performant;cadourisiperle.ro;2performant;8.0;procent din vanzare;UNKNOWN;UNKNOWN;UNKNOWN;UNKNOWN;UNKNOWN;fara continut propriu;mica (deja integrat);usoara (cont activ);UNKNOWN;#999;https://cadourisiperle.ro/;activ
AF0814;Comision afiliere — tenq.ro;Afiliere;RO;2performant;tenq.ro;2performant;15.0;procent din vanzare;UNKNOWN;UNKNOWN;UNKNOWN;UNKNOWN;UNKNOWN;fara continut propriu;mica (deja integrat);usoara (cont activ);UNKNOWN;#999;https://www.tenq.ro;activ
AF0815;Comision afiliere — edituratrei.ro;Afiliere;RO;2performant;edituratrei.ro;2performant;10.0;procent din vanzare;UNKNOWN;UNKNOWN;UNKNOWN;UNKNOWN;UNKNOWN;fara continut propriu;mica (deja integrat);usoara (cont activ);UNKNOWN;#999;https://www.edituratrei.ro/;activ
AF0816;Comision afiliere — aleo.ro;Afiliere;RO;2performant;aleo.ro;2performant;1.0;procent din vanzare;UNKNOWN;UNKNOWN;UNKNOWN;UNKNOWN;UNKNOWN;fara continut propriu;mica (deja integrat);usoara (cont activ);UNKNOWN;#999;https://aleo.ro/;activ
AF0817;Comision afiliere — ottobroker.ro;Afiliere;RO;2performant;ottobroker.ro;2performant;3.5;procent din vanzare;UNKNOWN;UNKNOWN;UNKNOWN;UNKNOWN;UNKNOWN;fara continut propriu;mica (deja integrat);usoara (cont activ);UNKNOWN;#999;https://ottobroker.ro;activ
AF0818;Comision afiliere — agroclima.ro;Afiliere;RO;2performant;agroclima.ro;2performant;5.0;procent din vanzare;UNKNOWN;UNKNOWN;UNKNOWN;UNKNOWN;UNKNOWN;fara continut propriu;mica (deja integrat);usoara (cont activ);UNKNOWN;#999;https://www.agroclima.ro/;activ
AF0819;Comision afiliere — alecoair.ro;Afiliere;RO;2performant;alecoair.ro;2performant;5.0;procent din vanzare;UNKNOWN;UNKNOWN;UNKNOWN;UNKNOWN;UNKNOWN;fara continut propriu;mica (deja integrat);usoara (cont activ);UNKNOWN;#999;https://alecoair.ro/;activ
AF0820;Comision afiliere — gorgeaux.ro;Afiliere;RO;2performant;gorgeaux.ro;2performant;13.0;procent din vanzare;UNKNOWN;UNKNOWN;UNKNOWN;UNKNOWN;UNKNOWN;fara continut propriu;mica (deja integrat);usoara (cont activ);UNKNOWN;#999;https://gorgeaux.ro;activ
AF0821;Comision afiliere — masif.ro;Afiliere;RO;2performant;masif.ro;2performant;3.0;procent din vanzare;UNKNOWN;UNKNOWN;UNKNOWN;UNKNOWN;UNKNOWN;fara continut propriu;mica (deja integrat);usoara (cont activ);UNKNOWN;#999;https://masif.ro/;activ
AF0822;Comision afiliere — edituradph.ro;Afiliere;RO;2performant;edituradph.ro;2performant;8.0;procent din vanzare;UNKNOWN;UNKNOWN;UNKNOWN;UNKNOWN;UNKNOWN;fara continut propriu;mica (deja integrat);usoara (cont activ);UNKNOWN;#999;https://edituradph.ro/;activ
AF0823;Comision afiliere — dacris.net;Afiliere;international;2performant;dacris.net;2performant;10.0;procent din vanzare;UNKNOWN;UNKNOWN;UNKNOWN;UNKNOWN;UNKNOWN;fara continut propriu;mica (deja integrat);usoara (cont activ);UNKNOWN;#999;https://dacris.net/;activ
AF0824;Comision afiliere — maslinescu.ro;Afiliere;RO;2performant;maslinescu.ro;2performant;10.0;procent din vanzare;UNKNOWN;UNKNOWN;UNKNOWN;UNKNOWN;UNKNOWN;fara continut propriu;mica (deja integrat);usoara (cont activ);UNKNOWN;#999;https://maslinescu.ro;activ
AF0825;Comision afiliere — portulromanesc.ro;Afiliere;RO;2performant;portulromanesc.ro;2performant;13.0;procent din vanzare;UNKNOWN;UNKNOWN;UNKNOWN;UNKNOWN;UNKNOWN;fara continut propriu;mica (deja integrat);usoara (cont activ);UNKNOWN;#999;https://portulromanesc.ro;activ
AF0826;Comision afiliere — cartuseria.ro;Afiliere;RO;2performant;cartuseria.ro;2performant;10.0;procent din vanzare;UNKNOWN;UNKNOWN;UNKNOWN;UNKNOWN;UNKNOWN;fara continut propriu;mica (deja integrat);usoara (cont activ);UNKNOWN;#999;https://www.cartuseria.ro/;activ
AF0827;Comision afiliere — ietraditionala.com;Afiliere;international;2performant;ietraditionala.com;2performant;13.0;procent din vanzare;UNKNOWN;UNKNOWN;UNKNOWN;UNKNOWN;UNKNOWN;fara continut propriu;mica (deja integrat);usoara (cont activ);UNKNOWN;#999;https://www.ietraditionala.com;activ
AF0828;Comision afiliere — prestigehome.ro;Afiliere;RO;2performant;prestigehome.ro;2performant;5.0;procent din vanzare;UNKNOWN;UNKNOWN;UNKNOWN;UNKNOWN;UNKNOWN;fara continut propriu;mica (deja integrat);usoara (cont activ);UNKNOWN;#999;https://www.prestigehome.ro/;activ
AF0829;Comision afiliere — druzy.ro;Afiliere;RO;2performant;druzy.ro;2performant;10.0;procent din vanzare;UNKNOWN;UNKNOWN;UNKNOWN;UNKNOWN;UNKNOWN;fara continut propriu;mica (deja integrat);usoara (cont activ);UNKNOWN;#999;https://www.druzy.ro;activ
AF0830;Comision afiliere — babyroll.ro;Afiliere;RO;2performant;babyroll.ro;2performant;8.0;procent din vanzare;UNKNOWN;UNKNOWN;UNKNOWN;UNKNOWN;UNKNOWN;fara continut propriu;mica (deja integrat);usoara (cont activ);UNKNOWN;#999;https://babyroll.ro/;activ
AF0831;Comision afiliere — magazinuldesah.ro;Afiliere;RO;2performant;magazinuldesah.ro;2performant;7.0;procent din vanzare;UNKNOWN;UNKNOWN;UNKNOWN;UNKNOWN;UNKNOWN;fara continut propriu;mica (deja integrat);usoara (cont activ);UNKNOWN;#999;https://www.magazinuldesah.ro;activ
AF0832;Comision afiliere — farmaciilenapofarm.ro;Afiliere;RO;2performant;farmaciilenapofarm.ro;2performant;1.5;procent din vanzare;UNKNOWN;UNKNOWN;UNKNOWN;UNKNOWN;UNKNOWN;fara continut propriu;mica (deja integrat);usoara (cont activ);UNKNOWN;#999;https://www.farmaciilenapofarm.ro;activ
AF0833;Comision afiliere — libhumanitas.ro;Afiliere;RO;2performant;libhumanitas.ro;2performant;10.0;procent din vanzare;UNKNOWN;UNKNOWN;UNKNOWN;UNKNOWN;UNKNOWN;fara continut propriu;mica (deja integrat);usoara (cont activ);UNKNOWN;#999;https://www.libhumanitas.ro/;activ
AF0834;Comision afiliere — 3gifts.ro;Afiliere;RO;2performant;3gifts.ro;2performant;15.0;procent din vanzare;UNKNOWN;UNKNOWN;UNKNOWN;UNKNOWN;UNKNOWN;fara continut propriu;mica (deja integrat);usoara (cont activ);UNKNOWN;#999;https://www.3gifts.ro/;activ
AF0835;Comision afiliere — cyberfolks.ro;Afiliere;RO;2performant;cyberfolks.ro;2performant;1.0;procent din vanzare;UNKNOWN;UNKNOWN;UNKNOWN;UNKNOWN;UNKNOWN;fara continut propriu;mica (deja integrat);usoara (cont activ);UNKNOWN;#999;https://cyberfolks.ro/;activ
AF0836;Comision afiliere — watchshop.ro;Afiliere;RO;2performant;watchshop.ro;2performant;8.0;procent din vanzare;UNKNOWN;UNKNOWN;UNKNOWN;UNKNOWN;UNKNOWN;fara continut propriu;mica (deja integrat);usoara (cont activ);UNKNOWN;#999;https://www.watchshop.ro/;activ
AF0837;Comision afiliere — zoomania.ro;Afiliere;RO;2performant;zoomania.ro;2performant;5.0;procent din vanzare;UNKNOWN;UNKNOWN;UNKNOWN;UNKNOWN;UNKNOWN;fara continut propriu;mica (deja integrat);usoara (cont activ);UNKNOWN;#999;https://www.zoomania.ro;activ
AF0838;Comision afiliere — autokids.ro;Afiliere;RO;2performant;autokids.ro;2performant;6.0;procent din vanzare;UNKNOWN;UNKNOWN;UNKNOWN;UNKNOWN;UNKNOWN;fara continut propriu;mica (deja integrat);usoara (cont activ);UNKNOWN;#999;https://autokids.ro;activ
AF0839;Comision afiliere — novambient.ro;Afiliere;RO;2performant;novambient.ro;2performant;2.0;procent din vanzare;UNKNOWN;UNKNOWN;UNKNOWN;UNKNOWN;UNKNOWN;fara continut propriu;mica (deja integrat);usoara (cont activ);UNKNOWN;#999;https://novambient.ro;activ
AF0840;Comision afiliere — minikids.ro;Afiliere;RO;2performant;minikids.ro;2performant;10.0;procent din vanzare;UNKNOWN;UNKNOWN;UNKNOWN;UNKNOWN;UNKNOWN;fara continut propriu;mica (deja integrat);usoara (cont activ);UNKNOWN;#999;https://minikids.ro;activ
AF0841;Comision afiliere — enigma-plant.ro;Afiliere;RO;2performant;enigma-plant.ro;2performant;10.0;procent din vanzare;UNKNOWN;UNKNOWN;UNKNOWN;UNKNOWN;UNKNOWN;fara continut propriu;mica (deja integrat);usoara (cont activ);UNKNOWN;#999;https://www.enigma-plant.ro/;activ
AF0842;Comision afiliere — casanewconcept.ro;Afiliere;RO;2performant;casanewconcept.ro;2performant;8.0;procent din vanzare;UNKNOWN;UNKNOWN;UNKNOWN;UNKNOWN;UNKNOWN;fara continut propriu;mica (deja integrat);usoara (cont activ);UNKNOWN;#999;https://casanewconcept.ro/;activ
AF0843;Comision afiliere — myown.ro;Afiliere;RO;2performant;myown.ro;2performant;13.0;procent din vanzare;UNKNOWN;UNKNOWN;UNKNOWN;UNKNOWN;UNKNOWN;fara continut propriu;mica (deja integrat);usoara (cont activ);UNKNOWN;#999;https://www.myown.ro;activ
AF0844;Comision afiliere — shop4pet.ro;Afiliere;RO;2performant;shop4pet.ro;2performant;7.0;procent din vanzare;UNKNOWN;UNKNOWN;UNKNOWN;UNKNOWN;UNKNOWN;fara continut propriu;mica (deja integrat);usoara (cont activ);UNKNOWN;#999;https://www.shop4pet.ro;activ
AF0845;Comision afiliere — pandera.ro;Afiliere;RO;2performant;pandera.ro;2performant;10.0;procent din vanzare;UNKNOWN;UNKNOWN;UNKNOWN;UNKNOWN;UNKNOWN;fara continut propriu;mica (deja integrat);usoara (cont activ);UNKNOWN;#999;https://www.pandera.ro/;activ
AF0846;Comision afiliere — creativ.ro;Afiliere;RO;2performant;creativ.ro;2performant;12.0;procent din vanzare;UNKNOWN;UNKNOWN;UNKNOWN;UNKNOWN;UNKNOWN;fara continut propriu;mica (deja integrat);usoara (cont activ);UNKNOWN;#999;https://creativ.ro;activ
AF0847;Comision afiliere — electricsun.de;Afiliere;international;2performant;electricsun.de;2performant;10.0;procent din vanzare;UNKNOWN;UNKNOWN;UNKNOWN;UNKNOWN;UNKNOWN;fara continut propriu;mica (deja integrat);usoara (cont activ);UNKNOWN;#999;https://ElectricSun.de;activ
AF0848;Comision afiliere — petit-bebe.ro;Afiliere;RO;2performant;petit-bebe.ro;2performant;8.0;procent din vanzare;UNKNOWN;UNKNOWN;UNKNOWN;UNKNOWN;UNKNOWN;fara continut propriu;mica (deja integrat);usoara (cont activ);UNKNOWN;#999;https://petit-bebe.ro;activ
AF0849;Comision afiliere — ginissima.ro;Afiliere;RO;2performant;ginissima.ro;2performant;12.0;procent din vanzare;UNKNOWN;UNKNOWN;UNKNOWN;UNKNOWN;UNKNOWN;fara continut propriu;mica (deja integrat);usoara (cont activ);UNKNOWN;#999;https://ginissima.ro;activ
AF0850;Comision afiliere — smartheater.ro;Afiliere;RO;2performant;smartheater.ro;2performant;5.0;procent din vanzare;UNKNOWN;UNKNOWN;UNKNOWN;UNKNOWN;UNKNOWN;fara continut propriu;mica (deja integrat);usoara (cont activ);UNKNOWN;#999;https://www.smartheater.ro;activ
AF0851;Comision afiliere — chicco.ro;Afiliere;RO;2performant;chicco.ro;2performant;6.0;procent din vanzare;UNKNOWN;UNKNOWN;UNKNOWN;UNKNOWN;UNKNOWN;fara continut propriu;mica (deja integrat);usoara (cont activ);UNKNOWN;#999;https://www.chicco.ro/;activ
AF0852;Comision afiliere — cauciucuridirect.ro;Afiliere;RO;2performant;cauciucuridirect.ro;2performant;3.0;procent din vanzare;UNKNOWN;UNKNOWN;UNKNOWN;UNKNOWN;UNKNOWN;fara continut propriu;mica (deja integrat);usoara (cont activ);UNKNOWN;#999;https://www.cauciucuridirect.ro/;activ
AF0853;Comision afiliere — edituragama.ro;Afiliere;RO;2performant;edituragama.ro;2performant;15.0;procent din vanzare;UNKNOWN;UNKNOWN;UNKNOWN;UNKNOWN;UNKNOWN;fara continut propriu;mica (deja integrat);usoara (cont activ);UNKNOWN;#999;https://www.edituragama.ro;activ
AF0854;Comision afiliere — lacrimidepanda.ro;Afiliere;RO;2performant;lacrimidepanda.ro;2performant;10.0;procent din vanzare;UNKNOWN;UNKNOWN;UNKNOWN;UNKNOWN;UNKNOWN;fara continut propriu;mica (deja integrat);usoara (cont activ);UNKNOWN;#999;https://www.lacrimidepanda.ro;activ
AF0855;Comision afiliere — priveboutique.net;Afiliere;international;2performant;priveboutique.net;2performant;15.0;procent din vanzare;UNKNOWN;UNKNOWN;UNKNOWN;UNKNOWN;UNKNOWN;are pagina;mica (deja integrat);usoara (cont activ);UNKNOWN;#999;https://www.priveboutique.net/;activ
AF0856;Comision afiliere — aldoshoes.com.ro;Afiliere;RO;2performant;aldoshoes.com.ro;2performant;7.0;procent din vanzare;UNKNOWN;UNKNOWN;UNKNOWN;UNKNOWN;UNKNOWN;fara continut propriu;mica (deja integrat);usoara (cont activ);UNKNOWN;#999;https://www.aldoshoes.com.ro/;activ
AF0857;Comision afiliere — shinefashion.ro;Afiliere;RO;2performant;shinefashion.ro;2performant;15.0;procent din vanzare;UNKNOWN;UNKNOWN;UNKNOWN;UNKNOWN;UNKNOWN;fara continut propriu;mica (deja integrat);usoara (cont activ);UNKNOWN;#999;https://www.shinefashion.ro/;activ
AF0858;Comision afiliere — chicbijoux.ro;Afiliere;RO;2performant;chicbijoux.ro;2performant;12.0;procent din vanzare;UNKNOWN;UNKNOWN;UNKNOWN;UNKNOWN;UNKNOWN;fara continut propriu;mica (deja integrat);usoara (cont activ);UNKNOWN;#999;https://chicbijoux.ro/;activ
AF0859;Comision afiliere — 21collagen.ro;Afiliere;RO;2performant;21collagen.ro;2performant;15.0;procent din vanzare;UNKNOWN;UNKNOWN;UNKNOWN;UNKNOWN;UNKNOWN;fara continut propriu;mica (deja integrat);usoara (cont activ);UNKNOWN;#999;https://21collagen.ro;activ
AF0860;Comision afiliere — wargear.ro;Afiliere;RO;2performant;wargear.ro;2performant;8.0;procent din vanzare;UNKNOWN;UNKNOWN;UNKNOWN;UNKNOWN;UNKNOWN;fara continut propriu;mica (deja integrat);usoara (cont activ);UNKNOWN;#999;https://wargear.ro;activ
AF0861;Comision afiliere — obio.ro;Afiliere;RO;2performant;obio.ro;2performant;8.0;procent din vanzare;UNKNOWN;UNKNOWN;UNKNOWN;UNKNOWN;UNKNOWN;fara continut propriu;mica (deja integrat);usoara (cont activ);UNKNOWN;#999;https://www.obio.ro;activ
AF0862;Comision afiliere — ehranaanimale.ro;Afiliere;RO;2performant;ehranaanimale.ro;2performant;4.0;procent din vanzare;UNKNOWN;UNKNOWN;UNKNOWN;UNKNOWN;UNKNOWN;fara continut propriu;mica (deja integrat);usoara (cont activ);UNKNOWN;#999;https://ehranaanimale.ro;activ
AF0863;Comision afiliere — ada-shoes.ro;Afiliere;RO;2performant;ada-shoes.ro;2performant;8.0;procent din vanzare;UNKNOWN;UNKNOWN;UNKNOWN;UNKNOWN;UNKNOWN;fara continut propriu;mica (deja integrat);usoara (cont activ);UNKNOWN;#999;https://ada-shoes.ro;activ
AF0864;Comision afiliere — shop.el-studio.ro;Afiliere;RO;2performant;shop.el-studio.ro;2performant;7.0;procent din vanzare;UNKNOWN;UNKNOWN;UNKNOWN;UNKNOWN;UNKNOWN;fara continut propriu;mica (deja integrat);usoara (cont activ);UNKNOWN;#999;https://shop.el-studio.ro;activ
AF0865;Comision afiliere — lasebiacasa.ro;Afiliere;RO;2performant;lasebiacasa.ro;2performant;10.0;procent din vanzare;UNKNOWN;UNKNOWN;UNKNOWN;UNKNOWN;UNKNOWN;fara continut propriu;mica (deja integrat);usoara (cont activ);UNKNOWN;#999;https://lasebiacasa.ro;activ
AF0866;Comision afiliere — librariadelfin.ro;Afiliere;RO;2performant;librariadelfin.ro;2performant;9.0;procent din vanzare;UNKNOWN;UNKNOWN;UNKNOWN;UNKNOWN;UNKNOWN;fara continut propriu;mica (deja integrat);usoara (cont activ);UNKNOWN;#999;https://www.librariadelfin.ro/;activ
AF0867;Comision afiliere — hygiero.ro;Afiliere;RO;2performant;hygiero.ro;2performant;5.0;procent din vanzare;UNKNOWN;UNKNOWN;UNKNOWN;UNKNOWN;UNKNOWN;fara continut propriu;mica (deja integrat);usoara (cont activ);UNKNOWN;#999;https://hygiero.ro/;activ
AF0868;Comision afiliere — techstar.ro;Afiliere;RO;2performant;techstar.ro;2performant;15.0;procent din vanzare;UNKNOWN;UNKNOWN;UNKNOWN;UNKNOWN;UNKNOWN;fara continut propriu;mica (deja integrat);usoara (cont activ);UNKNOWN;#999;https://www.techstar.ro/;activ
AF0869;Comision afiliere — targetdeal.ro;Afiliere;RO;2performant;targetdeal.ro;2performant;15.0;procent din vanzare;UNKNOWN;UNKNOWN;UNKNOWN;UNKNOWN;UNKNOWN;fara continut propriu;mica (deja integrat);usoara (cont activ);UNKNOWN;#999;https://targetdeal.ro;activ
AF0870;Comision afiliere — goldnutrition.ro;Afiliere;RO;2performant;goldnutrition.ro;2performant;10.0;procent din vanzare;UNKNOWN;UNKNOWN;UNKNOWN;UNKNOWN;UNKNOWN;fara continut propriu;mica (deja integrat);usoara (cont activ);UNKNOWN;#999;https://www.goldnutrition.ro;activ
AF0871;Comision afiliere — decryso.ro;Afiliere;RO;2performant;decryso.ro;2performant;5.0;procent din vanzare;UNKNOWN;UNKNOWN;UNKNOWN;UNKNOWN;UNKNOWN;fara continut propriu;mica (deja integrat);usoara (cont activ);UNKNOWN;#999;https://www.decryso.ro;activ
AF0872;Comision afiliere — ro.onesleep.com;Afiliere;international;2performant;ro.onesleep.com;2performant;10.0;procent din vanzare;UNKNOWN;UNKNOWN;UNKNOWN;UNKNOWN;UNKNOWN;fara continut propriu;mica (deja integrat);usoara (cont activ);UNKNOWN;#999;https://ro.onesleep.com;activ
AF0873;Comision afiliere — timebox.ro;Afiliere;RO;2performant;timebox.ro;2performant;10.0;procent din vanzare;UNKNOWN;UNKNOWN;UNKNOWN;UNKNOWN;UNKNOWN;fara continut propriu;mica (deja integrat);usoara (cont activ);UNKNOWN;#999;https://timebox.ro;activ
AF0874;Comision afiliere — pufrelax.com;Afiliere;international;2performant;pufrelax.com;2performant;5.0;procent din vanzare;UNKNOWN;UNKNOWN;UNKNOWN;UNKNOWN;UNKNOWN;fara continut propriu;mica (deja integrat);usoara (cont activ);UNKNOWN;#999;https://www.pufrelax.com;activ
AF0875;Comision afiliere — viada.ro;Afiliere;RO;2performant;viada.ro;2performant;10.0;procent din vanzare;UNKNOWN;UNKNOWN;UNKNOWN;UNKNOWN;UNKNOWN;fara continut propriu;mica (deja integrat);usoara (cont activ);UNKNOWN;#999;https://www.viada.ro;activ
AF0876;Comision afiliere — scentoparfum.ro;Afiliere;RO;2performant;scentoparfum.ro;2performant;5.0;procent din vanzare;UNKNOWN;UNKNOWN;UNKNOWN;UNKNOWN;UNKNOWN;fara continut propriu;mica (deja integrat);usoara (cont activ);UNKNOWN;#999;https://www.scentoparfum.ro;activ
AF0877;Comision afiliere — lifebox.ro;Afiliere;RO;2performant;lifebox.ro;2performant;5.0;procent din vanzare;UNKNOWN;UNKNOWN;UNKNOWN;UNKNOWN;UNKNOWN;fara continut propriu;mica (deja integrat);usoara (cont activ);UNKNOWN;#999;https://www.lifebox.ro/;activ
AF0878;Comision afiliere — hemerama.com;Afiliere;international;2performant;hemerama.com;2performant;10.0;procent din vanzare;UNKNOWN;UNKNOWN;UNKNOWN;UNKNOWN;UNKNOWN;fara continut propriu;mica (deja integrat);usoara (cont activ);UNKNOWN;#999;https://www.hemerama.com;activ
AF0879;Comision afiliere — navigatiiandroid.ro;Afiliere;RO;2performant;navigatiiandroid.ro;2performant;5.0;procent din vanzare;UNKNOWN;UNKNOWN;UNKNOWN;UNKNOWN;UNKNOWN;fara continut propriu;mica (deja integrat);usoara (cont activ);UNKNOWN;#999;https://navigatiiandroid.ro;activ
AF0880;Comision afiliere — zappatos.ro;Afiliere;RO;2performant;zappatos.ro;2performant;12.0;procent din vanzare;UNKNOWN;UNKNOWN;UNKNOWN;UNKNOWN;UNKNOWN;fara continut propriu;mica (deja integrat);usoara (cont activ);UNKNOWN;#999;https://www.zappatos.ro;activ
AF0881;Comision afiliere — liki24.pl;Afiliere;international;2performant;liki24.pl;2performant;5.0;procent din vanzare;UNKNOWN;UNKNOWN;UNKNOWN;UNKNOWN;UNKNOWN;fara continut propriu;mica (deja integrat);usoara (cont activ);UNKNOWN;#999;https://liki24.pl;activ
AF0882;Comision afiliere — doctordetergent.ro;Afiliere;RO;2performant;doctordetergent.ro;2performant;10.0;procent din vanzare;UNKNOWN;UNKNOWN;UNKNOWN;UNKNOWN;UNKNOWN;fara continut propriu;mica (deja integrat);usoara (cont activ);UNKNOWN;#999;https://doctordetergent.ro;activ
AF0883;Comision afiliere — dogpro.ro;Afiliere;RO;2performant;dogpro.ro;2performant;6.0;procent din vanzare;UNKNOWN;UNKNOWN;UNKNOWN;UNKNOWN;UNKNOWN;fara continut propriu;mica (deja integrat);usoara (cont activ);UNKNOWN;#999;https://dogpro.ro/;activ
AF0884;Comision afiliere — edituraparalela45.ro;Afiliere;RO;2performant;edituraparalela45.ro;2performant;10.0;procent din vanzare;UNKNOWN;UNKNOWN;UNKNOWN;UNKNOWN;UNKNOWN;fara continut propriu;mica (deja integrat);usoara (cont activ);UNKNOWN;#999;https://www.edituraparalela45.ro/;activ
AF0885;Comision afiliere — sportmaniac.ro;Afiliere;RO;2performant;sportmaniac.ro;2performant;10.0;procent din vanzare;UNKNOWN;UNKNOWN;UNKNOWN;UNKNOWN;UNKNOWN;fara continut propriu;mica (deja integrat);usoara (cont activ);UNKNOWN;#999;https://www.sportmaniac.ro;activ
AF0886;Comision afiliere — lacanistra.ro;Afiliere;RO;2performant;lacanistra.ro;2performant;11.0;procent din vanzare;UNKNOWN;UNKNOWN;UNKNOWN;UNKNOWN;UNKNOWN;fara continut propriu;mica (deja integrat);usoara (cont activ);UNKNOWN;#999;https://lacanistra.ro/;activ
AF0887;Comision afiliere — jocurinoi.ro;Afiliere;RO;2performant;jocurinoi.ro;2performant;5.0;procent din vanzare;UNKNOWN;UNKNOWN;UNKNOWN;UNKNOWN;UNKNOWN;fara continut propriu;mica (deja integrat);usoara (cont activ);UNKNOWN;#999;https://jocurinoi.ro;activ
AF0888;Comision afiliere — topline.ro;Afiliere;RO;2performant;topline.ro;2performant;10.0;procent din vanzare;UNKNOWN;UNKNOWN;UNKNOWN;UNKNOWN;UNKNOWN;fara continut propriu;mica (deja integrat);usoara (cont activ);UNKNOWN;#999;https://www.topline.ro/retail;activ
AF0889;Comision afiliere — xkids.ro;Afiliere;RO;2performant;xkids.ro;2performant;12.0;procent din vanzare;UNKNOWN;UNKNOWN;UNKNOWN;UNKNOWN;UNKNOWN;fara continut propriu;mica (deja integrat);usoara (cont activ);UNKNOWN;#999;https://www.xkids.ro;activ
AF0890;Comision afiliere — mobilemedical.ro;Afiliere;RO;2performant;mobilemedical.ro;2performant;5.0;procent din vanzare;UNKNOWN;UNKNOWN;UNKNOWN;UNKNOWN;UNKNOWN;fara continut propriu;mica (deja integrat);usoara (cont activ);UNKNOWN;#999;https://mobilemedical.ro;activ
AF0891;Comision afiliere — albirea-dintilor.com;Afiliere;international;2performant;albirea-dintilor.com;2performant;10.0;procent din vanzare;UNKNOWN;UNKNOWN;UNKNOWN;UNKNOWN;UNKNOWN;fara continut propriu;mica (deja integrat);usoara (cont activ);UNKNOWN;#999;https://www.albirea-dintilor.com;activ
AF0892;Comision afiliere — udobni.bg;Afiliere;international;2performant;udobni.bg;2performant;10.0;procent din vanzare;UNKNOWN;UNKNOWN;UNKNOWN;UNKNOWN;UNKNOWN;fara continut propriu;mica (deja integrat);usoara (cont activ);UNKNOWN;#999;https://www.udobni.bg/;activ
AF0893;Comision afiliere — mobilepet.ro;Afiliere;RO;2performant;mobilepet.ro;2performant;6.0;procent din vanzare;UNKNOWN;UNKNOWN;UNKNOWN;UNKNOWN;UNKNOWN;fara continut propriu;mica (deja integrat);usoara (cont activ);UNKNOWN;#999;https://www.mobilepet.ro;activ
AF0894;Comision afiliere — sabon.ro;Afiliere;RO;2performant;sabon.ro;2performant;5.0;procent din vanzare;UNKNOWN;UNKNOWN;UNKNOWN;UNKNOWN;UNKNOWN;fara continut propriu;mica (deja integrat);usoara (cont activ);UNKNOWN;#999;https://www.sabon.ro/ro/;activ
AF0895;Comision afiliere — fabricadegratare.ro;Afiliere;RO;2performant;fabricadegratare.ro;2performant;7.0;procent din vanzare;UNKNOWN;UNKNOWN;UNKNOWN;UNKNOWN;UNKNOWN;fara continut propriu;mica (deja integrat);usoara (cont activ);UNKNOWN;#999;https://fabricadegratare.ro;activ
AF0896;Comision afiliere — curteaveche.ro;Afiliere;RO;2performant;curteaveche.ro;2performant;15.0;procent din vanzare;UNKNOWN;UNKNOWN;UNKNOWN;UNKNOWN;UNKNOWN;are pagina;mica (deja integrat);usoara (cont activ);UNKNOWN;#999;https://www.curteaveche.ro;activ
AF0897;Comision afiliere — trada.ro;Afiliere;RO;2performant;trada.ro;2performant;3.0;procent din vanzare;UNKNOWN;UNKNOWN;UNKNOWN;UNKNOWN;UNKNOWN;fara continut propriu;mica (deja integrat);usoara (cont activ);UNKNOWN;#999;https://www.trada.ro/;activ
AF0898;Comision afiliere — mirano.ro;Afiliere;RO;2performant;mirano.ro;2performant;12.0;procent din vanzare;UNKNOWN;UNKNOWN;UNKNOWN;UNKNOWN;UNKNOWN;fara continut propriu;mica (deja integrat);usoara (cont activ);UNKNOWN;#999;https://www.mirano.ro;activ
AF0899;Comision afiliere — infinity.ro;Afiliere;RO;2performant;infinity.ro;2performant;3.0;procent din vanzare;UNKNOWN;UNKNOWN;UNKNOWN;UNKNOWN;UNKNOWN;fara continut propriu;mica (deja integrat);usoara (cont activ);UNKNOWN;#999;https://www.infinity.ro;activ
AF0900;Comision afiliere — iclothing.com;Afiliere;international;2performant;iclothing.com;2performant;7.5;procent din vanzare;UNKNOWN;UNKNOWN;UNKNOWN;UNKNOWN;UNKNOWN;fara continut propriu;mica (deja integrat);usoara (cont activ);UNKNOWN;#999;https://www.iclothing.com;activ
AF0901;Comision afiliere — janta.ro;Afiliere;RO;2performant;janta.ro;2performant;3.0;procent din vanzare;UNKNOWN;UNKNOWN;UNKNOWN;UNKNOWN;UNKNOWN;fara continut propriu;mica (deja integrat);usoara (cont activ);UNKNOWN;#999;https://www.janta.ro;activ
AF0902;Comision afiliere — casaidea.ro;Afiliere;RO;2performant;casaidea.ro;2performant;5.0;procent din vanzare;UNKNOWN;UNKNOWN;UNKNOWN;UNKNOWN;UNKNOWN;fara continut propriu;mica (deja integrat);usoara (cont activ);UNKNOWN;#999;https://www.casaidea.ro/;activ
AF0903;Comision afiliere — editura-arthur.ro;Afiliere;RO;2performant;editura-arthur.ro;2performant;9.0;procent din vanzare;UNKNOWN;UNKNOWN;UNKNOWN;UNKNOWN;UNKNOWN;fara continut propriu;mica (deja integrat);usoara (cont activ);UNKNOWN;#999;https://editura-arthur.ro;activ
AF0904;Comision afiliere — underarmour.ro;Afiliere;RO;2performant;underarmour.ro;2performant;5.0;procent din vanzare;UNKNOWN;UNKNOWN;UNKNOWN;UNKNOWN;UNKNOWN;fara continut propriu;mica (deja integrat);usoara (cont activ);UNKNOWN;#999;https://www.underarmour.ro/;activ
AF0905;Comision afiliere — carsupreme.ro;Afiliere;RO;2performant;carsupreme.ro;2performant;5.0;procent din vanzare;UNKNOWN;UNKNOWN;UNKNOWN;UNKNOWN;UNKNOWN;fara continut propriu;mica (deja integrat);usoara (cont activ);UNKNOWN;#999;https://carsupreme.ro/;activ
AF0906;Comision afiliere — flip.bg;Afiliere;international;2performant;flip.bg;2performant;1.5;procent din vanzare;UNKNOWN;UNKNOWN;UNKNOWN;UNKNOWN;UNKNOWN;fara continut propriu;mica (deja integrat);usoara (cont activ);UNKNOWN;#999;https://www.flip.bg;activ
AF0907;Comision afiliere — bonami.ro;Afiliere;RO;2performant;bonami.ro;2performant;3.0;procent din vanzare;UNKNOWN;UNKNOWN;UNKNOWN;UNKNOWN;UNKNOWN;fara continut propriu;mica (deja integrat);usoara (cont activ);UNKNOWN;#999;https://www.bonami.ro;activ
AF0908;Comision afiliere — brasty.ro;Afiliere;RO;2performant;brasty.ro;2performant;10.0;procent din vanzare;UNKNOWN;UNKNOWN;UNKNOWN;UNKNOWN;UNKNOWN;fara continut propriu;mica (deja integrat);usoara (cont activ);UNKNOWN;#999;https://www.brasty.ro;activ
AF0909;Comision afiliere — megadepot.ro;Afiliere;RO;2performant;megadepot.ro;2performant;7.0;procent din vanzare;UNKNOWN;UNKNOWN;UNKNOWN;UNKNOWN;UNKNOWN;fara continut propriu;mica (deja integrat);usoara (cont activ);UNKNOWN;#999;https://www.megadepot.ro;activ
AF0910;Comision afiliere — fermier.ro;Afiliere;RO;2performant;fermier.ro;2performant;5.0;procent din vanzare;UNKNOWN;UNKNOWN;UNKNOWN;UNKNOWN;UNKNOWN;fara continut propriu;mica (deja integrat);usoara (cont activ);UNKNOWN;#999;https://www.fermier.ro;activ
AF0911;Comision afiliere — cartepedia.ro;Afiliere;RO;2performant;cartepedia.ro;2performant;5.0;procent din vanzare;UNKNOWN;UNKNOWN;UNKNOWN;UNKNOWN;UNKNOWN;fara continut propriu;mica (deja integrat);usoara (cont activ);UNKNOWN;#999;https://cartepedia.ro;activ
AF0912;Comision afiliere — cosori.ro;Afiliere;RO;2performant;cosori.ro;2performant;7.0;procent din vanzare;UNKNOWN;UNKNOWN;UNKNOWN;UNKNOWN;UNKNOWN;fara continut propriu;mica (deja integrat);usoara (cont activ);UNKNOWN;#999;https://cosori.ro/;activ
AF0913;Comision afiliere — edituradiana.ro;Afiliere;RO;2performant;edituradiana.ro;2performant;4.0;procent din vanzare;UNKNOWN;UNKNOWN;UNKNOWN;UNKNOWN;UNKNOWN;are pagina;mica (deja integrat);usoara (cont activ);UNKNOWN;#999;https://www.edituradiana.ro/;activ
AF0914;Comision afiliere — cumparamisim.ro;Afiliere;RO;2performant;cumparamisim.ro;2performant;5.0;procent din vanzare;UNKNOWN;UNKNOWN;UNKNOWN;UNKNOWN;UNKNOWN;fara continut propriu;mica (deja integrat);usoara (cont activ);UNKNOWN;#999;https://cumparamisim.ro;activ
AF0915;Comision afiliere — albertool.com;Afiliere;international;2performant;albertool.com;2performant;4.0;procent din vanzare;UNKNOWN;UNKNOWN;UNKNOWN;UNKNOWN;UNKNOWN;fara continut propriu;mica (deja integrat);usoara (cont activ);UNKNOWN;#999;https://www.albertool.com/;activ
AF0916;Comision afiliere — magazintraditional.ro;Afiliere;RO;2performant;magazintraditional.ro;2performant;12.0;procent din vanzare;UNKNOWN;UNKNOWN;UNKNOWN;UNKNOWN;UNKNOWN;fara continut propriu;mica (deja integrat);usoara (cont activ);UNKNOWN;#999;https://magazintraditional.ro;activ
AF0917;Comision afiliere — glowmania.ro;Afiliere;RO;2performant;glowmania.ro;2performant;10.0;procent din vanzare;UNKNOWN;UNKNOWN;UNKNOWN;UNKNOWN;UNKNOWN;fara continut propriu;mica (deja integrat);usoara (cont activ);UNKNOWN;#999;https://www.glowmania.ro;activ
AF0918;Comision afiliere — biovicta.ro;Afiliere;RO;2performant;biovicta.ro;2performant;10.0;procent din vanzare;UNKNOWN;UNKNOWN;UNKNOWN;UNKNOWN;UNKNOWN;fara continut propriu;mica (deja integrat);usoara (cont activ);UNKNOWN;#999;https://biovicta.ro;activ
AF0919;Comision afiliere — conectica.ro;Afiliere;RO;2performant;conectica.ro;2performant;6.0;procent din vanzare;UNKNOWN;UNKNOWN;UNKNOWN;UNKNOWN;UNKNOWN;fara continut propriu;mica (deja integrat);usoara (cont activ);UNKNOWN;#999;https://www.conectica.ro;activ
AF0920;Comision afiliere — savelectro.ro;Afiliere;RO;2performant;savelectro.ro;2performant;7.0;procent din vanzare;UNKNOWN;UNKNOWN;UNKNOWN;UNKNOWN;UNKNOWN;fara continut propriu;mica (deja integrat);usoara (cont activ);UNKNOWN;#999;https://savelectro.ro/;activ
AF0921;Comision afiliere — kedoo.ro;Afiliere;RO;2performant;kedoo.ro;2performant;10.0;procent din vanzare;UNKNOWN;UNKNOWN;UNKNOWN;UNKNOWN;UNKNOWN;fara continut propriu;mica (deja integrat);usoara (cont activ);UNKNOWN;#999;https://www.kedoo.ro/;activ
AF0922;Comision afiliere — autodrop.ro;Afiliere;RO;2performant;autodrop.ro;2performant;15.0;procent din vanzare;UNKNOWN;UNKNOWN;UNKNOWN;UNKNOWN;UNKNOWN;fara continut propriu;mica (deja integrat);usoara (cont activ);UNKNOWN;#999;https://www.autodrop.ro;activ
AF0923;Comision afiliere — rik.ro;Afiliere;RO;2performant;rik.ro;2performant;2.0;procent din vanzare;UNKNOWN;UNKNOWN;UNKNOWN;UNKNOWN;UNKNOWN;fara continut propriu;mica (deja integrat);usoara (cont activ);UNKNOWN;#999;https://www.rik.ro/;activ
AF0924;Comision afiliere — brico.ro;Afiliere;RO;2performant;brico.ro;2performant;6.0;procent din vanzare;UNKNOWN;UNKNOWN;UNKNOWN;UNKNOWN;UNKNOWN;fara continut propriu;mica (deja integrat);usoara (cont activ);UNKNOWN;#999;https://www.brico.ro/;activ
AF0925;Comision afiliere — modastil.ro;Afiliere;RO;2performant;modastil.ro;2performant;15.0;procent din vanzare;UNKNOWN;UNKNOWN;UNKNOWN;UNKNOWN;UNKNOWN;fara continut propriu;mica (deja integrat);usoara (cont activ);UNKNOWN;#999;https://www.modastil.ro/;activ
AF0926;Comision afiliere — blacktech.ro;Afiliere;RO;2performant;blacktech.ro;2performant;2.5;procent din vanzare;UNKNOWN;UNKNOWN;UNKNOWN;UNKNOWN;UNKNOWN;fara continut propriu;mica (deja integrat);usoara (cont activ);UNKNOWN;#999;https://blacktech.ro;activ
AF0927;Comision afiliere — pansiprod.ro;Afiliere;RO;2performant;pansiprod.ro;2performant;12.0;procent din vanzare;UNKNOWN;UNKNOWN;UNKNOWN;UNKNOWN;UNKNOWN;fara continut propriu;mica (deja integrat);usoara (cont activ);UNKNOWN;#999;https://pansiprod.ro/;activ
AF0928;Comision afiliere — brainmarket.ro;Afiliere;RO;2performant;brainmarket.ro;2performant;10.0;procent din vanzare;UNKNOWN;UNKNOWN;UNKNOWN;UNKNOWN;UNKNOWN;fara continut propriu;mica (deja integrat);usoara (cont activ);UNKNOWN;#999;https://www.brainmarket.ro/;activ
AF0929;Comision afiliere — bijubox.ro;Afiliere;RO;2performant;bijubox.ro;2performant;17.0;procent din vanzare;UNKNOWN;UNKNOWN;UNKNOWN;UNKNOWN;UNKNOWN;fara continut propriu;mica (deja integrat);usoara (cont activ);UNKNOWN;#999;https://bijubox.ro;activ
AF0930;Comision afiliere — atomico.ro;Afiliere;RO;2performant;atomico.ro;2performant;5.0;procent din vanzare;UNKNOWN;UNKNOWN;UNKNOWN;UNKNOWN;UNKNOWN;fara continut propriu;mica (deja integrat);usoara (cont activ);UNKNOWN;#999;https://atomico.ro;activ
AF0931;Comision afiliere — izziepublishing.com;Afiliere;international;2performant;izziepublishing.com;2performant;10.0;procent din vanzare;UNKNOWN;UNKNOWN;UNKNOWN;UNKNOWN;UNKNOWN;fara continut propriu;mica (deja integrat);usoara (cont activ);UNKNOWN;#999;https://izziepublishing.com;activ
AF0932;Comision afiliere — buencia.com;Afiliere;international;2performant;buencia.com;2performant;25.0;procent din vanzare;UNKNOWN;UNKNOWN;UNKNOWN;UNKNOWN;UNKNOWN;fara continut propriu;mica (deja integrat);usoara (cont activ);UNKNOWN;#999;https://buencia.com;activ
AF0933;Comision afiliere — laicashop.ro;Afiliere;RO;2performant;laicashop.ro;2performant;10.0;procent din vanzare;UNKNOWN;UNKNOWN;UNKNOWN;UNKNOWN;UNKNOWN;fara continut propriu;mica (deja integrat);usoara (cont activ);UNKNOWN;#999;https://www.laicashop.ro;activ
AF0934;Comision afiliere — edituracasa.ro;Afiliere;RO;2performant;edituracasa.ro;2performant;10.0;procent din vanzare;UNKNOWN;UNKNOWN;UNKNOWN;UNKNOWN;UNKNOWN;fara continut propriu;mica (deja integrat);usoara (cont activ);UNKNOWN;#999;https://www.edituracasa.ro/;activ
AF0935;Comision afiliere — materialeelectrice.ro;Afiliere;RO;2performant;materialeelectrice.ro;2performant;2.0;procent din vanzare;UNKNOWN;UNKNOWN;UNKNOWN;UNKNOWN;UNKNOWN;fara continut propriu;mica (deja integrat);usoara (cont activ);UNKNOWN;#999;https://www.materialeelectrice.ro;activ
AF0936;Comision afiliere — beststoreonline.ro;Afiliere;RO;2performant;beststoreonline.ro;2performant;8.0;procent din vanzare;UNKNOWN;UNKNOWN;UNKNOWN;UNKNOWN;UNKNOWN;fara continut propriu;mica (deja integrat);usoara (cont activ);UNKNOWN;#999;https://www.beststoreonline.ro;activ
AF0937;Comision afiliere — makeupshop.ro;Afiliere;RO;2performant;makeupshop.ro;2performant;8.0;procent din vanzare;UNKNOWN;UNKNOWN;UNKNOWN;UNKNOWN;UNKNOWN;fara continut propriu;mica (deja integrat);usoara (cont activ);UNKNOWN;#999;https://makeupshop.ro;activ
AF0938;Comision afiliere — photosetup.ro;Afiliere;RO;2performant;photosetup.ro;2performant;1.0;procent din vanzare;UNKNOWN;UNKNOWN;UNKNOWN;UNKNOWN;UNKNOWN;fara continut propriu;mica (deja integrat);usoara (cont activ);UNKNOWN;#999;https://www.photosetup.ro/;activ
AF0939;Comision afiliere — linailsboutique.ro;Afiliere;RO;2performant;linailsboutique.ro;2performant;10.0;procent din vanzare;UNKNOWN;UNKNOWN;UNKNOWN;UNKNOWN;UNKNOWN;are pagina;mica (deja integrat);usoara (cont activ);UNKNOWN;#999;https://linailsboutique.ro/;activ
AF0940;Comision afiliere — spectral.ro;Afiliere;RO;2performant;spectral.ro;2performant;5.0;procent din vanzare;UNKNOWN;UNKNOWN;UNKNOWN;UNKNOWN;UNKNOWN;fara continut propriu;mica (deja integrat);usoara (cont activ);UNKNOWN;#999;https://www.spectral.ro;activ
AF0941;Comision afiliere — talis.ro;Afiliere;RO;2performant;talis.ro;2performant;5.0;procent din vanzare;UNKNOWN;UNKNOWN;UNKNOWN;UNKNOWN;UNKNOWN;fara continut propriu;mica (deja integrat);usoara (cont activ);UNKNOWN;#999;https://www.talis.ro/;activ
AF0942;Comision afiliere — interlink.ro;Afiliere;RO;2performant;interlink.ro;2performant;7.0;procent din vanzare;UNKNOWN;UNKNOWN;UNKNOWN;UNKNOWN;UNKNOWN;are pagina;mica (deja integrat);usoara (cont activ);UNKNOWN;#999;https://www.interlink.ro;activ
AF0943;Comision afiliere — asus.com;Afiliere;international;2performant;asus.com;2performant;3.0;procent din vanzare;UNKNOWN;UNKNOWN;UNKNOWN;UNKNOWN;UNKNOWN;fara continut propriu;mica (deja integrat);usoara (cont activ);UNKNOWN;#999;https://www.asus.com/ro;activ
AF0944;Comision afiliere — nannie.ro;Afiliere;RO;2performant;nannie.ro;2performant;10.0;procent din vanzare;UNKNOWN;UNKNOWN;UNKNOWN;UNKNOWN;UNKNOWN;fara continut propriu;mica (deja integrat);usoara (cont activ);UNKNOWN;#999;https://www.nannie.ro;activ
AF0945;Comision afiliere — verohairshop.com;Afiliere;international;2performant;verohairshop.com;2performant;12.0;procent din vanzare;UNKNOWN;UNKNOWN;UNKNOWN;UNKNOWN;UNKNOWN;fara continut propriu;mica (deja integrat);usoara (cont activ);UNKNOWN;#999;https://verohairshop.com;activ
AF0946;Comision afiliere — krista.ro;Afiliere;RO;2performant;krista.ro;2performant;8.0;procent din vanzare;UNKNOWN;UNKNOWN;UNKNOWN;UNKNOWN;UNKNOWN;fara continut propriu;mica (deja integrat);usoara (cont activ);UNKNOWN;#999;https://krista.ro;activ
AF0947;Comision afiliere — lancome.ro;Afiliere;RO;2performant;lancome.ro;2performant;8.0;procent din vanzare;UNKNOWN;UNKNOWN;UNKNOWN;UNKNOWN;UNKNOWN;fara continut propriu;mica (deja integrat);usoara (cont activ);UNKNOWN;#999;https://www.lancome.ro/;activ
AF0948;Comision afiliere — redgoblin.ro;Afiliere;RO;2performant;redgoblin.ro;2performant;5.0;procent din vanzare;UNKNOWN;UNKNOWN;UNKNOWN;UNKNOWN;UNKNOWN;fara continut propriu;mica (deja integrat);usoara (cont activ);UNKNOWN;#999;https://www.redgoblin.ro;activ
AF0949;Comision afiliere — fabricadetuica.ro;Afiliere;RO;2performant;fabricadetuica.ro;2performant;3.0;procent din vanzare;UNKNOWN;UNKNOWN;UNKNOWN;UNKNOWN;UNKNOWN;fara continut propriu;mica (deja integrat);usoara (cont activ);UNKNOWN;#999;https://www.fabricadetuica.ro/;activ
AF0950;Comision afiliere — nano-auto.ro;Afiliere;RO;2performant;nano-auto.ro;2performant;10.0;procent din vanzare;UNKNOWN;UNKNOWN;UNKNOWN;UNKNOWN;UNKNOWN;fara continut propriu;mica (deja integrat);usoara (cont activ);UNKNOWN;#999;https://nano-auto.ro;activ
AF0951;Comision afiliere — corturi24.ro;Afiliere;RO;2performant;corturi24.ro;2performant;10.0;procent din vanzare;UNKNOWN;UNKNOWN;UNKNOWN;UNKNOWN;UNKNOWN;fara continut propriu;mica (deja integrat);usoara (cont activ);UNKNOWN;#999;https://corturi24.ro;activ
AF0952;Comision afiliere — armansport.ro;Afiliere;RO;2performant;armansport.ro;2performant;8.0;procent din vanzare;UNKNOWN;UNKNOWN;UNKNOWN;UNKNOWN;UNKNOWN;fara continut propriu;mica (deja integrat);usoara (cont activ);UNKNOWN;#999;https://www.armansport.ro/;activ
AF0953;Comision afiliere — airsoft.ro;Afiliere;RO;2performant;airsoft.ro;2performant;5.0;procent din vanzare;UNKNOWN;UNKNOWN;UNKNOWN;UNKNOWN;UNKNOWN;fara continut propriu;mica (deja integrat);usoara (cont activ);UNKNOWN;#999;https://airsoft.ro;activ
AF0954;Comision afiliere — kiehls.ro;Afiliere;RO;2performant;kiehls.ro;2performant;8.0;procent din vanzare;UNKNOWN;UNKNOWN;UNKNOWN;UNKNOWN;UNKNOWN;fara continut propriu;mica (deja integrat);usoara (cont activ);UNKNOWN;#999;https://www.kiehls.ro/;activ
AF0955;Comision afiliere — hostico.ro;Afiliere;RO;2performant;hostico.ro;2performant;25.0;procent din vanzare;UNKNOWN;UNKNOWN;UNKNOWN;UNKNOWN;UNKNOWN;fara continut propriu;mica (deja integrat);usoara (cont activ);UNKNOWN;#999;https://hostico.ro/;activ
AF0956;Comision afiliere — ioooi.ro;Afiliere;RO;2performant;ioooi.ro;2performant;6.0;procent din vanzare;UNKNOWN;UNKNOWN;UNKNOWN;UNKNOWN;UNKNOWN;fara continut propriu;mica (deja integrat);usoara (cont activ);UNKNOWN;#999;https://ioooi.ro;activ
AF0957;Comision afiliere — zandra.ro;Afiliere;RO;2performant;zandra.ro;2performant;12.0;procent din vanzare;UNKNOWN;UNKNOWN;UNKNOWN;UNKNOWN;UNKNOWN;fara continut propriu;mica (deja integrat);usoara (cont activ);UNKNOWN;#999;https://zandra.ro;activ
AF0958;Comision afiliere — polti.ro;Afiliere;RO;2performant;polti.ro;2performant;5.0;procent din vanzare;UNKNOWN;UNKNOWN;UNKNOWN;UNKNOWN;UNKNOWN;fara continut propriu;mica (deja integrat);usoara (cont activ);UNKNOWN;#999;https://www.polti.ro;activ
AF0959;Comision afiliere — rovision.ro;Afiliere;RO;2performant;rovision.ro;2performant;5.0;procent din vanzare;UNKNOWN;UNKNOWN;UNKNOWN;UNKNOWN;UNKNOWN;fara continut propriu;mica (deja integrat);usoara (cont activ);UNKNOWN;#999;https://www.rovision.ro;activ
AF0960;Comision afiliere — sevich.ro;Afiliere;RO;2performant;sevich.ro;2performant;10.0;procent din vanzare;UNKNOWN;UNKNOWN;UNKNOWN;UNKNOWN;UNKNOWN;fara continut propriu;mica (deja integrat);usoara (cont activ);UNKNOWN;#999;https://www.sevich.ro/;activ
AF0961;Comision afiliere — e-potion.ro;Afiliere;RO;2performant;e-potion.ro;2performant;12.0;procent din vanzare;UNKNOWN;UNKNOWN;UNKNOWN;UNKNOWN;UNKNOWN;are pagina;mica (deja integrat);usoara (cont activ);UNKNOWN;#999;https://e-potion.ro;activ
AF0962;Comision afiliere — vioricacosmetic.ro;Afiliere;RO;2performant;vioricacosmetic.ro;2performant;15.0;procent din vanzare;UNKNOWN;UNKNOWN;UNKNOWN;UNKNOWN;UNKNOWN;fara continut propriu;mica (deja integrat);usoara (cont activ);UNKNOWN;#999;https://vioricacosmetic.ro/;activ
AF0963;Comision afiliere — boon.com.ro;Afiliere;RO;2performant;boon.com.ro;2performant;10.0;procent din vanzare;UNKNOWN;UNKNOWN;UNKNOWN;UNKNOWN;UNKNOWN;fara continut propriu;mica (deja integrat);usoara (cont activ);UNKNOWN;#999;https://boon.com.ro;activ
AF0964;Comision afiliere — autoeqt.ro;Afiliere;RO;2performant;autoeqt.ro;2performant;5.0;procent din vanzare;UNKNOWN;UNKNOWN;UNKNOWN;UNKNOWN;UNKNOWN;fara continut propriu;mica (deja integrat);usoara (cont activ);UNKNOWN;#999;https://www.autoeqt.ro/;activ
AF0965;Comision afiliere — casamob.ro;Afiliere;RO;2performant;casamob.ro;2performant;6.0;procent din vanzare;UNKNOWN;UNKNOWN;UNKNOWN;UNKNOWN;UNKNOWN;fara continut propriu;mica (deja integrat);usoara (cont activ);UNKNOWN;#999;https://www.casamob.ro/;activ
AF0966;Comision afiliere — grupdzc.ro;Afiliere;RO;2performant;grupdzc.ro;2performant;8.0;procent din vanzare;UNKNOWN;UNKNOWN;UNKNOWN;UNKNOWN;UNKNOWN;fara continut propriu;mica (deja integrat);usoara (cont activ);UNKNOWN;#999;https://grupdzc.ro/;activ
AF0967;Comision afiliere — telerenta.ro;Afiliere;RO;2performant;telerenta.ro;2performant;8.0;procent din vanzare;UNKNOWN;UNKNOWN;UNKNOWN;UNKNOWN;UNKNOWN;fara continut propriu;mica (deja integrat);usoara (cont activ);UNKNOWN;#999;https://telerenta.ro;activ
AF0968;Comision afiliere — uniquestore.ro;Afiliere;RO;2performant;uniquestore.ro;2performant;15.0;procent din vanzare;UNKNOWN;UNKNOWN;UNKNOWN;UNKNOWN;UNKNOWN;fara continut propriu;mica (deja integrat);usoara (cont activ);UNKNOWN;#999;https://www.uniquestore.ro;activ
AF0969;Comision afiliere — newpharma.ro;Afiliere;RO;2performant;newpharma.ro;2performant;4.0;procent din vanzare;UNKNOWN;UNKNOWN;UNKNOWN;UNKNOWN;UNKNOWN;fara continut propriu;mica (deja integrat);usoara (cont activ);UNKNOWN;#999;https://www.newpharma.ro;activ
AF0970;Comision afiliere — noblle-brands.com;Afiliere;international;2performant;noblle-brands.com;2performant;10.0;procent din vanzare;UNKNOWN;UNKNOWN;UNKNOWN;UNKNOWN;UNKNOWN;fara continut propriu;mica (deja integrat);usoara (cont activ);UNKNOWN;#999;https://noblle-brands.com;activ
AF0971;Comision afiliere — belher.ro;Afiliere;RO;2performant;belher.ro;2performant;10.0;procent din vanzare;UNKNOWN;UNKNOWN;UNKNOWN;UNKNOWN;UNKNOWN;fara continut propriu;mica (deja integrat);usoara (cont activ);UNKNOWN;#999;https://www.belher.ro;activ
AF0972;Comision afiliere — cadoultrendy.ro;Afiliere;RO;2performant;cadoultrendy.ro;2performant;15.0;procent din vanzare;UNKNOWN;UNKNOWN;UNKNOWN;UNKNOWN;UNKNOWN;fara continut propriu;mica (deja integrat);usoara (cont activ);UNKNOWN;#999;https://www.cadoultrendy.ro/;activ
AF0973;Comision afiliere — floria.ro;Afiliere;RO;2performant;floria.ro;2performant;7.0;procent din vanzare;UNKNOWN;UNKNOWN;UNKNOWN;UNKNOWN;UNKNOWN;fara continut propriu;mica (deja integrat);usoara (cont activ);UNKNOWN;#999;https://floria.ro/;activ
AF0974;Comision afiliere — scauneonline.ro;Afiliere;RO;2performant;scauneonline.ro;2performant;8.0;procent din vanzare;UNKNOWN;UNKNOWN;UNKNOWN;UNKNOWN;UNKNOWN;fara continut propriu;mica (deja integrat);usoara (cont activ);UNKNOWN;#999;https://www.scauneonline.ro/;activ
AF0975;Comision afiliere — yves-rocher.ro;Afiliere;RO;2performant;yves-rocher.ro;2performant;8.0;procent din vanzare;UNKNOWN;UNKNOWN;UNKNOWN;UNKNOWN;UNKNOWN;fara continut propriu;mica (deja integrat);usoara (cont activ);UNKNOWN;#999;https://www.yves-rocher.ro;activ
AF0976;Comision afiliere — catenapascupas.ro;Afiliere;RO;2performant;catenapascupas.ro;2performant;3.5;procent din vanzare;UNKNOWN;UNKNOWN;UNKNOWN;UNKNOWN;UNKNOWN;fara continut propriu;mica (deja integrat);usoara (cont activ);UNKNOWN;#999;https://www.catenapascupas.ro;activ
AF0977;Comision afiliere — zurlishop.ro;Afiliere;RO;2performant;zurlishop.ro;2performant;6.0;procent din vanzare;UNKNOWN;UNKNOWN;UNKNOWN;UNKNOWN;UNKNOWN;fara continut propriu;mica (deja integrat);usoara (cont activ);UNKNOWN;#999;https://zurlishop.ro;activ
AF0978;Comision afiliere — 10qaroma.ro;Afiliere;RO;2performant;10qaroma.ro;2performant;7.0;procent din vanzare;UNKNOWN;UNKNOWN;UNKNOWN;UNKNOWN;UNKNOWN;fara continut propriu;mica (deja integrat);usoara (cont activ);UNKNOWN;#999;https://www.10qaroma.ro;activ
AF0979;Comision afiliere — optiblu.ro;Afiliere;RO;2performant;optiblu.ro;2performant;10.0;procent din vanzare;UNKNOWN;UNKNOWN;UNKNOWN;UNKNOWN;UNKNOWN;fara continut propriu;mica (deja integrat);usoara (cont activ);UNKNOWN;#999;https://www.optiblu.ro;activ
AF0980;Comision afiliere — nirmoto.ro;Afiliere;RO;2performant;nirmoto.ro;2performant;4.0;procent din vanzare;UNKNOWN;UNKNOWN;UNKNOWN;UNKNOWN;UNKNOWN;fara continut propriu;mica (deja integrat);usoara (cont activ);UNKNOWN;#999;https://www.nirmoto.ro;activ
AF0981;Comision afiliere — melimeloparis.ro;Afiliere;RO;2performant;melimeloparis.ro;2performant;4.0;procent din vanzare;UNKNOWN;UNKNOWN;UNKNOWN;UNKNOWN;UNKNOWN;fara continut propriu;mica (deja integrat);usoara (cont activ);UNKNOWN;#999;https://melimeloparis.ro/;activ
AF0982;Comision afiliere — rayahalal.ro;Afiliere;RO;2performant;rayahalal.ro;2performant;5.0;procent din vanzare;UNKNOWN;UNKNOWN;UNKNOWN;UNKNOWN;UNKNOWN;fara continut propriu;mica (deja integrat);usoara (cont activ);UNKNOWN;#999;https://rayahalal.ro;activ
AF0983;Comision afiliere — synergytherm.com;Afiliere;international;2performant;synergytherm.com;2performant;15.0;procent din vanzare;UNKNOWN;UNKNOWN;UNKNOWN;UNKNOWN;UNKNOWN;fara continut propriu;mica (deja integrat);usoara (cont activ);UNKNOWN;#999;https://synergytherm.com;activ
AF0984;Comision afiliere — duchessenails.ro;Afiliere;RO;2performant;duchessenails.ro;2performant;15.0;procent din vanzare;UNKNOWN;UNKNOWN;UNKNOWN;UNKNOWN;UNKNOWN;fara continut propriu;mica (deja integrat);usoara (cont activ);UNKNOWN;#999;https://duchessenails.ro/;activ
AF0985;Comision afiliere — esteto.ro;Afiliere;RO;2performant;esteto.ro;2performant;5.0;procent din vanzare;UNKNOWN;UNKNOWN;UNKNOWN;UNKNOWN;UNKNOWN;fara continut propriu;mica (deja integrat);usoara (cont activ);UNKNOWN;#999;https://esteto.ro/;activ
AF0986;Comision afiliere — pronaturiste.ro;Afiliere;RO;2performant;pronaturiste.ro;2performant;13.0;procent din vanzare;UNKNOWN;UNKNOWN;UNKNOWN;UNKNOWN;UNKNOWN;fara continut propriu;mica (deja integrat);usoara (cont activ);UNKNOWN;#999;https://pronaturiste.ro;activ
AF0987;Comision afiliere — idealbeauty.ro;Afiliere;RO;2performant;idealbeauty.ro;2performant;7.5;procent din vanzare;UNKNOWN;UNKNOWN;UNKNOWN;UNKNOWN;UNKNOWN;fara continut propriu;mica (deja integrat);usoara (cont activ);UNKNOWN;#999;https://idealbeauty.ro;activ
AF0988;Comision afiliere — meia.ro;Afiliere;RO;2performant;meia.ro;2performant;15.0;procent din vanzare;UNKNOWN;UNKNOWN;UNKNOWN;UNKNOWN;UNKNOWN;fara continut propriu;mica (deja integrat);usoara (cont activ);UNKNOWN;#999;https://www.meia.ro/;activ
AF0989;Comision afiliere — tessile.ro;Afiliere;RO;2performant;tessile.ro;2performant;20.0;procent din vanzare;UNKNOWN;UNKNOWN;UNKNOWN;UNKNOWN;UNKNOWN;fara continut propriu;mica (deja integrat);usoara (cont activ);UNKNOWN;#999;https://www.tessile.ro;activ
AF0990;Comision afiliere — saray-fashion.ro;Afiliere;RO;2performant;saray-fashion.ro;2performant;10.0;procent din vanzare;UNKNOWN;UNKNOWN;UNKNOWN;UNKNOWN;UNKNOWN;fara continut propriu;mica (deja integrat);usoara (cont activ);UNKNOWN;#999;https://www.saray-fashion.ro;activ
AF0991;Comision afiliere — magazinuldegene.ro;Afiliere;RO;2performant;magazinuldegene.ro;2performant;7.0;procent din vanzare;UNKNOWN;UNKNOWN;UNKNOWN;UNKNOWN;UNKNOWN;fara continut propriu;mica (deja integrat);usoara (cont activ);UNKNOWN;#999;https://www.magazinuldegene.ro/;activ
AF0992;Comision afiliere — fashionforyou.ro;Afiliere;RO;2performant;fashionforyou.ro;2performant;10.0;procent din vanzare;UNKNOWN;UNKNOWN;UNKNOWN;UNKNOWN;UNKNOWN;fara continut propriu;mica (deja integrat);usoara (cont activ);UNKNOWN;#999;https://www.fashionforyou.ro/;activ
AF0993;Comision afiliere — autobox.ro;Afiliere;RO;2performant;autobox.ro;2performant;5.0;procent din vanzare;UNKNOWN;UNKNOWN;UNKNOWN;UNKNOWN;UNKNOWN;fara continut propriu;mica (deja integrat);usoara (cont activ);UNKNOWN;#999;https://autobox.ro;activ
AF0994;Comision afiliere — vivadeco.ro;Afiliere;RO;2performant;vivadeco.ro;2performant;5.0;procent din vanzare;UNKNOWN;UNKNOWN;UNKNOWN;UNKNOWN;UNKNOWN;fara continut propriu;mica (deja integrat);usoara (cont activ);UNKNOWN;#999;https://www.vivadeco.ro/;activ
AF0995;Comision afiliere — aeriumshop.ro;Afiliere;RO;2performant;aeriumshop.ro;2performant;7.0;procent din vanzare;UNKNOWN;UNKNOWN;UNKNOWN;UNKNOWN;UNKNOWN;fara continut propriu;mica (deja integrat);usoara (cont activ);UNKNOWN;#999;https://aeriumshop.ro;activ
AF0996;Comision afiliere — davopro.ro;Afiliere;RO;2performant;davopro.ro;2performant;10.0;procent din vanzare;UNKNOWN;UNKNOWN;UNKNOWN;UNKNOWN;UNKNOWN;fara continut propriu;mica (deja integrat);usoara (cont activ);UNKNOWN;#999;https://davopro.ro/;activ
AF0997;Comision afiliere — frankemagazinonline.ro;Afiliere;RO;2performant;frankemagazinonline.ro;2performant;7.0;procent din vanzare;UNKNOWN;UNKNOWN;UNKNOWN;UNKNOWN;UNKNOWN;fara continut propriu;mica (deja integrat);usoara (cont activ);UNKNOWN;#999;https://www.frankemagazinonline.ro;activ
AF0998;Comision afiliere — aquaromania.ro;Afiliere;RO;2performant;aquaromania.ro;2performant;1.0;procent din vanzare;UNKNOWN;UNKNOWN;UNKNOWN;UNKNOWN;UNKNOWN;fara continut propriu;mica (deja integrat);usoara (cont activ);UNKNOWN;#999;https://aquaromania.ro/aquabliss-angel;activ
AF0999;Comision afiliere — avatar-shop.ro;Afiliere;RO;2performant;avatar-shop.ro;2performant;1.0;procent din vanzare;UNKNOWN;UNKNOWN;UNKNOWN;UNKNOWN;UNKNOWN;fara continut propriu;mica (deja integrat);usoara (cont activ);UNKNOWN;#999;https://avatar-shop.ro/;activ
AF1000;Comision afiliere — plantica.ro;Afiliere;RO;2performant;plantica.ro;2performant;15.0;procent din vanzare;UNKNOWN;UNKNOWN;UNKNOWN;UNKNOWN;UNKNOWN;fara continut propriu;mica (deja integrat);usoara (cont activ);UNKNOWN;#999;https://plantica.ro;activ
AF1001;Comision afiliere — negozio-softair.it;Afiliere;international;2performant;negozio-softair.it;2performant;5.0;procent din vanzare;UNKNOWN;UNKNOWN;UNKNOWN;UNKNOWN;UNKNOWN;fara continut propriu;mica (deja integrat);usoara (cont activ);UNKNOWN;#999;https://negozio-softair.it/;activ
AF1002;Comision afiliere — mobiro.ro;Afiliere;RO;2performant;mobiro.ro;2performant;5.5;procent din vanzare;UNKNOWN;UNKNOWN;UNKNOWN;UNKNOWN;UNKNOWN;fara continut propriu;mica (deja integrat);usoara (cont activ);UNKNOWN;#999;https://mobiro.ro;activ
AF1003;Comision afiliere — viataverdeviu.ro;Afiliere;RO;2performant;viataverdeviu.ro;2performant;10.0;procent din vanzare;UNKNOWN;UNKNOWN;UNKNOWN;UNKNOWN;UNKNOWN;fara continut propriu;mica (deja integrat);usoara (cont activ);UNKNOWN;#999;https://viataverdeviu.ro;activ
AF1004;Comision afiliere — apolino.ro;Afiliere;RO;2performant;apolino.ro;2performant;8.0;procent din vanzare;UNKNOWN;UNKNOWN;UNKNOWN;UNKNOWN;UNKNOWN;fara continut propriu;mica (deja integrat);usoara (cont activ);UNKNOWN;#999;https://www.apolino.ro;activ
AF1005;Comision afiliere — estel.ro;Afiliere;RO;2performant;estel.ro;2performant;10.0;procent din vanzare;UNKNOWN;UNKNOWN;UNKNOWN;UNKNOWN;UNKNOWN;are pagina;mica (deja integrat);usoara (cont activ);UNKNOWN;#999;https://estel.ro;activ
AF1006;Comision afiliere — drcalm.ro;Afiliere;RO;2performant;drcalm.ro;2performant;10.0;procent din vanzare;UNKNOWN;UNKNOWN;UNKNOWN;UNKNOWN;UNKNOWN;fara continut propriu;mica (deja integrat);usoara (cont activ);UNKNOWN;#999;https://www.drcalm.ro;activ
AF1007;Comision afiliere — twindeco.ro;Afiliere;RO;2performant;twindeco.ro;2performant;5.0;procent din vanzare;UNKNOWN;UNKNOWN;UNKNOWN;UNKNOWN;UNKNOWN;fara continut propriu;mica (deja integrat);usoara (cont activ);UNKNOWN;#999;https://twindeco.ro/;activ
AF1008;Comision afiliere — zapatos.hu;Afiliere;international;2performant;zapatos.hu;2performant;8.0;procent din vanzare;UNKNOWN;UNKNOWN;UNKNOWN;UNKNOWN;UNKNOWN;fara continut propriu;mica (deja integrat);usoara (cont activ);UNKNOWN;#999;https://www.zapatos.hu;activ
AF1009;Comision afiliere — republicabio.ro;Afiliere;RO;2performant;republicabio.ro;2performant;10.0;procent din vanzare;UNKNOWN;UNKNOWN;UNKNOWN;UNKNOWN;UNKNOWN;fara continut propriu;mica (deja integrat);usoara (cont activ);UNKNOWN;#999;https://republicabio.ro/;activ
AF1010;Comision afiliere — laptoplab.ro;Afiliere;RO;2performant;laptoplab.ro;2performant;6.0;procent din vanzare;UNKNOWN;UNKNOWN;UNKNOWN;UNKNOWN;UNKNOWN;fara continut propriu;mica (deja integrat);usoara (cont activ);UNKNOWN;#999;https://www.laptoplab.ro;activ
AF1011;Comision afiliere — foliecubule.ro;Afiliere;RO;2performant;foliecubule.ro;2performant;12.0;procent din vanzare;UNKNOWN;UNKNOWN;UNKNOWN;UNKNOWN;UNKNOWN;fara continut propriu;mica (deja integrat);usoara (cont activ);UNKNOWN;#999;https://foliecubule.ro;activ
AF1012;Comision afiliere — beautifier.ro;Afiliere;RO;2performant;beautifier.ro;2performant;5.0;procent din vanzare;UNKNOWN;UNKNOWN;UNKNOWN;UNKNOWN;UNKNOWN;fara continut propriu;mica (deja integrat);usoara (cont activ);UNKNOWN;#999;https://beautifier.ro/;activ
AF1013;Comision afiliere — e-roti.ro;Afiliere;RO;2performant;e-roti.ro;2performant;2.0;procent din vanzare;UNKNOWN;UNKNOWN;UNKNOWN;UNKNOWN;UNKNOWN;fara continut propriu;mica (deja integrat);usoara (cont activ);UNKNOWN;#999;https://www.e-roti.ro/;activ
AF1014;Comision afiliere — baterii-lux.ro;Afiliere;RO;2performant;baterii-lux.ro;2performant;5.0;procent din vanzare;UNKNOWN;UNKNOWN;UNKNOWN;UNKNOWN;UNKNOWN;fara continut propriu;mica (deja integrat);usoara (cont activ);UNKNOWN;#999;https://www.baterii-lux.ro/;activ
AF1015;Comision afiliere — madebysociety.co.uk;Afiliere;international;2performant;madebysociety.co.uk;2performant;15.0;procent din vanzare;UNKNOWN;UNKNOWN;UNKNOWN;UNKNOWN;UNKNOWN;fara continut propriu;mica (deja integrat);usoara (cont activ);UNKNOWN;#999;https://madebysociety.co.uk/;activ
AF1016;Comision afiliere — europroduse.ro;Afiliere;RO;2performant;europroduse.ro;2performant;5.0;procent din vanzare;UNKNOWN;UNKNOWN;UNKNOWN;UNKNOWN;UNKNOWN;fara continut propriu;mica (deja integrat);usoara (cont activ);UNKNOWN;#999;https://europroduse.ro;activ
AF1017;Comision afiliere — reyze.ro;Afiliere;RO;2performant;reyze.ro;2performant;8.0;procent din vanzare;UNKNOWN;UNKNOWN;UNKNOWN;UNKNOWN;UNKNOWN;fara continut propriu;mica (deja integrat);usoara (cont activ);UNKNOWN;#999;https://reyze.ro;activ
AF1018;Comision afiliere — nepstore.ro;Afiliere;RO;2performant;nepstore.ro;2performant;7.5;procent din vanzare;UNKNOWN;UNKNOWN;UNKNOWN;UNKNOWN;UNKNOWN;fara continut propriu;mica (deja integrat);usoara (cont activ);UNKNOWN;#999;https://www.nepstore.ro/;activ
AF1019;Comision afiliere — kivi.ro;Afiliere;RO;2performant;kivi.ro;2performant;5.0;procent din vanzare;UNKNOWN;UNKNOWN;UNKNOWN;UNKNOWN;UNKNOWN;fara continut propriu;mica (deja integrat);usoara (cont activ);UNKNOWN;#999;https://kivi.ro/;activ
AF1020;Comision afiliere — elegance-decor.ro;Afiliere;RO;2performant;elegance-decor.ro;2performant;8.0;procent din vanzare;UNKNOWN;UNKNOWN;UNKNOWN;UNKNOWN;UNKNOWN;fara continut propriu;mica (deja integrat);usoara (cont activ);UNKNOWN;#999;https://www.elegance-decor.ro;activ
AF1021;Comision afiliere — imatrend.ro;Afiliere;RO;2performant;imatrend.ro;2performant;6.0;procent din vanzare;UNKNOWN;UNKNOWN;UNKNOWN;UNKNOWN;UNKNOWN;fara continut propriu;mica (deja integrat);usoara (cont activ);UNKNOWN;#999;https://www.imatrend.ro;activ
AF1022;Comision afiliere — ceasuri-shop.ro;Afiliere;RO;2performant;ceasuri-shop.ro;2performant;13.0;procent din vanzare;UNKNOWN;UNKNOWN;UNKNOWN;UNKNOWN;UNKNOWN;fara continut propriu;mica (deja integrat);usoara (cont activ);UNKNOWN;#999;https://www.ceasuri-shop.ro/;activ
AF1023;Comision afiliere — fragranza.hu;Afiliere;international;2performant;fragranza.hu;2performant;4.0;procent din vanzare;UNKNOWN;UNKNOWN;UNKNOWN;UNKNOWN;UNKNOWN;fara continut propriu;mica (deja integrat);usoara (cont activ);UNKNOWN;#999;https://fragranza.hu;activ
AF1024;Comision afiliere — navi-gps.ro;Afiliere;RO;2performant;navi-gps.ro;2performant;8.0;procent din vanzare;UNKNOWN;UNKNOWN;UNKNOWN;UNKNOWN;UNKNOWN;fara continut propriu;mica (deja integrat);usoara (cont activ);UNKNOWN;#999;https://navi-gps.ro;activ
AF1025;Comision afiliere — nuvien.ro;Afiliere;RO;2performant;nuvien.ro;2performant;10.0;procent din vanzare;UNKNOWN;UNKNOWN;UNKNOWN;UNKNOWN;UNKNOWN;fara continut propriu;mica (deja integrat);usoara (cont activ);UNKNOWN;#999;https://www.nuvien.ro/;activ
AF1026;Comision afiliere — dwyn.ro;Afiliere;RO;2performant;dwyn.ro;2performant;2.0;procent din vanzare;UNKNOWN;UNKNOWN;UNKNOWN;UNKNOWN;UNKNOWN;fara continut propriu;mica (deja integrat);usoara (cont activ);UNKNOWN;#999;https://www.dwyn.ro/;activ
AF1027;Comision afiliere — littlenest.ro;Afiliere;RO;2performant;littlenest.ro;2performant;10.0;procent din vanzare;UNKNOWN;UNKNOWN;UNKNOWN;UNKNOWN;UNKNOWN;fara continut propriu;mica (deja integrat);usoara (cont activ);UNKNOWN;#999;https://littlenest.ro;activ
AF1028;Comision afiliere — candycave.ie;Afiliere;international;2performant;candycave.ie;2performant;12.0;procent din vanzare;UNKNOWN;UNKNOWN;UNKNOWN;UNKNOWN;UNKNOWN;fara continut propriu;mica (deja integrat);usoara (cont activ);UNKNOWN;#999;https://candycave.ie;activ
AF1029;Comision afiliere — underarmour.bg;Afiliere;international;2performant;underarmour.bg;2performant;5.0;procent din vanzare;UNKNOWN;UNKNOWN;UNKNOWN;UNKNOWN;UNKNOWN;fara continut propriu;mica (deja integrat);usoara (cont activ);UNKNOWN;#999;https://www.underarmour.bg;activ
AF1030;Comision afiliere — boost4life.ro;Afiliere;RO;2performant;boost4life.ro;2performant;12.0;procent din vanzare;UNKNOWN;UNKNOWN;UNKNOWN;UNKNOWN;UNKNOWN;fara continut propriu;mica (deja integrat);usoara (cont activ);UNKNOWN;#999;https://www.boost4life.ro;activ
AF1031;Comision afiliere — bagno.ro;Afiliere;RO;2performant;bagno.ro;2performant;5.0;procent din vanzare;UNKNOWN;UNKNOWN;UNKNOWN;UNKNOWN;UNKNOWN;fara continut propriu;mica (deja integrat);usoara (cont activ);UNKNOWN;#999;https://www.bagno.ro;activ
AF1032;Comision afiliere — comenzi.ro;Afiliere;RO;2performant;comenzi.ro;2performant;10.0;procent din vanzare;UNKNOWN;UNKNOWN;UNKNOWN;UNKNOWN;UNKNOWN;fara continut propriu;mica (deja integrat);usoara (cont activ);UNKNOWN;#999;https://www.comenzi.ro/;activ
AF1033;Comision afiliere — coltdesanatate.ro;Afiliere;RO;2performant;coltdesanatate.ro;2performant;12.0;procent din vanzare;UNKNOWN;UNKNOWN;UNKNOWN;UNKNOWN;UNKNOWN;fara continut propriu;mica (deja integrat);usoara (cont activ);UNKNOWN;#999;https://coltdesanatate.ro;activ
AF1034;Comision afiliere — importdirect.ro;Afiliere;RO;2performant;importdirect.ro;2performant;5.0;procent din vanzare;UNKNOWN;UNKNOWN;UNKNOWN;UNKNOWN;UNKNOWN;fara continut propriu;mica (deja integrat);usoara (cont activ);UNKNOWN;#999;https://www.importdirect.ro/;activ
AF1035;Comision afiliere — sculefix.ro;Afiliere;RO;2performant;sculefix.ro;2performant;7.0;procent din vanzare;UNKNOWN;UNKNOWN;UNKNOWN;UNKNOWN;UNKNOWN;fara continut propriu;mica (deja integrat);usoara (cont activ);UNKNOWN;#999;https://sculefix.ro;activ
AF1036;Comision afiliere — itarena.ro;Afiliere;RO;2performant;itarena.ro;2performant;1.0;procent din vanzare;UNKNOWN;UNKNOWN;UNKNOWN;UNKNOWN;UNKNOWN;fara continut propriu;mica (deja integrat);usoara (cont activ);UNKNOWN;#999;https://www.itarena.ro/;activ
AF1037;Comision afiliere — edez.ro;Afiliere;RO;2performant;edez.ro;2performant;8.5;procent din vanzare;UNKNOWN;UNKNOWN;UNKNOWN;UNKNOWN;UNKNOWN;fara continut propriu;mica (deja integrat);usoara (cont activ);UNKNOWN;#999;https://edez.ro;activ
AF1038;Comision afiliere — baristelli.ro;Afiliere;RO;2performant;baristelli.ro;2performant;10.0;procent din vanzare;UNKNOWN;UNKNOWN;UNKNOWN;UNKNOWN;UNKNOWN;fara continut propriu;mica (deja integrat);usoara (cont activ);UNKNOWN;#999;https://baristelli.ro;activ
AF1039;Comision afiliere — atelier49.ro;Afiliere;RO;2performant;atelier49.ro;2performant;6.0;procent din vanzare;UNKNOWN;UNKNOWN;UNKNOWN;UNKNOWN;UNKNOWN;fara continut propriu;mica (deja integrat);usoara (cont activ);UNKNOWN;#999;https://www.atelier49.ro;activ
AF1040;Comision afiliere — casa-bucuriei.ro;Afiliere;RO;2performant;casa-bucuriei.ro;2performant;10.0;procent din vanzare;UNKNOWN;UNKNOWN;UNKNOWN;UNKNOWN;UNKNOWN;fara continut propriu;mica (deja integrat);usoara (cont activ);UNKNOWN;#999;https://www.casa-bucuriei.ro/;activ
AF1041;Comision afiliere — organicindia.ro;Afiliere;RO;2performant;organicindia.ro;2performant;12.0;procent din vanzare;UNKNOWN;UNKNOWN;UNKNOWN;UNKNOWN;UNKNOWN;fara continut propriu;mica (deja integrat);usoara (cont activ);UNKNOWN;#999;https://organicindia.ro/magazin;activ
AF1042;Comision afiliere — dreamramp.ro;Afiliere;RO;2performant;dreamramp.ro;2performant;20.0;procent din vanzare;UNKNOWN;UNKNOWN;UNKNOWN;UNKNOWN;UNKNOWN;are pagina;mica (deja integrat);usoara (cont activ);UNKNOWN;#999;https://dreamramp.ro;activ
AF1043;Comision afiliere — centini.ro;Afiliere;RO;2performant;centini.ro;2performant;8.0;procent din vanzare;UNKNOWN;UNKNOWN;UNKNOWN;UNKNOWN;UNKNOWN;fara continut propriu;mica (deja integrat);usoara (cont activ);UNKNOWN;#999;https://www.centini.ro/;activ
AF1044;Comision afiliere — biomag.ro;Afiliere;RO;2performant;biomag.ro;2performant;10.0;procent din vanzare;UNKNOWN;UNKNOWN;UNKNOWN;UNKNOWN;UNKNOWN;fara continut propriu;mica (deja integrat);usoara (cont activ);UNKNOWN;#999;https://www.Biomag.ro;activ
AF1045;Comision afiliere — primefarma.ro;Afiliere;RO;2performant;primefarma.ro;2performant;6.0;procent din vanzare;UNKNOWN;UNKNOWN;UNKNOWN;UNKNOWN;UNKNOWN;fara continut propriu;mica (deja integrat);usoara (cont activ);UNKNOWN;#999;https://primefarma.ro;activ
AF1046;Comision afiliere — printrecarti.ro;Afiliere;RO;2performant;printrecarti.ro;2performant;8.0;procent din vanzare;UNKNOWN;UNKNOWN;UNKNOWN;UNKNOWN;UNKNOWN;fara continut propriu;mica (deja integrat);usoara (cont activ);UNKNOWN;#999;https://www.printrecarti.ro;activ
AF1047;Comision afiliere — ludi.ro;Afiliere;RO;2performant;ludi.ro;2performant;10.0;procent din vanzare;UNKNOWN;UNKNOWN;UNKNOWN;UNKNOWN;UNKNOWN;fara continut propriu;mica (deja integrat);usoara (cont activ);UNKNOWN;#999;https://www.ludi.ro;activ
AF1048;Comision afiliere — 12note.ro;Afiliere;RO;2performant;12note.ro;2performant;5.0;procent din vanzare;UNKNOWN;UNKNOWN;UNKNOWN;UNKNOWN;UNKNOWN;fara continut propriu;mica (deja integrat);usoara (cont activ);UNKNOWN;#999;https://www.12note.ro;activ
AF1049;Comision afiliere — bimbimbo.ro;Afiliere;RO;2performant;bimbimbo.ro;2performant;10.0;procent din vanzare;UNKNOWN;UNKNOWN;UNKNOWN;UNKNOWN;UNKNOWN;fara continut propriu;mica (deja integrat);usoara (cont activ);UNKNOWN;#999;https://bimbimbo.ro;activ
AF1050;Comision afiliere — reelken.com;Afiliere;international;2performant;reelken.com;2performant;10.0;procent din vanzare;UNKNOWN;UNKNOWN;UNKNOWN;UNKNOWN;UNKNOWN;fara continut propriu;mica (deja integrat);usoara (cont activ);UNKNOWN;#999;https://reelken.com;activ
AF1051;Comision afiliere — justfit.ro;Afiliere;RO;2performant;justfit.ro;2performant;8.0;procent din vanzare;UNKNOWN;UNKNOWN;UNKNOWN;UNKNOWN;UNKNOWN;fara continut propriu;mica (deja integrat);usoara (cont activ);UNKNOWN;#999;https://www.justfit.ro;activ
AF1052;Comision afiliere — kamu.ro;Afiliere;RO;2performant;kamu.ro;2performant;7.5;procent din vanzare;UNKNOWN;UNKNOWN;UNKNOWN;UNKNOWN;UNKNOWN;fara continut propriu;mica (deja integrat);usoara (cont activ);UNKNOWN;#999;https://www.kamu.ro;activ
AF1053;Comision afiliere — zephyrlabs.ro;Afiliere;RO;2performant;zephyrlabs.ro;2performant;8.0;procent din vanzare;UNKNOWN;UNKNOWN;UNKNOWN;UNKNOWN;UNKNOWN;are pagina;mica (deja integrat);usoara (cont activ);UNKNOWN;#999;https://www.zephyrlabs.ro;activ
AF1054;Comision afiliere — instaltub.ro;Afiliere;RO;2performant;instaltub.ro;2performant;6.0;procent din vanzare;UNKNOWN;UNKNOWN;UNKNOWN;UNKNOWN;UNKNOWN;fara continut propriu;mica (deja integrat);usoara (cont activ);UNKNOWN;#999;https://www.instaltub.ro;activ
AF1055;Comision afiliere — homemart.ro;Afiliere;RO;2performant;homemart.ro;2performant;7.0;procent din vanzare;UNKNOWN;UNKNOWN;UNKNOWN;UNKNOWN;UNKNOWN;fara continut propriu;mica (deja integrat);usoara (cont activ);UNKNOWN;#999;https://homemart.ro;activ
AF1056;Comision afiliere — geekmall.ro;Afiliere;RO;2performant;geekmall.ro;2performant;2.5;procent din vanzare;UNKNOWN;UNKNOWN;UNKNOWN;UNKNOWN;UNKNOWN;fara continut propriu;mica (deja integrat);usoara (cont activ);UNKNOWN;#999;https://www.geekmall.ro/;activ
AF1057;Comision afiliere — grandeoptique.ro;Afiliere;RO;2performant;grandeoptique.ro;2performant;10.0;procent din vanzare;UNKNOWN;UNKNOWN;UNKNOWN;UNKNOWN;UNKNOWN;fara continut propriu;mica (deja integrat);usoara (cont activ);UNKNOWN;#999;https://grandeoptique.ro;activ
AF1058;Comision afiliere — giftdesign.ro;Afiliere;RO;2performant;giftdesign.ro;2performant;9.0;procent din vanzare;UNKNOWN;UNKNOWN;UNKNOWN;UNKNOWN;UNKNOWN;are pagina;mica (deja integrat);usoara (cont activ);UNKNOWN;#999;https://giftdesign.ro;activ
AF1059;Comision afiliere — topstar.ro;Afiliere;RO;2performant;topstar.ro;2performant;10.0;procent din vanzare;UNKNOWN;UNKNOWN;UNKNOWN;UNKNOWN;UNKNOWN;fara continut propriu;mica (deja integrat);usoara (cont activ);UNKNOWN;#999;https://www.topstar.ro/;activ
AF1060;Comision afiliere — diblongromania.ro;Afiliere;RO;2performant;diblongromania.ro;2performant;10.0;procent din vanzare;UNKNOWN;UNKNOWN;UNKNOWN;UNKNOWN;UNKNOWN;fara continut propriu;mica (deja integrat);usoara (cont activ);UNKNOWN;#999;https://diblongromania.ro;activ
AF1061;Comision afiliere — topsport.ro;Afiliere;RO;2performant;topsport.ro;2performant;12.0;procent din vanzare;UNKNOWN;UNKNOWN;UNKNOWN;UNKNOWN;UNKNOWN;fara continut propriu;mica (deja integrat);usoara (cont activ);UNKNOWN;#999;https://www.topsport.ro;activ
AF1062;Comision afiliere — pcmadd.com;Afiliere;international;2performant;pcmadd.com;2performant;6.0;procent din vanzare;UNKNOWN;UNKNOWN;UNKNOWN;UNKNOWN;UNKNOWN;fara continut propriu;mica (deja integrat);usoara (cont activ);UNKNOWN;#999;https://www.pcmadd.com/;activ
AF1063;Comision afiliere — biocyte.ro;Afiliere;RO;2performant;biocyte.ro;2performant;10.0;procent din vanzare;UNKNOWN;UNKNOWN;UNKNOWN;UNKNOWN;UNKNOWN;fara continut propriu;mica (deja integrat);usoara (cont activ);UNKNOWN;#999;https://www.biocyte.ro;activ
AF1064;Comision afiliere — arashop.ro;Afiliere;RO;2performant;arashop.ro;2performant;8.0;procent din vanzare;UNKNOWN;UNKNOWN;UNKNOWN;UNKNOWN;UNKNOWN;fara continut propriu;mica (deja integrat);usoara (cont activ);UNKNOWN;#999;https://arashop.ro/;activ
AF1065;Comision afiliere — field.ro;Afiliere;RO;2performant;field.ro;2performant;7.0;procent din vanzare;UNKNOWN;UNKNOWN;UNKNOWN;UNKNOWN;UNKNOWN;fara continut propriu;mica (deja integrat);usoara (cont activ);UNKNOWN;#999;https://www.field.ro;activ
AF1066;Comision afiliere — shop.biofarmland.ro;Afiliere;RO;2performant;shop.biofarmland.ro;2performant;5.0;procent din vanzare;UNKNOWN;UNKNOWN;UNKNOWN;UNKNOWN;UNKNOWN;fara continut propriu;mica (deja integrat);usoara (cont activ);UNKNOWN;#999;https://www.shop.biofarmland.ro/;activ
AF1067;Comision afiliere — wojas.ro;Afiliere;RO;2performant;wojas.ro;2performant;6.0;procent din vanzare;UNKNOWN;UNKNOWN;UNKNOWN;UNKNOWN;UNKNOWN;fara continut propriu;mica (deja integrat);usoara (cont activ);UNKNOWN;#999;https://wojas.ro/;activ
AF1068;Comision afiliere — urbancare.ro;Afiliere;RO;2performant;urbancare.ro;2performant;15.0;procent din vanzare;UNKNOWN;UNKNOWN;UNKNOWN;UNKNOWN;UNKNOWN;fara continut propriu;mica (deja integrat);usoara (cont activ);UNKNOWN;#999;https://urbancare.ro/;activ
AF1069;Comision afiliere — sabora.ro;Afiliere;RO;2performant;sabora.ro;2performant;15.0;procent din vanzare;UNKNOWN;UNKNOWN;UNKNOWN;UNKNOWN;UNKNOWN;fara continut propriu;mica (deja integrat);usoara (cont activ);UNKNOWN;#999;https://sabora.ro;activ
AF1070;Comision afiliere — lenjeriapufoasa.ro;Afiliere;RO;2performant;lenjeriapufoasa.ro;2performant;5.0;procent din vanzare;UNKNOWN;UNKNOWN;UNKNOWN;UNKNOWN;UNKNOWN;fara continut propriu;mica (deja integrat);usoara (cont activ);UNKNOWN;#999;https://www.lenjeriapufoasa.ro;activ
AF1071;Comision afiliere — re-bloom.ro;Afiliere;RO;2performant;re-bloom.ro;2performant;10.0;procent din vanzare;UNKNOWN;UNKNOWN;UNKNOWN;UNKNOWN;UNKNOWN;fara continut propriu;mica (deja integrat);usoara (cont activ);UNKNOWN;#999;https://www.re-bloom.ro/;activ
AF1072;Comision afiliere — nobelo.ro;Afiliere;RO;2performant;nobelo.ro;2performant;10.0;procent din vanzare;UNKNOWN;UNKNOWN;UNKNOWN;UNKNOWN;UNKNOWN;fara continut propriu;mica (deja integrat);usoara (cont activ);UNKNOWN;#999;https://www.nobelo.ro;activ
AF1073;Comision afiliere — kidsly.ro;Afiliere;RO;2performant;kidsly.ro;2performant;8.5;procent din vanzare;UNKNOWN;UNKNOWN;UNKNOWN;UNKNOWN;UNKNOWN;fara continut propriu;mica (deja integrat);usoara (cont activ);UNKNOWN;#999;https://www.kidsly.ro;activ
AF1074;Comision afiliere — istanonline.ro;Afiliere;RO;2performant;istanonline.ro;2performant;10.0;procent din vanzare;UNKNOWN;UNKNOWN;UNKNOWN;UNKNOWN;UNKNOWN;fara continut propriu;mica (deja integrat);usoara (cont activ);UNKNOWN;#999;https://istanonline.ro;activ
AF1075;Comision afiliere — niculescu.ro;Afiliere;RO;2performant;niculescu.ro;2performant;10.0;procent din vanzare;UNKNOWN;UNKNOWN;UNKNOWN;UNKNOWN;UNKNOWN;fara continut propriu;mica (deja integrat);usoara (cont activ);UNKNOWN;#999;https://www.niculescu.ro/;activ
AF1076;Comision afiliere — baobao.ro;Afiliere;RO;2performant;baobao.ro;2performant;10.0;procent din vanzare;UNKNOWN;UNKNOWN;UNKNOWN;UNKNOWN;UNKNOWN;fara continut propriu;mica (deja integrat);usoara (cont activ);UNKNOWN;#999;https://baobao.ro;activ
AF1077;Comision afiliere — lunera.ro;Afiliere;RO;2performant;lunera.ro;2performant;7.0;procent din vanzare;UNKNOWN;UNKNOWN;UNKNOWN;UNKNOWN;UNKNOWN;fara continut propriu;mica (deja integrat);usoara (cont activ);UNKNOWN;#999;https://www.lunera.ro;activ
AF1078;Comision afiliere — lovepadel.ie;Afiliere;international;2performant;lovepadel.ie;2performant;8.0;procent din vanzare;UNKNOWN;UNKNOWN;UNKNOWN;UNKNOWN;UNKNOWN;fara continut propriu;mica (deja integrat);usoara (cont activ);UNKNOWN;#999;https://lovepadel.ie/;activ
AF1079;Comision afiliere — hairify.ro;Afiliere;RO;2performant;hairify.ro;2performant;24.0;procent din vanzare;UNKNOWN;UNKNOWN;UNKNOWN;UNKNOWN;UNKNOWN;are pagina;mica (deja integrat);usoara (cont activ);UNKNOWN;#999;https://www.hairify.ro;activ
AF1080;Comision afiliere — truemedicalcare.ro;Afiliere;RO;2performant;truemedicalcare.ro;2performant;15.0;procent din vanzare;UNKNOWN;UNKNOWN;UNKNOWN;UNKNOWN;UNKNOWN;fara continut propriu;mica (deja integrat);usoara (cont activ);UNKNOWN;#999;https://truemedicalcare.ro;activ
AF1081;Comision afiliere — husse.ro;Afiliere;RO;2performant;husse.ro;2performant;5.0;procent din vanzare;UNKNOWN;UNKNOWN;UNKNOWN;UNKNOWN;UNKNOWN;fara continut propriu;mica (deja integrat);usoara (cont activ);UNKNOWN;#999;https://www.husse.ro;activ
AF1082;Comision afiliere — stingem.ro;Afiliere;RO;2performant;stingem.ro;2performant;5.0;procent din vanzare;UNKNOWN;UNKNOWN;UNKNOWN;UNKNOWN;UNKNOWN;fara continut propriu;mica (deja integrat);usoara (cont activ);UNKNOWN;#999;https://www.stingem.ro;activ
AF1083;Comision afiliere — homuse.ro;Afiliere;RO;2performant;homuse.ro;2performant;5.0;procent din vanzare;UNKNOWN;UNKNOWN;UNKNOWN;UNKNOWN;UNKNOWN;fara continut propriu;mica (deja integrat);usoara (cont activ);UNKNOWN;#999;https://homuse.ro;activ
AF1084;Comision afiliere — heatcollective.ro;Afiliere;RO;2performant;heatcollective.ro;2performant;7.0;procent din vanzare;UNKNOWN;UNKNOWN;UNKNOWN;UNKNOWN;UNKNOWN;fara continut propriu;mica (deja integrat);usoara (cont activ);UNKNOWN;#999;https://heatcollective.ro;activ
AF1085;Comision afiliere — sportpartner.ro;Afiliere;RO;2performant;sportpartner.ro;2performant;7.0;procent din vanzare;UNKNOWN;UNKNOWN;UNKNOWN;UNKNOWN;UNKNOWN;fara continut propriu;mica (deja integrat);usoara (cont activ);UNKNOWN;#999;https://www.sportpartner.ro/;activ
AF1086;Comision afiliere — bigiottos.com;Afiliere;international;2performant;bigiottos.com;2performant;10.0;procent din vanzare;UNKNOWN;UNKNOWN;UNKNOWN;UNKNOWN;UNKNOWN;fara continut propriu;mica (deja integrat);usoara (cont activ);UNKNOWN;#999;https://bigiottos.com/;activ
AF1087;Comision afiliere — meteoris.es;Afiliere;international;2performant;meteoris.es;2performant;17.0;procent din vanzare;UNKNOWN;UNKNOWN;UNKNOWN;UNKNOWN;UNKNOWN;fara continut propriu;mica (deja integrat);usoara (cont activ);UNKNOWN;#999;https://meteoris.es;activ
AF1088;Comision afiliere — olmarkt.ro;Afiliere;RO;2performant;olmarkt.ro;2performant;10.0;procent din vanzare;UNKNOWN;UNKNOWN;UNKNOWN;UNKNOWN;UNKNOWN;fara continut propriu;mica (deja integrat);usoara (cont activ);UNKNOWN;#999;https://olmarkt.ro;activ
AF1089;Comision afiliere — threefivethree.com;Afiliere;international;2performant;threefivethree.com;2performant;8.0;procent din vanzare;UNKNOWN;UNKNOWN;UNKNOWN;UNKNOWN;UNKNOWN;fara continut propriu;mica (deja integrat);usoara (cont activ);UNKNOWN;#999;https://threefivethree.com;activ
AF1090;Comision afiliere — premiumchocolate.ro;Afiliere;RO;2performant;premiumchocolate.ro;2performant;10.0;procent din vanzare;UNKNOWN;UNKNOWN;UNKNOWN;UNKNOWN;UNKNOWN;fara continut propriu;mica (deja integrat);usoara (cont activ);UNKNOWN;#999;https://www.premiumchocolate.ro;activ
AF1091;Comision afiliere — mobilasimalex.ro;Afiliere;RO;2performant;mobilasimalex.ro;2performant;5.0;procent din vanzare;UNKNOWN;UNKNOWN;UNKNOWN;UNKNOWN;UNKNOWN;fara continut propriu;mica (deja integrat);usoara (cont activ);UNKNOWN;#999;https://www.mobilasimalex.ro;activ
AF1092;Comision afiliere — vedrashop.ro;Afiliere;RO;2performant;vedrashop.ro;2performant;5.0;procent din vanzare;UNKNOWN;UNKNOWN;UNKNOWN;UNKNOWN;UNKNOWN;fara continut propriu;mica (deja integrat);usoara (cont activ);UNKNOWN;#999;https://vedrashop.ro/;activ
AF1093;Comision afiliere — air7.ro;Afiliere;RO;2performant;air7.ro;2performant;14.0;procent din vanzare;UNKNOWN;UNKNOWN;UNKNOWN;UNKNOWN;UNKNOWN;fara continut propriu;mica (deja integrat);usoara (cont activ);UNKNOWN;#999;https://www.air7.ro;activ
AF1094;Comision afiliere — husdago.ro;Afiliere;RO;2performant;husdago.ro;2performant;5.0;procent din vanzare;UNKNOWN;UNKNOWN;UNKNOWN;UNKNOWN;UNKNOWN;fara continut propriu;mica (deja integrat);usoara (cont activ);UNKNOWN;#999;https://www.husdago.ro;activ
AF1095;Comision afiliere — glambeauty.ro;Afiliere;RO;2performant;glambeauty.ro;2performant;8.0;procent din vanzare;UNKNOWN;UNKNOWN;UNKNOWN;UNKNOWN;UNKNOWN;fara continut propriu;mica (deja integrat);usoara (cont activ);UNKNOWN;#999;https://www.glambeauty.ro;activ
AF1096;Comision afiliere — cumperiangro.ro;Afiliere;RO;2performant;cumperiangro.ro;2performant;5.0;procent din vanzare;UNKNOWN;UNKNOWN;UNKNOWN;UNKNOWN;UNKNOWN;fara continut propriu;mica (deja integrat);usoara (cont activ);UNKNOWN;#999;https://cumperiangro.ro;activ
AF1097;Comision afiliere — incaltamintelamoda.ro;Afiliere;RO;2performant;incaltamintelamoda.ro;2performant;12.0;procent din vanzare;UNKNOWN;UNKNOWN;UNKNOWN;UNKNOWN;UNKNOWN;are pagina;mica (deja integrat);usoara (cont activ);UNKNOWN;#999;https://www.incaltamintelamoda.ro;activ
AF1098;Comision afiliere — datahost.ro;Afiliere;RO;2performant;datahost.ro;2performant;20.0;procent din vanzare;UNKNOWN;UNKNOWN;UNKNOWN;UNKNOWN;UNKNOWN;fara continut propriu;mica (deja integrat);usoara (cont activ);UNKNOWN;#999;https://www.datahost.ro;activ
AF1099;Comision afiliere — cloud10beauty.com;Afiliere;international;2performant;cloud10beauty.com;2performant;5.0;procent din vanzare;UNKNOWN;UNKNOWN;UNKNOWN;UNKNOWN;UNKNOWN;fara continut propriu;mica (deja integrat);usoara (cont activ);UNKNOWN;#999;https://www.cloud10beauty.com;activ
AF1100;Comision afiliere — navstore.ro;Afiliere;RO;2performant;navstore.ro;2performant;6.0;procent din vanzare;UNKNOWN;UNKNOWN;UNKNOWN;UNKNOWN;UNKNOWN;fara continut propriu;mica (deja integrat);usoara (cont activ);UNKNOWN;#999;https://www.navstore.ro;activ
AF1101;Comision afiliere — ierusalim-store.ro;Afiliere;RO;2performant;ierusalim-store.ro;2performant;10.0;procent din vanzare;UNKNOWN;UNKNOWN;UNKNOWN;UNKNOWN;UNKNOWN;fara continut propriu;mica (deja integrat);usoara (cont activ);UNKNOWN;#999;https://ierusalim-store.ro;activ
AF1102;Comision afiliere — sofipex.ro;Afiliere;RO;2performant;sofipex.ro;2performant;5.0;procent din vanzare;UNKNOWN;UNKNOWN;UNKNOWN;UNKNOWN;UNKNOWN;are pagina;mica (deja integrat);usoara (cont activ);UNKNOWN;#999;https://sofipex.ro;activ
AF1103;Comision afiliere — amafashion.ro;Afiliere;RO;2performant;amafashion.ro;2performant;10.0;procent din vanzare;UNKNOWN;UNKNOWN;UNKNOWN;UNKNOWN;UNKNOWN;fara continut propriu;mica (deja integrat);usoara (cont activ);UNKNOWN;#999;https://www.amafashion.ro;activ
AF1104;Comision afiliere — scenta.ro;Afiliere;RO;2performant;scenta.ro;2performant;12.0;procent din vanzare;UNKNOWN;UNKNOWN;UNKNOWN;UNKNOWN;UNKNOWN;fara continut propriu;mica (deja integrat);usoara (cont activ);UNKNOWN;#999;https://scenta.ro;activ
AF1105;Comision afiliere — hobiktoys.ro;Afiliere;RO;2performant;hobiktoys.ro;2performant;8.0;procent din vanzare;UNKNOWN;UNKNOWN;UNKNOWN;UNKNOWN;UNKNOWN;fara continut propriu;mica (deja integrat);usoara (cont activ);UNKNOWN;#999;https://hobiktoys.ro;activ
AF1106;Comision afiliere — decofinisaje.ro;Afiliere;RO;2performant;decofinisaje.ro;2performant;6.0;procent din vanzare;UNKNOWN;UNKNOWN;UNKNOWN;UNKNOWN;UNKNOWN;fara continut propriu;mica (deja integrat);usoara (cont activ);UNKNOWN;#999;https://decofinisaje.ro;activ
AF1107;Comision afiliere — bebeboo.ro;Afiliere;RO;2performant;bebeboo.ro;2performant;5.0;procent din vanzare;UNKNOWN;UNKNOWN;UNKNOWN;UNKNOWN;UNKNOWN;fara continut propriu;mica (deja integrat);usoara (cont activ);UNKNOWN;#999;https://bebeboo.ro/;activ
AF1108;Comision afiliere — lesami.ro;Afiliere;RO;2performant;lesami.ro;2performant;8.0;procent din vanzare;UNKNOWN;UNKNOWN;UNKNOWN;UNKNOWN;UNKNOWN;fara continut propriu;mica (deja integrat);usoara (cont activ);UNKNOWN;#999;https://lesami.ro;activ
AF1109;Comision afiliere — reincarcareprepay.ro;Afiliere;RO;2performant;reincarcareprepay.ro;2performant;10.0;procent din vanzare;UNKNOWN;UNKNOWN;UNKNOWN;UNKNOWN;UNKNOWN;fara continut propriu;mica (deja integrat);usoara (cont activ);UNKNOWN;#999;https://reincarcareprepay.ro;activ
AF1110;Comision afiliere — prosoapehotel.ro;Afiliere;RO;2performant;prosoapehotel.ro;2performant;10.0;procent din vanzare;UNKNOWN;UNKNOWN;UNKNOWN;UNKNOWN;UNKNOWN;fara continut propriu;mica (deja integrat);usoara (cont activ);UNKNOWN;#999;https://www.prosoapehotel.ro;activ
AF1111;Comision afiliere — onixbox.ro;Afiliere;RO;2performant;onixbox.ro;2performant;10.0;procent din vanzare;UNKNOWN;UNKNOWN;UNKNOWN;UNKNOWN;UNKNOWN;fara continut propriu;mica (deja integrat);usoara (cont activ);UNKNOWN;#999;https://www.onixbox.ro;activ
AF1112;Comision afiliere — verdemivida.ro;Afiliere;RO;2performant;verdemivida.ro;2performant;15.0;procent din vanzare;UNKNOWN;UNKNOWN;UNKNOWN;UNKNOWN;UNKNOWN;fara continut propriu;mica (deja integrat);usoara (cont activ);UNKNOWN;#999;https://verdemivida.ro/;activ
AF1113;Comision afiliere — gogofashion.store.ro;Afiliere;RO;2performant;gogofashion.store.ro;2performant;10.0;procent din vanzare;UNKNOWN;UNKNOWN;UNKNOWN;UNKNOWN;UNKNOWN;fara continut propriu;mica (deja integrat);usoara (cont activ);UNKNOWN;#999;https://gogofashion.store.ro;activ
AF1114;Comision afiliere — padelboost.co.uk;Afiliere;international;2performant;padelboost.co.uk;2performant;7.0;procent din vanzare;UNKNOWN;UNKNOWN;UNKNOWN;UNKNOWN;UNKNOWN;are pagina;mica (deja integrat);usoara (cont activ);UNKNOWN;#999;https://www.padelboost.co.uk/;activ
AF1115;Comision afiliere — parfumoriental.ro;Afiliere;RO;2performant;parfumoriental.ro;2performant;7.0;procent din vanzare;UNKNOWN;UNKNOWN;UNKNOWN;UNKNOWN;UNKNOWN;fara continut propriu;mica (deja integrat);usoara (cont activ);UNKNOWN;#999;https://www.parfumoriental.ro/;activ
AF1116;Comision afiliere — 220-volti.ro;Afiliere;RO;2performant;220-volti.ro;2performant;5.0;procent din vanzare;UNKNOWN;UNKNOWN;UNKNOWN;UNKNOWN;UNKNOWN;are pagina;mica (deja integrat);usoara (cont activ);UNKNOWN;#999;https://220-volti.ro/;activ
AF1117;Comision afiliere — baby24.ro;Afiliere;RO;2performant;baby24.ro;2performant;7.0;procent din vanzare;UNKNOWN;UNKNOWN;UNKNOWN;UNKNOWN;UNKNOWN;fara continut propriu;mica (deja integrat);usoara (cont activ);UNKNOWN;#999;https://baby24.ro;activ
AF1118;Comision afiliere — toronero.ro;Afiliere;RO;2performant;toronero.ro;2performant;7.0;procent din vanzare;UNKNOWN;UNKNOWN;UNKNOWN;UNKNOWN;UNKNOWN;fara continut propriu;mica (deja integrat);usoara (cont activ);UNKNOWN;#999;https://toronero.ro/;activ
AF1119;Comision afiliere — workfit.ro;Afiliere;RO;2performant;workfit.ro;2performant;5.0;procent din vanzare;UNKNOWN;UNKNOWN;UNKNOWN;UNKNOWN;UNKNOWN;fara continut propriu;mica (deja integrat);usoara (cont activ);UNKNOWN;#999;https://workfit.ro;activ
AF1120;Comision afiliere — nextsim.eu;Afiliere;international;2performant;nextsim.eu;2performant;10.0;procent din vanzare;UNKNOWN;UNKNOWN;UNKNOWN;UNKNOWN;UNKNOWN;fara continut propriu;mica (deja integrat);usoara (cont activ);UNKNOWN;#999;https://nextsim.eu;activ
AF1121;Comision afiliere — promotionalprint.ro;Afiliere;RO;2performant;promotionalprint.ro;2performant;7.0;procent din vanzare;UNKNOWN;UNKNOWN;UNKNOWN;UNKNOWN;UNKNOWN;fara continut propriu;mica (deja integrat);usoara (cont activ);UNKNOWN;#999;https://promotionalprint.ro;activ
AF1122;Comision afiliere — universulfiscal.ro;Afiliere;RO;2performant;universulfiscal.ro;2performant;10.0;procent din vanzare;UNKNOWN;UNKNOWN;UNKNOWN;UNKNOWN;UNKNOWN;fara continut propriu;mica (deja integrat);usoara (cont activ);UNKNOWN;#999;https://universulfiscal.ro;activ
AF1123;Comision afiliere — pet.eurolife-asigurari.ro;Afiliere;RO;2performant;pet.eurolife-asigurari.ro;2performant;10.0;procent din vanzare;UNKNOWN;UNKNOWN;UNKNOWN;UNKNOWN;UNKNOWN;fara continut propriu;mica (deja integrat);usoara (cont activ);UNKNOWN;#999;https://pet.eurolife-asigurari.ro/;activ
AF1124;Comision afiliere — edogkalypsoland.ro;Afiliere;RO;2performant;edogkalypsoland.ro;2performant;7.0;procent din vanzare;UNKNOWN;UNKNOWN;UNKNOWN;UNKNOWN;UNKNOWN;fara continut propriu;mica (deja integrat);usoara (cont activ);UNKNOWN;#999;https://edogkalypsoland.ro/ro/;activ
AF1125;Comision afiliere — rikingdom.com;Afiliere;international;2performant;rikingdom.com;2performant;10.0;procent din vanzare;UNKNOWN;UNKNOWN;UNKNOWN;UNKNOWN;UNKNOWN;fara continut propriu;mica (deja integrat);usoara (cont activ);UNKNOWN;#999;https://rikingdom.com;activ
AF1126;Comision afiliere — sellex.ro;Afiliere;RO;2performant;sellex.ro;2performant;15.0;procent din vanzare;UNKNOWN;UNKNOWN;UNKNOWN;UNKNOWN;UNKNOWN;fara continut propriu;mica (deja integrat);usoara (cont activ);UNKNOWN;#999;https://sellex.ro;activ
AF1127;Comision afiliere — irelandexclusive.com;Afiliere;international;2performant;irelandexclusive.com;2performant;6.0;procent din vanzare;UNKNOWN;UNKNOWN;UNKNOWN;UNKNOWN;UNKNOWN;fara continut propriu;mica (deja integrat);usoara (cont activ);UNKNOWN;#999;https://irelandexclusive.com;activ
AF1128;Comision afiliere — depozituldeuleiuri.ro;Afiliere;RO;2performant;depozituldeuleiuri.ro;2performant;6.0;procent din vanzare;UNKNOWN;UNKNOWN;UNKNOWN;UNKNOWN;UNKNOWN;fara continut propriu;mica (deja integrat);usoara (cont activ);UNKNOWN;#999;https://www.depozituldeuleiuri.ro;activ
AF1129;Comision afiliere — partytent24.ro;Afiliere;RO;2performant;partytent24.ro;2performant;5.0;procent din vanzare;UNKNOWN;UNKNOWN;UNKNOWN;UNKNOWN;UNKNOWN;fara continut propriu;mica (deja integrat);usoara (cont activ);UNKNOWN;#999;https://www.partytent24.ro;activ
AF1130;Comision afiliere — saray-kids.ro;Afiliere;RO;2performant;saray-kids.ro;2performant;10.0;procent din vanzare;UNKNOWN;UNKNOWN;UNKNOWN;UNKNOWN;UNKNOWN;fara continut propriu;mica (deja integrat);usoara (cont activ);UNKNOWN;#999;https://saray-kids.ro/;activ
AF1131;Comision afiliere — myfashionshopping.it;Afiliere;international;2performant;myfashionshopping.it;2performant;10.0;procent din vanzare;UNKNOWN;UNKNOWN;UNKNOWN;UNKNOWN;UNKNOWN;fara continut propriu;mica (deja integrat);usoara (cont activ);UNKNOWN;#999;https://myfashionshopping.it;activ
AF1132;Comision afiliere — patuldeacasa.ro;Afiliere;RO;2performant;patuldeacasa.ro;2performant;10.0;procent din vanzare;UNKNOWN;UNKNOWN;UNKNOWN;UNKNOWN;UNKNOWN;fara continut propriu;mica (deja integrat);usoara (cont activ);UNKNOWN;#999;https://patuldeacasa.ro;activ
AF1133;Comision afiliere — intimplay.ro;Afiliere;RO;2performant;intimplay.ro;2performant;15.0;procent din vanzare;UNKNOWN;UNKNOWN;UNKNOWN;UNKNOWN;UNKNOWN;fara continut propriu;mica (deja integrat);usoara (cont activ);UNKNOWN;#999;https://www.intimplay.ro;activ
AF1134;Comision afiliere — sanoverde.ro;Afiliere;RO;2performant;sanoverde.ro;2performant;10.0;procent din vanzare;UNKNOWN;UNKNOWN;UNKNOWN;UNKNOWN;UNKNOWN;fara continut propriu;mica (deja integrat);usoara (cont activ);UNKNOWN;#999;https://sanoverde.ro;activ
AF1135;Comision afiliere — kaelo.ro;Afiliere;RO;2performant;kaelo.ro;2performant;20.0;procent din vanzare;UNKNOWN;UNKNOWN;UNKNOWN;UNKNOWN;UNKNOWN;fara continut propriu;mica (deja integrat);usoara (cont activ);UNKNOWN;#999;https://www.kaelo.ro;activ
AF1136;Comision afiliere — drawdetailing.ro;Afiliere;RO;2performant;drawdetailing.ro;2performant;10.0;procent din vanzare;UNKNOWN;UNKNOWN;UNKNOWN;UNKNOWN;UNKNOWN;fara continut propriu;mica (deja integrat);usoara (cont activ);UNKNOWN;#999;https://drawdetailing.ro;activ
AF1137;Comision afiliere — verdalis.ro;Afiliere;RO;2performant;verdalis.ro;2performant;15.0;procent din vanzare;UNKNOWN;UNKNOWN;UNKNOWN;UNKNOWN;UNKNOWN;fara continut propriu;mica (deja integrat);usoara (cont activ);UNKNOWN;#999;https://verdalis.ro;activ
AF1138;Comision afiliere — jackmurphy.ie;Afiliere;international;2performant;jackmurphy.ie;2performant;10.0;procent din vanzare;UNKNOWN;UNKNOWN;UNKNOWN;UNKNOWN;UNKNOWN;fara continut propriu;mica (deja integrat);usoara (cont activ);UNKNOWN;#999;https://jackmurphy.ie/;activ
AF1139;Comision afiliere — laudsleep.com;Afiliere;international;2performant;laudsleep.com;2performant;8.0;procent din vanzare;UNKNOWN;UNKNOWN;UNKNOWN;UNKNOWN;UNKNOWN;fara continut propriu;mica (deja integrat);usoara (cont activ);UNKNOWN;#999;https://laudsleep.com;activ
AF1140;Comision afiliere — style4street.com;Afiliere;international;2performant;style4street.com;2performant;7.0;procent din vanzare;UNKNOWN;UNKNOWN;UNKNOWN;UNKNOWN;UNKNOWN;are pagina;mica (deja integrat);usoara (cont activ);UNKNOWN;#999;https://style4street.com;activ
AF1141;Comision afiliere — fantasyforge.ro;Afiliere;RO;2performant;fantasyforge.ro;2performant;10.0;procent din vanzare;UNKNOWN;UNKNOWN;UNKNOWN;UNKNOWN;UNKNOWN;are pagina;mica (deja integrat);usoara (cont activ);UNKNOWN;#999;https://fantasyforge.ro/;activ
AF1142;Comision afiliere — trendifystore.ro;Afiliere;RO;2performant;trendifystore.ro;2performant;12.0;procent din vanzare;UNKNOWN;UNKNOWN;UNKNOWN;UNKNOWN;UNKNOWN;fara continut propriu;mica (deja integrat);usoara (cont activ);UNKNOWN;#999;https://Trendifystore.ro;activ
AF1143;Comision afiliere — oriceinvitatie.ro;Afiliere;RO;2performant;oriceinvitatie.ro;2performant;10.0;procent din vanzare;UNKNOWN;UNKNOWN;UNKNOWN;UNKNOWN;UNKNOWN;fara continut propriu;mica (deja integrat);usoara (cont activ);UNKNOWN;#999;https://oriceinvitatie.ro;activ
AF1144;Comision afiliere — 6biologico.ro;Afiliere;RO;2performant;6biologico.ro;2performant;15.0;procent din vanzare;UNKNOWN;UNKNOWN;UNKNOWN;UNKNOWN;UNKNOWN;fara continut propriu;mica (deja integrat);usoara (cont activ);UNKNOWN;#999;https://6biologico.ro;activ
AF1145;Comision afiliere — puradoro.ro;Afiliere;RO;2performant;puradoro.ro;2performant;9.0;procent din vanzare;UNKNOWN;UNKNOWN;UNKNOWN;UNKNOWN;UNKNOWN;fara continut propriu;mica (deja integrat);usoara (cont activ);UNKNOWN;#999;https://www.puradoro.ro;activ
AF1146;Comision afiliere — flightpark.ro;Afiliere;RO;2performant;flightpark.ro;2performant;12.0;procent din vanzare;UNKNOWN;UNKNOWN;UNKNOWN;UNKNOWN;UNKNOWN;fara continut propriu;mica (deja integrat);usoara (cont activ);UNKNOWN;#999;https://flightpark.ro;activ
AF1147;Comision afiliere — kitchentools.ro;Afiliere;RO;2performant;kitchentools.ro;2performant;5.0;procent din vanzare;UNKNOWN;UNKNOWN;UNKNOWN;UNKNOWN;UNKNOWN;fara continut propriu;mica (deja integrat);usoara (cont activ);UNKNOWN;#999;https://www.kitchentools.ro;activ
AF1148;Comision afiliere — wolfy.ro;Afiliere;RO;2performant;wolfy.ro;2performant;8.0;procent din vanzare;UNKNOWN;UNKNOWN;UNKNOWN;UNKNOWN;UNKNOWN;fara continut propriu;mica (deja integrat);usoara (cont activ);UNKNOWN;#999;https://wolfy.ro;activ
AF1149;Comision afiliere — longevity-boost.com;Afiliere;international;2performant;longevity-boost.com;2performant;15.0;procent din vanzare;UNKNOWN;UNKNOWN;UNKNOWN;UNKNOWN;UNKNOWN;fara continut propriu;mica (deja integrat);usoara (cont activ);UNKNOWN;#999;https://longevity-boost.com;activ
AF1150;Comision afiliere — magazinultau-online.ro;Afiliere;RO;2performant;magazinultau-online.ro;2performant;12.0;procent din vanzare;UNKNOWN;UNKNOWN;UNKNOWN;UNKNOWN;UNKNOWN;fara continut propriu;mica (deja integrat);usoara (cont activ);UNKNOWN;#999;https://magazinultau-online.ro;activ
AF1151;Comision afiliere — zelto.ro;Afiliere;RO;2performant;zelto.ro;2performant;15.0;procent din vanzare;UNKNOWN;UNKNOWN;UNKNOWN;UNKNOWN;UNKNOWN;fara continut propriu;mica (deja integrat);usoara (cont activ);UNKNOWN;#999;https://www.zelto.ro;activ
AF1152;Comision afiliere — zeffscout.ro;Afiliere;RO;2performant;zeffscout.ro;2performant;70.0;procent din vanzare;UNKNOWN;UNKNOWN;UNKNOWN;UNKNOWN;UNKNOWN;fara continut propriu;mica (deja integrat);usoara (cont activ);UNKNOWN;#999;https://zeffscout.ro/;activ
AF1153;Comision afiliere — luxoryavelar.ro;Afiliere;RO;2performant;luxoryavelar.ro;2performant;15.0;procent din vanzare;UNKNOWN;UNKNOWN;UNKNOWN;UNKNOWN;UNKNOWN;fara continut propriu;mica (deja integrat);usoara (cont activ);UNKNOWN;#999;https://luxoryavelar.ro;activ
AF1154;Comision afiliere — bazaiot.ro;Afiliere;RO;2performant;bazaiot.ro;2performant;6.0;procent din vanzare;UNKNOWN;UNKNOWN;UNKNOWN;UNKNOWN;UNKNOWN;fara continut propriu;mica (deja integrat);usoara (cont activ);UNKNOWN;#999;https://bazaiot.ro/;activ
AF1155;Comision afiliere — bioluna.ro;Afiliere;RO;2performant;bioluna.ro;2performant;10.0;procent din vanzare;UNKNOWN;UNKNOWN;UNKNOWN;UNKNOWN;UNKNOWN;fara continut propriu;mica (deja integrat);usoara (cont activ);UNKNOWN;#999;https://bioluna.ro;activ
AF1156;Comision afiliere — boabe.ro;Afiliere;RO;2performant;boabe.ro;2performant;7.0;procent din vanzare;UNKNOWN;UNKNOWN;UNKNOWN;UNKNOWN;UNKNOWN;fara continut propriu;mica (deja integrat);usoara (cont activ);UNKNOWN;#999;https://boabe.ro;activ
AF1157;Comision afiliere — endro.ro;Afiliere;RO;2performant;endro.ro;2performant;10.0;procent din vanzare;UNKNOWN;UNKNOWN;UNKNOWN;UNKNOWN;UNKNOWN;fara continut propriu;mica (deja integrat);usoara (cont activ);UNKNOWN;#999;https://endro.ro;activ
PD0001;Carte tiparibila (KDP) — caiet-cu-puncte-volumul-1;Produs digital;international;Payhip / Etsy / KDP;propriu;—;39 lei propus;pret de vanzare;nu;—;UNKNOWN;UNKNOWN;UNKNOWN;UNKNOWN;construit deja;cont platforma + identitate;UNKNOWN;high;;CONSTRUIT, NEPUBLICAT
PD0002;Carte tiparibila (KDP) — caiet-cu-puncte-volumul-2;Produs digital;international;Payhip / Etsy / KDP;propriu;—;39 lei propus;pret de vanzare;nu;—;UNKNOWN;UNKNOWN;UNKNOWN;UNKNOWN;construit deja;cont platforma + identitate;UNKNOWN;high;;CONSTRUIT, NEPUBLICAT
PD0003;Carte tiparibila (KDP) — caiet-cu-puncte-volumul-3;Produs digital;international;Payhip / Etsy / KDP;propriu;—;39 lei propus;pret de vanzare;nu;—;UNKNOWN;UNKNOWN;UNKNOWN;UNKNOWN;construit deja;cont platforma + identitate;UNKNOWN;high;;CONSTRUIT, NEPUBLICAT
PD0004;Carte tiparibila (KDP) — caiet-de-matematică-volumul-1;Produs digital;international;Payhip / Etsy / KDP;propriu;—;39 lei propus;pret de vanzare;nu;—;UNKNOWN;UNKNOWN;UNKNOWN;UNKNOWN;construit deja;cont platforma + identitate;UNKNOWN;high;;CONSTRUIT, NEPUBLICAT
PD0005;Carte tiparibila (KDP) — caiet-de-matematică-volumul-2;Produs digital;international;Payhip / Etsy / KDP;propriu;—;39 lei propus;pret de vanzare;nu;—;UNKNOWN;UNKNOWN;UNKNOWN;UNKNOWN;construit deja;cont platforma + identitate;UNKNOWN;high;;CONSTRUIT, NEPUBLICAT
PD0006;Carte tiparibila (KDP) — caiet-de-matematică-volumul-3;Produs digital;international;Payhip / Etsy / KDP;propriu;—;39 lei propus;pret de vanzare;nu;—;UNKNOWN;UNKNOWN;UNKNOWN;UNKNOWN;construit deja;cont platforma + identitate;UNKNOWN;high;;CONSTRUIT, NEPUBLICAT
PD0007;Carte tiparibila (KDP) — căutare-de-cuvinte-animale-volumul-1;Produs digital;international;Payhip / Etsy / KDP;propriu;—;39 lei propus;pret de vanzare;nu;—;UNKNOWN;UNKNOWN;UNKNOWN;UNKNOWN;construit deja;cont platforma + identitate;UNKNOWN;high;;CONSTRUIT, NEPUBLICAT
PD0008;Carte tiparibila (KDP) — căutare-de-cuvinte-animale-volumul-2;Produs digital;international;Payhip / Etsy / KDP;propriu;—;39 lei propus;pret de vanzare;nu;—;UNKNOWN;UNKNOWN;UNKNOWN;UNKNOWN;construit deja;cont platforma + identitate;UNKNOWN;high;;CONSTRUIT, NEPUBLICAT
PD0009;Carte tiparibila (KDP) — căutare-de-cuvinte-bucatarie-volumul-1;Produs digital;international;Payhip / Etsy / KDP;propriu;—;39 lei propus;pret de vanzare;nu;—;UNKNOWN;UNKNOWN;UNKNOWN;UNKNOWN;construit deja;cont platforma + identitate;UNKNOWN;high;;CONSTRUIT, NEPUBLICAT
PD0010;Carte tiparibila (KDP) — căutare-de-cuvinte-bucatarie-volumul-2;Produs digital;international;Payhip / Etsy / KDP;propriu;—;39 lei propus;pret de vanzare;nu;—;UNKNOWN;UNKNOWN;UNKNOWN;UNKNOWN;construit deja;cont platforma + identitate;UNKNOWN;high;;CONSTRUIT, NEPUBLICAT
PD0011;Carte tiparibila (KDP) — căutare-de-cuvinte-calatorii-volumul-1;Produs digital;international;Payhip / Etsy / KDP;propriu;—;39 lei propus;pret de vanzare;nu;—;UNKNOWN;UNKNOWN;UNKNOWN;UNKNOWN;construit deja;cont platforma + identitate;UNKNOWN;high;;CONSTRUIT, NEPUBLICAT
PD0012;Carte tiparibila (KDP) — căutare-de-cuvinte-calatorii-volumul-2;Produs digital;international;Payhip / Etsy / KDP;propriu;—;39 lei propus;pret de vanzare;nu;—;UNKNOWN;UNKNOWN;UNKNOWN;UNKNOWN;construit deja;cont platforma + identitate;UNKNOWN;high;;CONSTRUIT, NEPUBLICAT
PD0013;Carte tiparibila (KDP) — căutare-de-cuvinte-gradina-volumul-1;Produs digital;international;Payhip / Etsy / KDP;propriu;—;39 lei propus;pret de vanzare;nu;—;UNKNOWN;UNKNOWN;UNKNOWN;UNKNOWN;construit deja;cont platforma + identitate;UNKNOWN;high;;CONSTRUIT, NEPUBLICAT
PD0014;Carte tiparibila (KDP) — căutare-de-cuvinte-gradina-volumul-2;Produs digital;international;Payhip / Etsy / KDP;propriu;—;39 lei propus;pret de vanzare;nu;—;UNKNOWN;UNKNOWN;UNKNOWN;UNKNOWN;construit deja;cont platforma + identitate;UNKNOWN;high;;CONSTRUIT, NEPUBLICAT
PD0015;Carte tiparibila (KDP) — căutare-de-cuvinte-meserii-volumul-1;Produs digital;international;Payhip / Etsy / KDP;propriu;—;39 lei propus;pret de vanzare;nu;—;UNKNOWN;UNKNOWN;UNKNOWN;UNKNOWN;construit deja;cont platforma + identitate;UNKNOWN;high;;CONSTRUIT, NEPUBLICAT
PD0016;Carte tiparibila (KDP) — căutare-de-cuvinte-meserii-volumul-2;Produs digital;international;Payhip / Etsy / KDP;propriu;—;39 lei propus;pret de vanzare;nu;—;UNKNOWN;UNKNOWN;UNKNOWN;UNKNOWN;construit deja;cont platforma + identitate;UNKNOWN;high;;CONSTRUIT, NEPUBLICAT
PD0017;Carte tiparibila (KDP) — căutare-de-cuvinte-muzica-volumul-1;Produs digital;international;Payhip / Etsy / KDP;propriu;—;39 lei propus;pret de vanzare;nu;—;UNKNOWN;UNKNOWN;UNKNOWN;UNKNOWN;construit deja;cont platforma + identitate;UNKNOWN;high;;CONSTRUIT, NEPUBLICAT
PD0018;Carte tiparibila (KDP) — căutare-de-cuvinte-muzica-volumul-2;Produs digital;international;Payhip / Etsy / KDP;propriu;—;39 lei propus;pret de vanzare;nu;—;UNKNOWN;UNKNOWN;UNKNOWN;UNKNOWN;construit deja;cont platforma + identitate;UNKNOWN;high;;CONSTRUIT, NEPUBLICAT
PD0019;Carte tiparibila (KDP) — căutare-de-cuvinte-natura-volumul-1;Produs digital;international;Payhip / Etsy / KDP;propriu;—;39 lei propus;pret de vanzare;nu;—;UNKNOWN;UNKNOWN;UNKNOWN;UNKNOWN;construit deja;cont platforma + identitate;UNKNOWN;high;;CONSTRUIT, NEPUBLICAT
PD0020;Carte tiparibila (KDP) — căutare-de-cuvinte-natura-volumul-2;Produs digital;international;Payhip / Etsy / KDP;propriu;—;39 lei propus;pret de vanzare;nu;—;UNKNOWN;UNKNOWN;UNKNOWN;UNKNOWN;construit deja;cont platforma + identitate;UNKNOWN;high;;CONSTRUIT, NEPUBLICAT
PD0021;Carte tiparibila (KDP) — căutare-de-cuvinte-oras-volumul-1;Produs digital;international;Payhip / Etsy / KDP;propriu;—;39 lei propus;pret de vanzare;nu;—;UNKNOWN;UNKNOWN;UNKNOWN;UNKNOWN;construit deja;cont platforma + identitate;UNKNOWN;high;;CONSTRUIT, NEPUBLICAT
PD0022;Carte tiparibila (KDP) — căutare-de-cuvinte-oras-volumul-2;Produs digital;international;Payhip / Etsy / KDP;propriu;—;39 lei propus;pret de vanzare;nu;—;UNKNOWN;UNKNOWN;UNKNOWN;UNKNOWN;construit deja;cont platforma + identitate;UNKNOWN;high;;CONSTRUIT, NEPUBLICAT
PD0023;Carte tiparibila (KDP) — căutare-de-cuvinte-sarbatori-volumul-1;Produs digital;international;Payhip / Etsy / KDP;propriu;—;39 lei propus;pret de vanzare;nu;—;UNKNOWN;UNKNOWN;UNKNOWN;UNKNOWN;construit deja;cont platforma + identitate;UNKNOWN;high;;CONSTRUIT, NEPUBLICAT
PD0024;Carte tiparibila (KDP) — căutare-de-cuvinte-sarbatori-volumul-2;Produs digital;international;Payhip / Etsy / KDP;propriu;—;39 lei propus;pret de vanzare;nu;—;UNKNOWN;UNKNOWN;UNKNOWN;UNKNOWN;construit deja;cont platforma + identitate;UNKNOWN;high;;CONSTRUIT, NEPUBLICAT
PD0025;Carte tiparibila (KDP) — căutare-de-cuvinte-scoala-volumul-1;Produs digital;international;Payhip / Etsy / KDP;propriu;—;39 lei propus;pret de vanzare;nu;—;UNKNOWN;UNKNOWN;UNKNOWN;UNKNOWN;construit deja;cont platforma + identitate;UNKNOWN;high;;CONSTRUIT, NEPUBLICAT
PD0026;Carte tiparibila (KDP) — căutare-de-cuvinte-scoala-volumul-2;Produs digital;international;Payhip / Etsy / KDP;propriu;—;39 lei propus;pret de vanzare;nu;—;UNKNOWN;UNKNOWN;UNKNOWN;UNKNOWN;construit deja;cont platforma + identitate;UNKNOWN;high;;CONSTRUIT, NEPUBLICAT
PD0027;Carte tiparibila (KDP) — căutare-de-cuvinte-sport-volumul-1;Produs digital;international;Payhip / Etsy / KDP;propriu;—;39 lei propus;pret de vanzare;nu;—;UNKNOWN;UNKNOWN;UNKNOWN;UNKNOWN;construit deja;cont platforma + identitate;UNKNOWN;high;;CONSTRUIT, NEPUBLICAT
PD0028;Carte tiparibila (KDP) — căutare-de-cuvinte-sport-volumul-2;Produs digital;international;Payhip / Etsy / KDP;propriu;—;39 lei propus;pret de vanzare;nu;—;UNKNOWN;UNKNOWN;UNKNOWN;UNKNOWN;construit deja;cont platforma + identitate;UNKNOWN;high;;CONSTRUIT, NEPUBLICAT
PD0029;Carte tiparibila (KDP) — căutare-de-cuvinte-vreme-volumul-1;Produs digital;international;Payhip / Etsy / KDP;propriu;—;39 lei propus;pret de vanzare;nu;—;UNKNOWN;UNKNOWN;UNKNOWN;UNKNOWN;construit deja;cont platforma + identitate;UNKNOWN;high;;CONSTRUIT, NEPUBLICAT
PD0030;Carte tiparibila (KDP) — căutare-de-cuvinte-vreme-volumul-2;Produs digital;international;Payhip / Etsy / KDP;propriu;—;39 lei propus;pret de vanzare;nu;—;UNKNOWN;UNKNOWN;UNKNOWN;UNKNOWN;construit deja;cont platforma + identitate;UNKNOWN;high;;CONSTRUIT, NEPUBLICAT
PD0031;Carte tiparibila (KDP) — jurnal-cu-linii-volumul-1;Produs digital;international;Payhip / Etsy / KDP;propriu;—;39 lei propus;pret de vanzare;nu;—;UNKNOWN;UNKNOWN;UNKNOWN;UNKNOWN;construit deja;cont platforma + identitate;UNKNOWN;high;;CONSTRUIT, NEPUBLICAT
PD0032;Carte tiparibila (KDP) — jurnal-cu-linii-volumul-2;Produs digital;international;Payhip / Etsy / KDP;propriu;—;39 lei propus;pret de vanzare;nu;—;UNKNOWN;UNKNOWN;UNKNOWN;UNKNOWN;construit deja;cont platforma + identitate;UNKNOWN;high;;CONSTRUIT, NEPUBLICAT
PD0033;Carte tiparibila (KDP) — jurnal-cu-linii-volumul-3;Produs digital;international;Payhip / Etsy / KDP;propriu;—;39 lei propus;pret de vanzare;nu;—;UNKNOWN;UNKNOWN;UNKNOWN;UNKNOWN;construit deja;cont platforma + identitate;UNKNOWN;high;;CONSTRUIT, NEPUBLICAT
PD0034;Carte tiparibila (KDP) — labirinturi-grele-volumul-1;Produs digital;international;Payhip / Etsy / KDP;propriu;—;39 lei propus;pret de vanzare;nu;—;UNKNOWN;UNKNOWN;UNKNOWN;UNKNOWN;construit deja;cont platforma + identitate;UNKNOWN;high;;CONSTRUIT, NEPUBLICAT
PD0035;Carte tiparibila (KDP) — labirinturi-grele-volumul-2;Produs digital;international;Payhip / Etsy / KDP;propriu;—;39 lei propus;pret de vanzare;nu;—;UNKNOWN;UNKNOWN;UNKNOWN;UNKNOWN;construit deja;cont platforma + identitate;UNKNOWN;high;;CONSTRUIT, NEPUBLICAT
PD0036;Carte tiparibila (KDP) — labirinturi-grele-volumul-3;Produs digital;international;Payhip / Etsy / KDP;propriu;—;39 lei propus;pret de vanzare;nu;—;UNKNOWN;UNKNOWN;UNKNOWN;UNKNOWN;construit deja;cont platforma + identitate;UNKNOWN;high;;CONSTRUIT, NEPUBLICAT
PD0037;Carte tiparibila (KDP) — labirinturi-grele-volumul-4;Produs digital;international;Payhip / Etsy / KDP;propriu;—;39 lei propus;pret de vanzare;nu;—;UNKNOWN;UNKNOWN;UNKNOWN;UNKNOWN;construit deja;cont platforma + identitate;UNKNOWN;high;;CONSTRUIT, NEPUBLICAT
PD0038;Carte tiparibila (KDP) — labirinturi-mixte-volumul-1;Produs digital;international;Payhip / Etsy / KDP;propriu;—;39 lei propus;pret de vanzare;nu;—;UNKNOWN;UNKNOWN;UNKNOWN;UNKNOWN;construit deja;cont platforma + identitate;UNKNOWN;high;;CONSTRUIT, NEPUBLICAT
PD0039;Carte tiparibila (KDP) — labirinturi-mixte-volumul-2;Produs digital;international;Payhip / Etsy / KDP;propriu;—;39 lei propus;pret de vanzare;nu;—;UNKNOWN;UNKNOWN;UNKNOWN;UNKNOWN;construit deja;cont platforma + identitate;UNKNOWN;high;;CONSTRUIT, NEPUBLICAT
PD0040;Carte tiparibila (KDP) — labirinturi-mixte-volumul-3;Produs digital;international;Payhip / Etsy / KDP;propriu;—;39 lei propus;pret de vanzare;nu;—;UNKNOWN;UNKNOWN;UNKNOWN;UNKNOWN;construit deja;cont platforma + identitate;UNKNOWN;high;;CONSTRUIT, NEPUBLICAT
PD0041;Carte tiparibila (KDP) — labirinturi-mixte-volumul-4;Produs digital;international;Payhip / Etsy / KDP;propriu;—;39 lei propus;pret de vanzare;nu;—;UNKNOWN;UNKNOWN;UNKNOWN;UNKNOWN;construit deja;cont platforma + identitate;UNKNOWN;high;;CONSTRUIT, NEPUBLICAT
PD0042;Carte tiparibila (KDP) — labirinturi-rotunde-volumul-1;Produs digital;international;Payhip / Etsy / KDP;propriu;—;39 lei propus;pret de vanzare;nu;—;UNKNOWN;UNKNOWN;UNKNOWN;UNKNOWN;construit deja;cont platforma + identitate;UNKNOWN;high;;CONSTRUIT, NEPUBLICAT
PD0043;Carte tiparibila (KDP) — labirinturi-rotunde-volumul-2;Produs digital;international;Payhip / Etsy / KDP;propriu;—;39 lei propus;pret de vanzare;nu;—;UNKNOWN;UNKNOWN;UNKNOWN;UNKNOWN;construit deja;cont platforma + identitate;UNKNOWN;high;;CONSTRUIT, NEPUBLICAT
PD0044;Carte tiparibila (KDP) — labirinturi-rotunde-volumul-3;Produs digital;international;Payhip / Etsy / KDP;propriu;—;39 lei propus;pret de vanzare;nu;—;UNKNOWN;UNKNOWN;UNKNOWN;UNKNOWN;construit deja;cont platforma + identitate;UNKNOWN;high;;CONSTRUIT, NEPUBLICAT
PD0045;Carte tiparibila (KDP) — labirinturi-rotunde-volumul-4;Produs digital;international;Payhip / Etsy / KDP;propriu;—;39 lei propus;pret de vanzare;nu;—;UNKNOWN;UNKNOWN;UNKNOWN;UNKNOWN;construit deja;cont platforma + identitate;UNKNOWN;high;;CONSTRUIT, NEPUBLICAT
PD0046;Carte tiparibila (KDP) — labirinturi-rotunde-volumul-5;Produs digital;international;Payhip / Etsy / KDP;propriu;—;39 lei propus;pret de vanzare;nu;—;UNKNOWN;UNKNOWN;UNKNOWN;UNKNOWN;construit deja;cont platforma + identitate;UNKNOWN;high;;CONSTRUIT, NEPUBLICAT
PD0047;Carte tiparibila (KDP) — labirinturi-rotunde-volumul-6;Produs digital;international;Payhip / Etsy / KDP;propriu;—;39 lei propus;pret de vanzare;nu;—;UNKNOWN;UNKNOWN;UNKNOWN;UNKNOWN;construit deja;cont platforma + identitate;UNKNOWN;high;;CONSTRUIT, NEPUBLICAT
PD0048;Carte tiparibila (KDP) — labirinturi-ușoare-volumul-1;Produs digital;international;Payhip / Etsy / KDP;propriu;—;39 lei propus;pret de vanzare;nu;—;UNKNOWN;UNKNOWN;UNKNOWN;UNKNOWN;construit deja;cont platforma + identitate;UNKNOWN;high;;CONSTRUIT, NEPUBLICAT
PD0049;Carte tiparibila (KDP) — labirinturi-ușoare-volumul-2;Produs digital;international;Payhip / Etsy / KDP;propriu;—;39 lei propus;pret de vanzare;nu;—;UNKNOWN;UNKNOWN;UNKNOWN;UNKNOWN;construit deja;cont platforma + identitate;UNKNOWN;high;;CONSTRUIT, NEPUBLICAT
PD0050;Carte tiparibila (KDP) — labirinturi-ușoare-volumul-3;Produs digital;international;Payhip / Etsy / KDP;propriu;—;39 lei propus;pret de vanzare;nu;—;UNKNOWN;UNKNOWN;UNKNOWN;UNKNOWN;construit deja;cont platforma + identitate;UNKNOWN;high;;CONSTRUIT, NEPUBLICAT
PD0051;Carte tiparibila (KDP) — labirinturi-ușoare-volumul-4;Produs digital;international;Payhip / Etsy / KDP;propriu;—;39 lei propus;pret de vanzare;nu;—;UNKNOWN;UNKNOWN;UNKNOWN;UNKNOWN;construit deja;cont platforma + identitate;UNKNOWN;high;;CONSTRUIT, NEPUBLICAT
PD0052;Carte tiparibila (KDP) — labirinturi-volumul-1;Produs digital;international;Payhip / Etsy / KDP;propriu;—;39 lei propus;pret de vanzare;nu;—;UNKNOWN;UNKNOWN;UNKNOWN;UNKNOWN;construit deja;cont platforma + identitate;UNKNOWN;high;;CONSTRUIT, NEPUBLICAT
PD0053;Carte tiparibila (KDP) — labirinturi-volumul-2;Produs digital;international;Payhip / Etsy / KDP;propriu;—;39 lei propus;pret de vanzare;nu;—;UNKNOWN;UNKNOWN;UNKNOWN;UNKNOWN;construit deja;cont platforma + identitate;UNKNOWN;high;;CONSTRUIT, NEPUBLICAT
PD0054;Carte tiparibila (KDP) — labirinturi-volumul-3;Produs digital;international;Payhip / Etsy / KDP;propriu;—;39 lei propus;pret de vanzare;nu;—;UNKNOWN;UNKNOWN;UNKNOWN;UNKNOWN;construit deja;cont platforma + identitate;UNKNOWN;high;;CONSTRUIT, NEPUBLICAT
PD0055;Carte tiparibila (KDP) — labirinturi-volumul-4;Produs digital;international;Payhip / Etsy / KDP;propriu;—;39 lei propus;pret de vanzare;nu;—;UNKNOWN;UNKNOWN;UNKNOWN;UNKNOWN;construit deja;cont platforma + identitate;UNKNOWN;high;;CONSTRUIT, NEPUBLICAT
PD0056;Carte tiparibila (KDP) — mandale-volumul-1;Produs digital;international;Payhip / Etsy / KDP;propriu;—;39 lei propus;pret de vanzare;nu;—;UNKNOWN;UNKNOWN;UNKNOWN;UNKNOWN;construit deja;cont platforma + identitate;UNKNOWN;high;;CONSTRUIT, NEPUBLICAT
PD0057;Carte tiparibila (KDP) — mandale-volumul-2;Produs digital;international;Payhip / Etsy / KDP;propriu;—;39 lei propus;pret de vanzare;nu;—;UNKNOWN;UNKNOWN;UNKNOWN;UNKNOWN;construit deja;cont platforma + identitate;UNKNOWN;high;;CONSTRUIT, NEPUBLICAT
PD0058;Carte tiparibila (KDP) — mandale-volumul-3;Produs digital;international;Payhip / Etsy / KDP;propriu;—;39 lei propus;pret de vanzare;nu;—;UNKNOWN;UNKNOWN;UNKNOWN;UNKNOWN;construit deja;cont platforma + identitate;UNKNOWN;high;;CONSTRUIT, NEPUBLICAT
PD0059;Carte tiparibila (KDP) — mandale-volumul-4;Produs digital;international;Payhip / Etsy / KDP;propriu;—;39 lei propus;pret de vanzare;nu;—;UNKNOWN;UNKNOWN;UNKNOWN;UNKNOWN;construit deja;cont platforma + identitate;UNKNOWN;high;;CONSTRUIT, NEPUBLICAT
PD0060;Carte tiparibila (KDP) — mandale-volumul-5;Produs digital;international;Payhip / Etsy / KDP;propriu;—;39 lei propus;pret de vanzare;nu;—;UNKNOWN;UNKNOWN;UNKNOWN;UNKNOWN;construit deja;cont platforma + identitate;UNKNOWN;high;;CONSTRUIT, NEPUBLICAT
PD0061;Carte tiparibila (KDP) — mandale-volumul-6;Produs digital;international;Payhip / Etsy / KDP;propriu;—;39 lei propus;pret de vanzare;nu;—;UNKNOWN;UNKNOWN;UNKNOWN;UNKNOWN;construit deja;cont platforma + identitate;UNKNOWN;high;;CONSTRUIT, NEPUBLICAT
PD0062;Carte tiparibila (KDP) — mandale-volumul-7;Produs digital;international;Payhip / Etsy / KDP;propriu;—;39 lei propus;pret de vanzare;nu;—;UNKNOWN;UNKNOWN;UNKNOWN;UNKNOWN;construit deja;cont platforma + identitate;UNKNOWN;high;;CONSTRUIT, NEPUBLICAT
PD0063;Carte tiparibila (KDP) — mandale-volumul-8;Produs digital;international;Payhip / Etsy / KDP;propriu;—;39 lei propus;pret de vanzare;nu;—;UNKNOWN;UNKNOWN;UNKNOWN;UNKNOWN;construit deja;cont platforma + identitate;UNKNOWN;high;;CONSTRUIT, NEPUBLICAT
PD0064;Carte tiparibila (KDP) — mandale-și-labirinturi-volumul-1;Produs digital;international;Payhip / Etsy / KDP;propriu;—;39 lei propus;pret de vanzare;nu;—;UNKNOWN;UNKNOWN;UNKNOWN;UNKNOWN;construit deja;cont platforma + identitate;UNKNOWN;high;;CONSTRUIT, NEPUBLICAT
PD0065;Carte tiparibila (KDP) — mandale-și-labirinturi-volumul-2;Produs digital;international;Payhip / Etsy / KDP;propriu;—;39 lei propus;pret de vanzare;nu;—;UNKNOWN;UNKNOWN;UNKNOWN;UNKNOWN;construit deja;cont platforma + identitate;UNKNOWN;high;;CONSTRUIT, NEPUBLICAT
PD0066;Carte tiparibila (KDP) — mandale-și-labirinturi-volumul-3;Produs digital;international;Payhip / Etsy / KDP;propriu;—;39 lei propus;pret de vanzare;nu;—;UNKNOWN;UNKNOWN;UNKNOWN;UNKNOWN;construit deja;cont platforma + identitate;UNKNOWN;high;;CONSTRUIT, NEPUBLICAT
PD0067;Carte tiparibila (KDP) — mandale-și-labirinturi-volumul-4;Produs digital;international;Payhip / Etsy / KDP;propriu;—;39 lei propus;pret de vanzare;nu;—;UNKNOWN;UNKNOWN;UNKNOWN;UNKNOWN;construit deja;cont platforma + identitate;UNKNOWN;high;;CONSTRUIT, NEPUBLICAT
PD0068;Carte tiparibila (KDP) — mandale-și-spirografe-volumul-1;Produs digital;international;Payhip / Etsy / KDP;propriu;—;39 lei propus;pret de vanzare;nu;—;UNKNOWN;UNKNOWN;UNKNOWN;UNKNOWN;construit deja;cont platforma + identitate;UNKNOWN;high;;CONSTRUIT, NEPUBLICAT
PD0069;Carte tiparibila (KDP) — mandale-și-spirografe-volumul-2;Produs digital;international;Payhip / Etsy / KDP;propriu;—;39 lei propus;pret de vanzare;nu;—;UNKNOWN;UNKNOWN;UNKNOWN;UNKNOWN;construit deja;cont platforma + identitate;UNKNOWN;high;;CONSTRUIT, NEPUBLICAT
PD0070;Carte tiparibila (KDP) — mandale-și-spirografe-volumul-3;Produs digital;international;Payhip / Etsy / KDP;propriu;—;39 lei propus;pret de vanzare;nu;—;UNKNOWN;UNKNOWN;UNKNOWN;UNKNOWN;construit deja;cont platforma + identitate;UNKNOWN;high;;CONSTRUIT, NEPUBLICAT
PD0071;Carte tiparibila (KDP) — mandale-și-spirografe-volumul-4;Produs digital;international;Payhip / Etsy / KDP;propriu;—;39 lei propus;pret de vanzare;nu;—;UNKNOWN;UNKNOWN;UNKNOWN;UNKNOWN;construit deja;cont platforma + identitate;UNKNOWN;high;;CONSTRUIT, NEPUBLICAT
PD0072;Carte tiparibila (KDP) — nonograme-grele-15x15;Produs digital;international;Payhip / Etsy / KDP;propriu;—;39 lei propus;pret de vanzare;nu;—;UNKNOWN;UNKNOWN;UNKNOWN;UNKNOWN;construit deja;cont platforma + identitate;UNKNOWN;high;;CONSTRUIT, NEPUBLICAT
PD0073;Carte tiparibila (KDP) — nonograme-medii-12x12;Produs digital;international;Payhip / Etsy / KDP;propriu;—;39 lei propus;pret de vanzare;nu;—;UNKNOWN;UNKNOWN;UNKNOWN;UNKNOWN;construit deja;cont platforma + identitate;UNKNOWN;high;;CONSTRUIT, NEPUBLICAT
PD0074;Carte tiparibila (KDP) — nonograme-usoare-10x10;Produs digital;international;Payhip / Etsy / KDP;propriu;—;39 lei propus;pret de vanzare;nu;—;UNKNOWN;UNKNOWN;UNKNOWN;UNKNOWN;construit deja;cont platforma + identitate;UNKNOWN;high;;CONSTRUIT, NEPUBLICAT
PD0075;Carte tiparibila (KDP) — planner-săptămânal-volumul-1;Produs digital;international;Payhip / Etsy / KDP;propriu;—;39 lei propus;pret de vanzare;nu;—;UNKNOWN;UNKNOWN;UNKNOWN;UNKNOWN;construit deja;cont platforma + identitate;UNKNOWN;high;;CONSTRUIT, NEPUBLICAT
PD0076;Carte tiparibila (KDP) — planner-săptămânal-volumul-2;Produs digital;international;Payhip / Etsy / KDP;propriu;—;39 lei propus;pret de vanzare;nu;—;UNKNOWN;UNKNOWN;UNKNOWN;UNKNOWN;construit deja;cont platforma + identitate;UNKNOWN;high;;CONSTRUIT, NEPUBLICAT
PD0077;Carte tiparibila (KDP) — planner-săptămânal-volumul-3;Produs digital;international;Payhip / Etsy / KDP;propriu;—;39 lei propus;pret de vanzare;nu;—;UNKNOWN;UNKNOWN;UNKNOWN;UNKNOWN;construit deja;cont platforma + identitate;UNKNOWN;high;;CONSTRUIT, NEPUBLICAT
PD0078;Carte tiparibila (KDP) — spirograf-volumul-1;Produs digital;international;Payhip / Etsy / KDP;propriu;—;39 lei propus;pret de vanzare;nu;—;UNKNOWN;UNKNOWN;UNKNOWN;UNKNOWN;construit deja;cont platforma + identitate;UNKNOWN;high;;CONSTRUIT, NEPUBLICAT
PD0079;Carte tiparibila (KDP) — spirograf-volumul-2;Produs digital;international;Payhip / Etsy / KDP;propriu;—;39 lei propus;pret de vanzare;nu;—;UNKNOWN;UNKNOWN;UNKNOWN;UNKNOWN;construit deja;cont platforma + identitate;UNKNOWN;high;;CONSTRUIT, NEPUBLICAT
PD0080;Carte tiparibila (KDP) — spirograf-volumul-3;Produs digital;international;Payhip / Etsy / KDP;propriu;—;39 lei propus;pret de vanzare;nu;—;UNKNOWN;UNKNOWN;UNKNOWN;UNKNOWN;construit deja;cont platforma + identitate;UNKNOWN;high;;CONSTRUIT, NEPUBLICAT
PD0081;Carte tiparibila (KDP) — spirograf-volumul-4;Produs digital;international;Payhip / Etsy / KDP;propriu;—;39 lei propus;pret de vanzare;nu;—;UNKNOWN;UNKNOWN;UNKNOWN;UNKNOWN;construit deja;cont platforma + identitate;UNKNOWN;high;;CONSTRUIT, NEPUBLICAT
PD0082;Carte tiparibila (KDP) — spirograf-volumul-5;Produs digital;international;Payhip / Etsy / KDP;propriu;—;39 lei propus;pret de vanzare;nu;—;UNKNOWN;UNKNOWN;UNKNOWN;UNKNOWN;construit deja;cont platforma + identitate;UNKNOWN;high;;CONSTRUIT, NEPUBLICAT
PD0083;Carte tiparibila (KDP) — spirograf-volumul-6;Produs digital;international;Payhip / Etsy / KDP;propriu;—;39 lei propus;pret de vanzare;nu;—;UNKNOWN;UNKNOWN;UNKNOWN;UNKNOWN;construit deja;cont platforma + identitate;UNKNOWN;high;;CONSTRUIT, NEPUBLICAT
PD0084;Carte tiparibila (KDP) — sudoku-greu-volumul-1;Produs digital;international;Payhip / Etsy / KDP;propriu;—;39 lei propus;pret de vanzare;nu;—;UNKNOWN;UNKNOWN;UNKNOWN;UNKNOWN;construit deja;cont platforma + identitate;UNKNOWN;high;;CONSTRUIT, NEPUBLICAT
PD0085;Carte tiparibila (KDP) — sudoku-greu-volumul-2;Produs digital;international;Payhip / Etsy / KDP;propriu;—;39 lei propus;pret de vanzare;nu;—;UNKNOWN;UNKNOWN;UNKNOWN;UNKNOWN;construit deja;cont platforma + identitate;UNKNOWN;high;;CONSTRUIT, NEPUBLICAT
PD0086;Carte tiparibila (KDP) — sudoku-greu-volumul-3;Produs digital;international;Payhip / Etsy / KDP;propriu;—;39 lei propus;pret de vanzare;nu;—;UNKNOWN;UNKNOWN;UNKNOWN;UNKNOWN;construit deja;cont platforma + identitate;UNKNOWN;high;;CONSTRUIT, NEPUBLICAT
PD0087;Carte tiparibila (KDP) — sudoku-greu-volumul-4;Produs digital;international;Payhip / Etsy / KDP;propriu;—;39 lei propus;pret de vanzare;nu;—;UNKNOWN;UNKNOWN;UNKNOWN;UNKNOWN;construit deja;cont platforma + identitate;UNKNOWN;high;;CONSTRUIT, NEPUBLICAT
PD0088;Carte tiparibila (KDP) — sudoku-greu-volumul-5;Produs digital;international;Payhip / Etsy / KDP;propriu;—;39 lei propus;pret de vanzare;nu;—;UNKNOWN;UNKNOWN;UNKNOWN;UNKNOWN;construit deja;cont platforma + identitate;UNKNOWN;high;;CONSTRUIT, NEPUBLICAT
PD0089;Carte tiparibila (KDP) — sudoku-ușor-volumul-1;Produs digital;international;Payhip / Etsy / KDP;propriu;—;39 lei propus;pret de vanzare;nu;—;UNKNOWN;UNKNOWN;UNKNOWN;UNKNOWN;construit deja;cont platforma + identitate;UNKNOWN;high;;CONSTRUIT, NEPUBLICAT
PD0090;Carte tiparibila (KDP) — sudoku-ușor-volumul-2;Produs digital;international;Payhip / Etsy / KDP;propriu;—;39 lei propus;pret de vanzare;nu;—;UNKNOWN;UNKNOWN;UNKNOWN;UNKNOWN;construit deja;cont platforma + identitate;UNKNOWN;high;;CONSTRUIT, NEPUBLICAT
PD0091;Carte tiparibila (KDP) — sudoku-ușor-volumul-3;Produs digital;international;Payhip / Etsy / KDP;propriu;—;39 lei propus;pret de vanzare;nu;—;UNKNOWN;UNKNOWN;UNKNOWN;UNKNOWN;construit deja;cont platforma + identitate;UNKNOWN;high;;CONSTRUIT, NEPUBLICAT
PD0092;Carte tiparibila (KDP) — sudoku-ușor-volumul-4;Produs digital;international;Payhip / Etsy / KDP;propriu;—;39 lei propus;pret de vanzare;nu;—;UNKNOWN;UNKNOWN;UNKNOWN;UNKNOWN;construit deja;cont platforma + identitate;UNKNOWN;high;;CONSTRUIT, NEPUBLICAT
PD0093;Carte tiparibila (KDP) — sudoku-ușor-volumul-5;Produs digital;international;Payhip / Etsy / KDP;propriu;—;39 lei propus;pret de vanzare;nu;—;UNKNOWN;UNKNOWN;UNKNOWN;UNKNOWN;construit deja;cont platforma + identitate;UNKNOWN;high;;CONSTRUIT, NEPUBLICAT
PD0094;Carte tiparibila (KDP) — sudoku-volumul-1;Produs digital;international;Payhip / Etsy / KDP;propriu;—;39 lei propus;pret de vanzare;nu;—;UNKNOWN;UNKNOWN;UNKNOWN;UNKNOWN;construit deja;cont platforma + identitate;UNKNOWN;high;;CONSTRUIT, NEPUBLICAT
PD0095;Carte tiparibila (KDP) — sudoku-volumul-2;Produs digital;international;Payhip / Etsy / KDP;propriu;—;39 lei propus;pret de vanzare;nu;—;UNKNOWN;UNKNOWN;UNKNOWN;UNKNOWN;construit deja;cont platforma + identitate;UNKNOWN;high;;CONSTRUIT, NEPUBLICAT
PD0096;Carte tiparibila (KDP) — sudoku-volumul-3;Produs digital;international;Payhip / Etsy / KDP;propriu;—;39 lei propus;pret de vanzare;nu;—;UNKNOWN;UNKNOWN;UNKNOWN;UNKNOWN;construit deja;cont platforma + identitate;UNKNOWN;high;;CONSTRUIT, NEPUBLICAT
PD0097;Carte tiparibila (KDP) — sudoku-volumul-4;Produs digital;international;Payhip / Etsy / KDP;propriu;—;39 lei propus;pret de vanzare;nu;—;UNKNOWN;UNKNOWN;UNKNOWN;UNKNOWN;construit deja;cont platforma + identitate;UNKNOWN;high;;CONSTRUIT, NEPUBLICAT
PD0098;Carte tiparibila (KDP) — sudoku-volumul-5;Produs digital;international;Payhip / Etsy / KDP;propriu;—;39 lei propus;pret de vanzare;nu;—;UNKNOWN;UNKNOWN;UNKNOWN;UNKNOWN;construit deja;cont platforma + identitate;UNKNOWN;high;;CONSTRUIT, NEPUBLICAT
PD0099;Carte tiparibila (KDP) — tipare-geometrice-volumul-1;Produs digital;international;Payhip / Etsy / KDP;propriu;—;39 lei propus;pret de vanzare;nu;—;UNKNOWN;UNKNOWN;UNKNOWN;UNKNOWN;construit deja;cont platforma + identitate;UNKNOWN;high;;CONSTRUIT, NEPUBLICAT
PD0100;Carte tiparibila (KDP) — tipare-geometrice-volumul-2;Produs digital;international;Payhip / Etsy / KDP;propriu;—;39 lei propus;pret de vanzare;nu;—;UNKNOWN;UNKNOWN;UNKNOWN;UNKNOWN;construit deja;cont platforma + identitate;UNKNOWN;high;;CONSTRUIT, NEPUBLICAT
PD0101;Carte tiparibila (KDP) — tipare-geometrice-volumul-3;Produs digital;international;Payhip / Etsy / KDP;propriu;—;39 lei propus;pret de vanzare;nu;—;UNKNOWN;UNKNOWN;UNKNOWN;UNKNOWN;construit deja;cont platforma + identitate;UNKNOWN;high;;CONSTRUIT, NEPUBLICAT
PD0102;Carte tiparibila (KDP) — tipare-geometrice-volumul-4;Produs digital;international;Payhip / Etsy / KDP;propriu;—;39 lei propus;pret de vanzare;nu;—;UNKNOWN;UNKNOWN;UNKNOWN;UNKNOWN;construit deja;cont platforma + identitate;UNKNOWN;high;;CONSTRUIT, NEPUBLICAT
PD0103;Carte tiparibila (KDP) — tipare-geometrice-volumul-5;Produs digital;international;Payhip / Etsy / KDP;propriu;—;39 lei propus;pret de vanzare;nu;—;UNKNOWN;UNKNOWN;UNKNOWN;UNKNOWN;construit deja;cont platforma + identitate;UNKNOWN;high;;CONSTRUIT, NEPUBLICAT
PD0104;Carte tiparibila (KDP) — tipare-geometrice-volumul-6;Produs digital;international;Payhip / Etsy / KDP;propriu;—;39 lei propus;pret de vanzare;nu;—;UNKNOWN;UNKNOWN;UNKNOWN;UNKNOWN;construit deja;cont platforma + identitate;UNKNOWN;high;;CONSTRUIT, NEPUBLICAT
PD0105;Carte tiparibila (KDP) — unește-punctele-volumul-1;Produs digital;international;Payhip / Etsy / KDP;propriu;—;39 lei propus;pret de vanzare;nu;—;UNKNOWN;UNKNOWN;UNKNOWN;UNKNOWN;construit deja;cont platforma + identitate;UNKNOWN;high;;CONSTRUIT, NEPUBLICAT
PD0106;Carte tiparibila (KDP) — unește-punctele-volumul-2;Produs digital;international;Payhip / Etsy / KDP;propriu;—;39 lei propus;pret de vanzare;nu;—;UNKNOWN;UNKNOWN;UNKNOWN;UNKNOWN;construit deja;cont platforma + identitate;UNKNOWN;high;;CONSTRUIT, NEPUBLICAT
PD0107;Carte tiparibila (KDP) — unește-punctele-volumul-3;Produs digital;international;Payhip / Etsy / KDP;propriu;—;39 lei propus;pret de vanzare;nu;—;UNKNOWN;UNKNOWN;UNKNOWN;UNKNOWN;construit deja;cont platforma + identitate;UNKNOWN;high;;CONSTRUIT, NEPUBLICAT
PD0108;Carte tiparibila (KDP) — unește-punctele-volumul-4;Produs digital;international;Payhip / Etsy / KDP;propriu;—;39 lei propus;pret de vanzare;nu;—;UNKNOWN;UNKNOWN;UNKNOWN;UNKNOWN;construit deja;cont platforma + identitate;UNKNOWN;high;;CONSTRUIT, NEPUBLICAT
PD0109;Carte tiparibila (KDP) — unește-punctele-volumul-5;Produs digital;international;Payhip / Etsy / KDP;propriu;—;39 lei propus;pret de vanzare;nu;—;UNKNOWN;UNKNOWN;UNKNOWN;UNKNOWN;construit deja;cont platforma + identitate;UNKNOWN;high;;CONSTRUIT, NEPUBLICAT
PD0110;Carte tiparibila (KDP) — unește-punctele-volumul-6;Produs digital;international;Payhip / Etsy / KDP;propriu;—;39 lei propus;pret de vanzare;nu;—;UNKNOWN;UNKNOWN;UNKNOWN;UNKNOWN;construit deja;cont platforma + identitate;UNKNOWN;high;;CONSTRUIT, NEPUBLICAT
PD0111;Printabil digital (Etsy) — arcade-grafit;Produs digital;international;Payhip / Etsy / KDP;propriu;—;29 lei propus;pret de vanzare;nu;—;UNKNOWN;UNKNOWN;UNKNOWN;UNKNOWN;construit deja;cont platforma + identitate;UNKNOWN;high;;CONSTRUIT, NEPUBLICAT
PD0112;Printabil digital (Etsy) — arcade-indigo;Produs digital;international;Payhip / Etsy / KDP;propriu;—;29 lei propus;pret de vanzare;nu;—;UNKNOWN;UNKNOWN;UNKNOWN;UNKNOWN;construit deja;cont platforma + identitate;UNKNOWN;high;;CONSTRUIT, NEPUBLICAT
PD0113;Printabil digital (Etsy) — arcade-prun;Produs digital;international;Payhip / Etsy / KDP;propriu;—;29 lei propus;pret de vanzare;nu;—;UNKNOWN;UNKNOWN;UNKNOWN;UNKNOWN;construit deja;cont platforma + identitate;UNKNOWN;high;;CONSTRUIT, NEPUBLICAT
PD0114;Printabil digital (Etsy) — arcade-salvie;Produs digital;international;Payhip / Etsy / KDP;propriu;—;29 lei propus;pret de vanzare;nu;—;UNKNOWN;UNKNOWN;UNKNOWN;UNKNOWN;construit deja;cont platforma + identitate;UNKNOWN;high;;CONSTRUIT, NEPUBLICAT
PD0115;Printabil digital (Etsy) — arcade-teracota;Produs digital;international;Payhip / Etsy / KDP;propriu;—;29 lei propus;pret de vanzare;nu;—;UNKNOWN;UNKNOWN;UNKNOWN;UNKNOWN;construit deja;cont platforma + identitate;UNKNOWN;high;;CONSTRUIT, NEPUBLICAT
PD0116;Printabil digital (Etsy) — cercuri-grafit;Produs digital;international;Payhip / Etsy / KDP;propriu;—;29 lei propus;pret de vanzare;nu;—;UNKNOWN;UNKNOWN;UNKNOWN;UNKNOWN;construit deja;cont platforma + identitate;UNKNOWN;high;;CONSTRUIT, NEPUBLICAT
PD0117;Printabil digital (Etsy) — cercuri-indigo;Produs digital;international;Payhip / Etsy / KDP;propriu;—;29 lei propus;pret de vanzare;nu;—;UNKNOWN;UNKNOWN;UNKNOWN;UNKNOWN;construit deja;cont platforma + identitate;UNKNOWN;high;;CONSTRUIT, NEPUBLICAT
PD0118;Printabil digital (Etsy) — cercuri-prun;Produs digital;international;Payhip / Etsy / KDP;propriu;—;29 lei propus;pret de vanzare;nu;—;UNKNOWN;UNKNOWN;UNKNOWN;UNKNOWN;construit deja;cont platforma + identitate;UNKNOWN;high;;CONSTRUIT, NEPUBLICAT
PD0119;Printabil digital (Etsy) — cercuri-salvie;Produs digital;international;Payhip / Etsy / KDP;propriu;—;29 lei propus;pret de vanzare;nu;—;UNKNOWN;UNKNOWN;UNKNOWN;UNKNOWN;construit deja;cont platforma + identitate;UNKNOWN;high;;CONSTRUIT, NEPUBLICAT
PD0120;Printabil digital (Etsy) — cercuri-teracota;Produs digital;international;Payhip / Etsy / KDP;propriu;—;29 lei propus;pret de vanzare;nu;—;UNKNOWN;UNKNOWN;UNKNOWN;UNKNOWN;construit deja;cont platforma + identitate;UNKNOWN;high;;CONSTRUIT, NEPUBLICAT
PD0121;Printabil digital (Etsy) — dungi-grafit;Produs digital;international;Payhip / Etsy / KDP;propriu;—;29 lei propus;pret de vanzare;nu;—;UNKNOWN;UNKNOWN;UNKNOWN;UNKNOWN;construit deja;cont platforma + identitate;UNKNOWN;high;;CONSTRUIT, NEPUBLICAT
PD0122;Printabil digital (Etsy) — dungi-indigo;Produs digital;international;Payhip / Etsy / KDP;propriu;—;29 lei propus;pret de vanzare;nu;—;UNKNOWN;UNKNOWN;UNKNOWN;UNKNOWN;construit deja;cont platforma + identitate;UNKNOWN;high;;CONSTRUIT, NEPUBLICAT
PD0123;Printabil digital (Etsy) — dungi-prun;Produs digital;international;Payhip / Etsy / KDP;propriu;—;29 lei propus;pret de vanzare;nu;—;UNKNOWN;UNKNOWN;UNKNOWN;UNKNOWN;construit deja;cont platforma + identitate;UNKNOWN;high;;CONSTRUIT, NEPUBLICAT
PD0124;Printabil digital (Etsy) — dungi-salvie;Produs digital;international;Payhip / Etsy / KDP;propriu;—;29 lei propus;pret de vanzare;nu;—;UNKNOWN;UNKNOWN;UNKNOWN;UNKNOWN;construit deja;cont platforma + identitate;UNKNOWN;high;;CONSTRUIT, NEPUBLICAT
PD0125;Printabil digital (Etsy) — dungi-teracota;Produs digital;international;Payhip / Etsy / KDP;propriu;—;29 lei propus;pret de vanzare;nu;—;UNKNOWN;UNKNOWN;UNKNOWN;UNKNOWN;construit deja;cont platforma + identitate;UNKNOWN;high;;CONSTRUIT, NEPUBLICAT
PD0126;Printabil digital (Etsy) — munti-grafit;Produs digital;international;Payhip / Etsy / KDP;propriu;—;29 lei propus;pret de vanzare;nu;—;UNKNOWN;UNKNOWN;UNKNOWN;UNKNOWN;construit deja;cont platforma + identitate;UNKNOWN;high;;CONSTRUIT, NEPUBLICAT
PD0127;Printabil digital (Etsy) — munti-indigo;Produs digital;international;Payhip / Etsy / KDP;propriu;—;29 lei propus;pret de vanzare;nu;—;UNKNOWN;UNKNOWN;UNKNOWN;UNKNOWN;construit deja;cont platforma + identitate;UNKNOWN;high;;CONSTRUIT, NEPUBLICAT
PD0128;Printabil digital (Etsy) — munti-prun;Produs digital;international;Payhip / Etsy / KDP;propriu;—;29 lei propus;pret de vanzare;nu;—;UNKNOWN;UNKNOWN;UNKNOWN;UNKNOWN;construit deja;cont platforma + identitate;UNKNOWN;high;;CONSTRUIT, NEPUBLICAT
PD0129;Printabil digital (Etsy) — munti-salvie;Produs digital;international;Payhip / Etsy / KDP;propriu;—;29 lei propus;pret de vanzare;nu;—;UNKNOWN;UNKNOWN;UNKNOWN;UNKNOWN;construit deja;cont platforma + identitate;UNKNOWN;high;;CONSTRUIT, NEPUBLICAT
PD0130;Printabil digital (Etsy) — munti-teracota;Produs digital;international;Payhip / Etsy / KDP;propriu;—;29 lei propus;pret de vanzare;nu;—;UNKNOWN;UNKNOWN;UNKNOWN;UNKNOWN;construit deja;cont platforma + identitate;UNKNOWN;high;;CONSTRUIT, NEPUBLICAT
PD0131;Printabil digital (Etsy) — planner-buget-grafit;Produs digital;international;Payhip / Etsy / KDP;propriu;—;29 lei propus;pret de vanzare;nu;—;UNKNOWN;UNKNOWN;UNKNOWN;UNKNOWN;construit deja;cont platforma + identitate;UNKNOWN;high;;CONSTRUIT, NEPUBLICAT
PD0132;Printabil digital (Etsy) — planner-buget-salvie;Produs digital;international;Payhip / Etsy / KDP;propriu;—;29 lei propus;pret de vanzare;nu;—;UNKNOWN;UNKNOWN;UNKNOWN;UNKNOWN;construit deja;cont platforma + identitate;UNKNOWN;high;;CONSTRUIT, NEPUBLICAT
PD0133;Printabil digital (Etsy) — planner-buget-teracota;Produs digital;international;Payhip / Etsy / KDP;propriu;—;29 lei propus;pret de vanzare;nu;—;UNKNOWN;UNKNOWN;UNKNOWN;UNKNOWN;construit deja;cont platforma + identitate;UNKNOWN;high;;CONSTRUIT, NEPUBLICAT
PD0134;Printabil digital (Etsy) — planner-mese-grafit;Produs digital;international;Payhip / Etsy / KDP;propriu;—;29 lei propus;pret de vanzare;nu;—;UNKNOWN;UNKNOWN;UNKNOWN;UNKNOWN;construit deja;cont platforma + identitate;UNKNOWN;high;;CONSTRUIT, NEPUBLICAT
PD0135;Printabil digital (Etsy) — planner-mese-salvie;Produs digital;international;Payhip / Etsy / KDP;propriu;—;29 lei propus;pret de vanzare;nu;—;UNKNOWN;UNKNOWN;UNKNOWN;UNKNOWN;construit deja;cont platforma + identitate;UNKNOWN;high;;CONSTRUIT, NEPUBLICAT
PD0136;Printabil digital (Etsy) — planner-mese-teracota;Produs digital;international;Payhip / Etsy / KDP;propriu;—;29 lei propus;pret de vanzare;nu;—;UNKNOWN;UNKNOWN;UNKNOWN;UNKNOWN;construit deja;cont platforma + identitate;UNKNOWN;high;;CONSTRUIT, NEPUBLICAT
PD0137;Printabil digital (Etsy) — planner-obiceiuri-grafit;Produs digital;international;Payhip / Etsy / KDP;propriu;—;29 lei propus;pret de vanzare;nu;—;UNKNOWN;UNKNOWN;UNKNOWN;UNKNOWN;construit deja;cont platforma + identitate;UNKNOWN;high;;CONSTRUIT, NEPUBLICAT
PD0138;Printabil digital (Etsy) — planner-obiceiuri-salvie;Produs digital;international;Payhip / Etsy / KDP;propriu;—;29 lei propus;pret de vanzare;nu;—;UNKNOWN;UNKNOWN;UNKNOWN;UNKNOWN;construit deja;cont platforma + identitate;UNKNOWN;high;;CONSTRUIT, NEPUBLICAT
PD0139;Printabil digital (Etsy) — planner-obiceiuri-teracota;Produs digital;international;Payhip / Etsy / KDP;propriu;—;29 lei propus;pret de vanzare;nu;—;UNKNOWN;UNKNOWN;UNKNOWN;UNKNOWN;construit deja;cont platforma + identitate;UNKNOWN;high;;CONSTRUIT, NEPUBLICAT
PD0140;Felicitari si etichete printabile — etichete-cadou-brad;Produs digital;international;Payhip / Etsy / KDP;propriu;—;19 lei propus;pret de vanzare;nu;—;UNKNOWN;UNKNOWN;UNKNOWN;UNKNOWN;construit deja;cont platforma + identitate;UNKNOWN;high;;CONSTRUIT, NEPUBLICAT
PD0141;Felicitari si etichete printabile — etichete-cadou-noapte;Produs digital;international;Payhip / Etsy / KDP;propriu;—;19 lei propus;pret de vanzare;nu;—;UNKNOWN;UNKNOWN;UNKNOWN;UNKNOWN;construit deja;cont platforma + identitate;UNKNOWN;high;;CONSTRUIT, NEPUBLICAT
PD0142;Felicitari si etichete printabile — etichete-cadou-salvie;Produs digital;international;Payhip / Etsy / KDP;propriu;—;19 lei propus;pret de vanzare;nu;—;UNKNOWN;UNKNOWN;UNKNOWN;UNKNOWN;construit deja;cont platforma + identitate;UNKNOWN;high;;CONSTRUIT, NEPUBLICAT
PD0143;Felicitari si etichete printabile — etichete-cadou-teracota;Produs digital;international;Payhip / Etsy / KDP;propriu;—;19 lei propus;pret de vanzare;nu;—;UNKNOWN;UNKNOWN;UNKNOWN;UNKNOWN;construit deja;cont platforma + identitate;UNKNOWN;high;;CONSTRUIT, NEPUBLICAT
PD0144;Felicitari si etichete printabile — etichete-cadou-vin;Produs digital;international;Payhip / Etsy / KDP;propriu;—;19 lei propus;pret de vanzare;nu;—;UNKNOWN;UNKNOWN;UNKNOWN;UNKNOWN;construit deja;cont platforma + identitate;UNKNOWN;high;;CONSTRUIT, NEPUBLICAT
PD0145;Felicitari si etichete printabile — felicitare-an-nou-brad;Produs digital;international;Payhip / Etsy / KDP;propriu;—;19 lei propus;pret de vanzare;nu;—;UNKNOWN;UNKNOWN;UNKNOWN;UNKNOWN;construit deja;cont platforma + identitate;UNKNOWN;high;;CONSTRUIT, NEPUBLICAT
PD0146;Felicitari si etichete printabile — felicitare-an-nou-salvie;Produs digital;international;Payhip / Etsy / KDP;propriu;—;19 lei propus;pret de vanzare;nu;—;UNKNOWN;UNKNOWN;UNKNOWN;UNKNOWN;construit deja;cont platforma + identitate;UNKNOWN;high;;CONSTRUIT, NEPUBLICAT
PD0147;Felicitari si etichete printabile — felicitare-an-nou-vin;Produs digital;international;Payhip / Etsy / KDP;propriu;—;19 lei propus;pret de vanzare;nu;—;UNKNOWN;UNKNOWN;UNKNOWN;UNKNOWN;construit deja;cont platforma + identitate;UNKNOWN;high;;CONSTRUIT, NEPUBLICAT
PD0148;Felicitari si etichete printabile — felicitare-aniversare-brad;Produs digital;international;Payhip / Etsy / KDP;propriu;—;19 lei propus;pret de vanzare;nu;—;UNKNOWN;UNKNOWN;UNKNOWN;UNKNOWN;construit deja;cont platforma + identitate;UNKNOWN;high;;CONSTRUIT, NEPUBLICAT
PD0149;Felicitari si etichete printabile — felicitare-aniversare-salvie;Produs digital;international;Payhip / Etsy / KDP;propriu;—;19 lei propus;pret de vanzare;nu;—;UNKNOWN;UNKNOWN;UNKNOWN;UNKNOWN;construit deja;cont platforma + identitate;UNKNOWN;high;;CONSTRUIT, NEPUBLICAT
PD0150;Felicitari si etichete printabile — felicitare-aniversare-vin;Produs digital;international;Payhip / Etsy / KDP;propriu;—;19 lei propus;pret de vanzare;nu;—;UNKNOWN;UNKNOWN;UNKNOWN;UNKNOWN;construit deja;cont platforma + identitate;UNKNOWN;high;;CONSTRUIT, NEPUBLICAT
PD0151;Felicitari si etichete printabile — felicitare-botez-brad;Produs digital;international;Payhip / Etsy / KDP;propriu;—;19 lei propus;pret de vanzare;nu;—;UNKNOWN;UNKNOWN;UNKNOWN;UNKNOWN;construit deja;cont platforma + identitate;UNKNOWN;high;;CONSTRUIT, NEPUBLICAT
PD0152;Felicitari si etichete printabile — felicitare-botez-salvie;Produs digital;international;Payhip / Etsy / KDP;propriu;—;19 lei propus;pret de vanzare;nu;—;UNKNOWN;UNKNOWN;UNKNOWN;UNKNOWN;construit deja;cont platforma + identitate;UNKNOWN;high;;CONSTRUIT, NEPUBLICAT
PD0153;Felicitari si etichete printabile — felicitare-botez-vin;Produs digital;international;Payhip / Etsy / KDP;propriu;—;19 lei propus;pret de vanzare;nu;—;UNKNOWN;UNKNOWN;UNKNOWN;UNKNOWN;construit deja;cont platforma + identitate;UNKNOWN;high;;CONSTRUIT, NEPUBLICAT
PD0154;Felicitari si etichete printabile — felicitare-craciun-brad;Produs digital;international;Payhip / Etsy / KDP;propriu;—;19 lei propus;pret de vanzare;nu;—;UNKNOWN;UNKNOWN;UNKNOWN;UNKNOWN;construit deja;cont platforma + identitate;UNKNOWN;high;;CONSTRUIT, NEPUBLICAT
PD0155;Felicitari si etichete printabile — felicitare-craciun-salvie;Produs digital;international;Payhip / Etsy / KDP;propriu;—;19 lei propus;pret de vanzare;nu;—;UNKNOWN;UNKNOWN;UNKNOWN;UNKNOWN;construit deja;cont platforma + identitate;UNKNOWN;high;;CONSTRUIT, NEPUBLICAT
PD0156;Felicitari si etichete printabile — felicitare-craciun-vin;Produs digital;international;Payhip / Etsy / KDP;propriu;—;19 lei propus;pret de vanzare;nu;—;UNKNOWN;UNKNOWN;UNKNOWN;UNKNOWN;construit deja;cont platforma + identitate;UNKNOWN;high;;CONSTRUIT, NEPUBLICAT
PD0157;Felicitari si etichete printabile — felicitare-insanatosire-brad;Produs digital;international;Payhip / Etsy / KDP;propriu;—;19 lei propus;pret de vanzare;nu;—;UNKNOWN;UNKNOWN;UNKNOWN;UNKNOWN;construit deja;cont platforma + identitate;UNKNOWN;high;;CONSTRUIT, NEPUBLICAT
PD0158;Felicitari si etichete printabile — felicitare-insanatosire-salvie;Produs digital;international;Payhip / Etsy / KDP;propriu;—;19 lei propus;pret de vanzare;nu;—;UNKNOWN;UNKNOWN;UNKNOWN;UNKNOWN;construit deja;cont platforma + identitate;UNKNOWN;high;;CONSTRUIT, NEPUBLICAT
PD0159;Felicitari si etichete printabile — felicitare-insanatosire-vin;Produs digital;international;Payhip / Etsy / KDP;propriu;—;19 lei propus;pret de vanzare;nu;—;UNKNOWN;UNKNOWN;UNKNOWN;UNKNOWN;construit deja;cont platforma + identitate;UNKNOWN;high;;CONSTRUIT, NEPUBLICAT
PD0160;Felicitari si etichete printabile — felicitare-multumesc-brad;Produs digital;international;Payhip / Etsy / KDP;propriu;—;19 lei propus;pret de vanzare;nu;—;UNKNOWN;UNKNOWN;UNKNOWN;UNKNOWN;construit deja;cont platforma + identitate;UNKNOWN;high;;CONSTRUIT, NEPUBLICAT
PD0161;Felicitari si etichete printabile — felicitare-multumesc-salvie;Produs digital;international;Payhip / Etsy / KDP;propriu;—;19 lei propus;pret de vanzare;nu;—;UNKNOWN;UNKNOWN;UNKNOWN;UNKNOWN;construit deja;cont platforma + identitate;UNKNOWN;high;;CONSTRUIT, NEPUBLICAT
PD0162;Felicitari si etichete printabile — felicitare-multumesc-vin;Produs digital;international;Payhip / Etsy / KDP;propriu;—;19 lei propus;pret de vanzare;nu;—;UNKNOWN;UNKNOWN;UNKNOWN;UNKNOWN;construit deja;cont platforma + identitate;UNKNOWN;high;;CONSTRUIT, NEPUBLICAT
PD0163;Felicitari si etichete printabile — felicitare-nunta-brad;Produs digital;international;Payhip / Etsy / KDP;propriu;—;19 lei propus;pret de vanzare;nu;—;UNKNOWN;UNKNOWN;UNKNOWN;UNKNOWN;construit deja;cont platforma + identitate;UNKNOWN;high;;CONSTRUIT, NEPUBLICAT
PD0164;Felicitari si etichete printabile — felicitare-nunta-salvie;Produs digital;international;Payhip / Etsy / KDP;propriu;—;19 lei propus;pret de vanzare;nu;—;UNKNOWN;UNKNOWN;UNKNOWN;UNKNOWN;construit deja;cont platforma + identitate;UNKNOWN;high;;CONSTRUIT, NEPUBLICAT
PD0165;Felicitari si etichete printabile — felicitare-nunta-vin;Produs digital;international;Payhip / Etsy / KDP;propriu;—;19 lei propus;pret de vanzare;nu;—;UNKNOWN;UNKNOWN;UNKNOWN;UNKNOWN;construit deja;cont platforma + identitate;UNKNOWN;high;;CONSTRUIT, NEPUBLICAT
PD0166;Felicitari si etichete printabile — felicitare-scoala-brad;Produs digital;international;Payhip / Etsy / KDP;propriu;—;19 lei propus;pret de vanzare;nu;—;UNKNOWN;UNKNOWN;UNKNOWN;UNKNOWN;construit deja;cont platforma + identitate;UNKNOWN;high;;CONSTRUIT, NEPUBLICAT
PD0167;Felicitari si etichete printabile — felicitare-scoala-salvie;Produs digital;international;Payhip / Etsy / KDP;propriu;—;19 lei propus;pret de vanzare;nu;—;UNKNOWN;UNKNOWN;UNKNOWN;UNKNOWN;construit deja;cont platforma + identitate;UNKNOWN;high;;CONSTRUIT, NEPUBLICAT
PD0168;Felicitari si etichete printabile — felicitare-scoala-vin;Produs digital;international;Payhip / Etsy / KDP;propriu;—;19 lei propus;pret de vanzare;nu;—;UNKNOWN;UNKNOWN;UNKNOWN;UNKNOWN;construit deja;cont platforma + identitate;UNKNOWN;high;;CONSTRUIT, NEPUBLICAT
PD0169;Felicitari si etichete printabile — semne-de-carte-brad;Produs digital;international;Payhip / Etsy / KDP;propriu;—;19 lei propus;pret de vanzare;nu;—;UNKNOWN;UNKNOWN;UNKNOWN;UNKNOWN;construit deja;cont platforma + identitate;UNKNOWN;high;;CONSTRUIT, NEPUBLICAT
PD0170;Felicitari si etichete printabile — semne-de-carte-noapte;Produs digital;international;Payhip / Etsy / KDP;propriu;—;19 lei propus;pret de vanzare;nu;—;UNKNOWN;UNKNOWN;UNKNOWN;UNKNOWN;construit deja;cont platforma + identitate;UNKNOWN;high;;CONSTRUIT, NEPUBLICAT
PD0171;Felicitari si etichete printabile — semne-de-carte-salvie;Produs digital;international;Payhip / Etsy / KDP;propriu;—;19 lei propus;pret de vanzare;nu;—;UNKNOWN;UNKNOWN;UNKNOWN;UNKNOWN;construit deja;cont platforma + identitate;UNKNOWN;high;;CONSTRUIT, NEPUBLICAT
PD0172;Felicitari si etichete printabile — semne-de-carte-teracota;Produs digital;international;Payhip / Etsy / KDP;propriu;—;19 lei propus;pret de vanzare;nu;—;UNKNOWN;UNKNOWN;UNKNOWN;UNKNOWN;construit deja;cont platforma + identitate;UNKNOWN;high;;CONSTRUIT, NEPUBLICAT
PD0173;Felicitari si etichete printabile — semne-de-carte-vin;Produs digital;international;Payhip / Etsy / KDP;propriu;—;19 lei propus;pret de vanzare;nu;—;UNKNOWN;UNKNOWN;UNKNOWN;UNKNOWN;construit deja;cont platforma + identitate;UNKNOWN;high;;CONSTRUIT, NEPUBLICAT
PD0174;Calendar 2027 — calendar-birou-2027;Produs digital;international;Payhip / Etsy / KDP;propriu;—;45 lei propus;pret de vanzare;nu;—;UNKNOWN;UNKNOWN;UNKNOWN;UNKNOWN;construit deja;cont platforma + identitate;UNKNOWN;high;;CONSTRUIT, NEPUBLICAT
PD0175;Calendar 2027 — calendar-perete-2026-restul-anului;Produs digital;international;Payhip / Etsy / KDP;propriu;—;45 lei propus;pret de vanzare;nu;—;UNKNOWN;UNKNOWN;UNKNOWN;UNKNOWN;construit deja;cont platforma + identitate;UNKNOWN;high;;CONSTRUIT, NEPUBLICAT
PD0176;Calendar 2027 — calendar-perete-2027-mandale;Produs digital;international;Payhip / Etsy / KDP;propriu;—;45 lei propus;pret de vanzare;nu;—;UNKNOWN;UNKNOWN;UNKNOWN;UNKNOWN;construit deja;cont platforma + identitate;UNKNOWN;high;;CONSTRUIT, NEPUBLICAT
PD0177;Calendar 2027 — calendar-perete-2027-simplu;Produs digital;international;Payhip / Etsy / KDP;propriu;—;45 lei propus;pret de vanzare;nu;—;UNKNOWN;UNKNOWN;UNKNOWN;UNKNOWN;construit deja;cont platforma + identitate;UNKNOWN;high;;CONSTRUIT, NEPUBLICAT
PD0178;Sablon Excel cu formule vii — buget-firma-12-luni.xlsx;Produs digital;international;Payhip / Etsy / KDP;propriu;—;69 lei propus;pret de vanzare;nu;—;UNKNOWN;UNKNOWN;UNKNOWN;UNKNOWN;construit deja;cont platforma + identitate;UNKNOWN;high;;CONSTRUIT, NEPUBLICAT
PD0179;Sablon Excel cu formule vii — facturi-si-incasari.xlsx;Produs digital;international;Payhip / Etsy / KDP;propriu;—;69 lei propus;pret de vanzare;nu;—;UNKNOWN;UNKNOWN;UNKNOWN;UNKNOWN;construit deja;cont platforma + identitate;UNKNOWN;high;;CONSTRUIT, NEPUBLICAT
PD0180;Sablon Excel cu formule vii — marja-produse.xlsx;Produs digital;international;Payhip / Etsy / KDP;propriu;—;69 lei propus;pret de vanzare;nu;—;UNKNOWN;UNKNOWN;UNKNOWN;UNKNOWN;construit deja;cont platforma + identitate;UNKNOWN;high;;CONSTRUIT, NEPUBLICAT
PD0181;Sablon Excel cu formule vii — tarif-pe-ora.xlsx;Produs digital;international;Payhip / Etsy / KDP;propriu;—;69 lei propus;pret de vanzare;nu;—;UNKNOWN;UNKNOWN;UNKNOWN;UNKNOWN;construit deja;cont platforma + identitate;UNKNOWN;high;;CONSTRUIT, NEPUBLICAT
PD0182;Workflow n8n — alerta-expirare-documente;Produs digital;international;Payhip / Etsy / KDP;propriu;—;149 lei propus;pret de vanzare;nu;—;UNKNOWN;UNKNOWN;UNKNOWN;UNKNOWN;construit deja;cont platforma + identitate;UNKNOWN;high;;CONSTRUIT, NEPUBLICAT
PD0183;Workflow n8n — alerta-facturi-neincasate;Produs digital;international;Payhip / Etsy / KDP;propriu;—;149 lei propus;pret de vanzare;nu;—;UNKNOWN;UNKNOWN;UNKNOWN;UNKNOWN;construit deja;cont platforma + identitate;UNKNOWN;high;;CONSTRUIT, NEPUBLICAT
PD0184;Workflow n8n — captare-calificare-lead;Produs digital;international;Payhip / Etsy / KDP;propriu;—;149 lei propus;pret de vanzare;nu;—;UNKNOWN;UNKNOWN;UNKNOWN;UNKNOWN;construit deja;cont platforma + identitate;UNKNOWN;high;;CONSTRUIT, NEPUBLICAT
PD0185;Workflow n8n — digest-zilnic-telegram;Produs digital;international;Payhip / Etsy / KDP;propriu;—;149 lei propus;pret de vanzare;nu;—;UNKNOWN;UNKNOWN;UNKNOWN;UNKNOWN;construit deja;cont platforma + identitate;UNKNOWN;high;;CONSTRUIT, NEPUBLICAT
PD0186;Workflow n8n — monitorizare-conformitate-ro;Produs digital;international;Payhip / Etsy / KDP;propriu;—;149 lei propus;pret de vanzare;nu;—;UNKNOWN;UNKNOWN;UNKNOWN;UNKNOWN;construit deja;cont platforma + identitate;UNKNOWN;high;;CONSTRUIT, NEPUBLICAT
PD0187;Workflow n8n — monitorizare-pret-concurent;Produs digital;international;Payhip / Etsy / KDP;propriu;—;149 lei propus;pret de vanzare;nu;—;UNKNOWN;UNKNOWN;UNKNOWN;UNKNOWN;construit deja;cont platforma + identitate;UNKNOWN;high;;CONSTRUIT, NEPUBLICAT
SV0001;Abonament monitorizare conformitate;Abonament;RO;propriu;—;—;39 EUR/luna;UNKNOWN;da;—;UNKNOWN;UNKNOWN;UNKNOWN;UNKNOWN;motor functional, 4 prospecti;UNKNOWN;UNKNOWN;high;;CONSTRUIT, NEVANDUT
SV0002;Audit de conformitate, pret fix;Serviciu;RO;propriu;—;—;UNKNOWN;UNKNOWN;nu;—;UNKNOWN;UNKNOWN;UNKNOWN;UNKNOWN;scanner pe 97 magazine, 51 cu lipsuri reale;UNKNOWN;UNKNOWN;high;;GATA DE VANDUT
SV0003;Scanare in masa, white-label pentru agentii;Serviciu B2B;RO;propriu;—;—;UNKNOWN;UNKNOWN;da;—;UNKNOWN;UNKNOWN;UNKNOWN;UNKNOWN;acelasi scanner, alt cumparator;UNKNOWN;UNKNOWN;high;;IDEE, MOTOR EXISTENT
SV0004;Vanzare raport de piata (studiul pe coduri);Produs digital;RO;propriu;—;—;UNKNOWN;UNKNOWN;nu;—;UNKNOWN;UNKNOWN;UNKNOWN;UNKNOWN;studiu live, date pe care nu le are nimeni;UNKNOWN;UNKNOWN;high;;PUBLICAT GRATUIT, VERSIUNE PLATITA NECONSTRUITA
SV0005;Extensie Chrome cu afiliere incorporata;Afiliere;RO;propriu;—;—;UNKNOWN;UNKNOWN;nu;—;UNKNOWN;UNKNOWN;UNKNOWN;UNKNOWN;extensie scrisa din 26.05, netrimisa la review;UNKNOWN;UNKNOWN;high;;CONSTRUITA, NETRIMISA
SV0006;Newsletter cu linkuri afiliate;Email;RO;propriu;—;—;UNKNOWN;UNKNOWN;da;—;UNKNOWN;UNKNOWN;UNKNOWN;UNKNOWN;infrastructura Brevo integrata;UNKNOWN;UNKNOWN;high;;BLOCAT: sender nevalidat
SV0007;Sponsorizare in newsletter;Publicitate;RO;propriu;—;—;UNKNOWN;UNKNOWN;da;—;UNKNOWN;UNKNOWN;UNKNOWN;UNKNOWN;"necesita lista; lista nu exista inca";UNKNOWN;UNKNOWN;high;;BLOCAT DE SV0006
SV0008;AdSense pe paginile existente;Publicitate;RO;propriu;—;—;UNKNOWN;UNKNOWN;da;—;UNKNOWN;UNKNOWN;UNKNOWN;UNKNOWN;CSP il permite, dar nu e montat pe nicio pagina;UNKNOWN;UNKNOWN;high;;NEACTIVAT
SV0009;Plasare platita pentru magazine (featured);Publicitate;RO;propriu;—;—;UNKNOWN;UNKNOWN;da;—;UNKNOWN;UNKNOWN;UNKNOWN;UNKNOWN;"necesita trafic demonstrabil; analytics abia pornit azi";UNKNOWN;UNKNOWN;high;;PREMATUR
SV0010;Lead-uri catre magazine pe conformitate;Lead generation;RO;propriu;—;—;UNKNOWN;UNKNOWN;nu;—;UNKNOWN;UNKNOWN;UNKNOWN;UNKNOWN;lista de 51 de magazine cu lipsuri verificate;UNKNOWN;UNKNOWN;high;;GATA
SV0011;Calculatoare cu poarta de email;Lead generation;RO;propriu;—;—;0 (colecteaza lead-uri);UNKNOWN;nu;—;UNKNOWN;UNKNOWN;UNKNOWN;UNKNOWN;4 calculatoare construite, poarta oprita;UNKNOWN;UNKNOWN;high;;CONSTRUIT, POARTA OPRITA
SV0012;Micro-SaaS: monitor de conformitate multi-site;Micro-SaaS;RO;propriu;—;—;UNKNOWN;UNKNOWN;da;—;UNKNOWN;UNKNOWN;UNKNOWN;UNKNOWN;motorul exista, lipseste interfata multi-client;UNKNOWN;UNKNOWN;high;;MOTOR EXISTENT
