Affiliate program,Promotion name,Start Date,End Date,Description (for affiliate),Description (for customer),Coupon code,Landing Page,Benefits & Tools
estel.ro ,August Summer Sale,2026-07-30 21:00:00 UTC,2026-08-31 20:00:00 UTC,special banners,"Vara este mai ușor să ai un păr sănătos, strălucitor și plin de vitalitate atunci când folosești produsele potrivite.
În perioada 31.07 – 31.08.2026, adaugă oricare 2 produse de îngrijire sau styling în coșul de cumpărături, iar discountul de 15% se aplică automat în coș pentru ambele produse!* (Șampon + Mască, Tratament + Styling – alegerea îți aparține în totalitate)",,https://www.estel.ro/ro/promotions/promotia-de-vara-reduceri-la-produsele-pe-site,Special Banners
style4street.com,Geci Statement la Reducere ,2026-07-16 21:00:00 UTC,2026-09-16 21:00:00 UTC,campaign hashtag #style4street,"Outlet Style4Street — modă urbană damă la prețuri reduse. Descoperă geci și jachete statement din colecțiile noastre, cu reduceri de 10%. Piese versatile, cu personalitate și croieli moderne, la prețuri mai mici — perfecte pentru a-ți completa garderoba urbană fără compromisuri de stil. Stoc limitat, ofertele se actualizează periodic, așa că cele mai bune modele pleacă rapid. Livrare rapidă în toată România și livrare gratuită pentru comenzile de peste 349 lei. Prinde-ți piesele preferate cât încă sunt disponibile!","",https://style4street.com/outlet/,Special Banners
videt.ro ,Zilele Videt: -40% la TOȚI ochelarii de vedere și de soare_15-21.07.2026,2026-07-15 06:00:00 UTC,2026-07-21 20:45:00 UTC,.,"Bună,

Zilele Videt sunt aici cu REDUCERI PE BUNE la toți ochelarii de vedere și de soare, disponibile atât online, cât și în showroom-uri.

1. -40% la TOȚI ochelarii de vedere și de soare, folosind codul 15ANI

- Reducerea se aplică la rame, ochelari de vedere compleți (ramă + lentile), lentile de vedere și ochelari de soare.
- Perioada campaniei: 15–21.07.2026
- Cod de reducere: 15ANI

2. Până la -40% la soluții pentru lentile de contact, folosind codul 15ANI
- Perioada campaniei: 15–21.07.2026
- Cod de reducere: 15ANI

Mulțumesc!",15ANI,https://www.videt.ro/zilele-videt.html,
videt.ro ,Zilele Videt: Livrare gratuită la orice comandă de lentile de contact_15-21.07.2026,2026-07-15 06:00:00 UTC,2026-07-21 20:45:00 UTC,.,"Bună,

Zilele Videt sunt aici cu oferte pe măsură!

Beneficiezi de livrare gratuită la orice comandă de lentile de contact, folosind codul LC15ANI.

- Perioada campaniei: 15–21.07.2026
- Cod de reducere: LC15ANI

Mulțumesc!",LC15ANI,https://www.videt.ro/zilele-videt.html,
asus.com,🎉 Peste 90 de modele de laptopuri beneficiază de 10% reducere doar în ASUS eShop!,2026-07-14 21:00:00 UTC,2026-07-31 20:45:00 UTC, ,"A început promoția Summer Sales Festival în eShop ASUS!
Introdu codul “SUMMER10” în momentul plasării comenzii și beneficiezi de 10% extra reducere la produsele selecționate, reducerea se aplică direct în coșul de cumpărături.

Mai multe detalii și lista completă a produselor se regăsește pe pagina promoției: 
https://ro.store.asus.com/asus-sales-festival",SUMMER10,https://ro.store.asus.com/asus-sales-festival,
litera.ro ,600 de titluri cu 60% reducere ,2026-07-14 21:00:00 UTC,2026-07-19 20:45:00 UTC,"📘 600 de titluri cu 60% reducere 
🕑15 - 19 iulie
🚨 bannerele generale de campanie și produse se găsesc aici 👉 https://www.swisstransfer.com/d/f7f5ffb1-1d21-4e40-9c79-dd2abbef3c14
","Știi senzația aia când intri într-o librărie și vrei să iei totul de pe raft? Ei bine, acum poți, fără să te simți vinovat la casă. 😄

Pe litera.ro ai 📚 𝟔𝟎𝟎 𝐝𝐞 𝐭𝐢𝐭𝐥𝐮𝐫𝐢 𝐜𝐮 𝟔𝟎% 𝐫𝐞𝐝𝐮𝐜𝐞𝐫𝐞 - ficțiune, non-ficțiune și cărți pentru copii.

Raftul tău te așteaptă. 🛒",,https://www.litera.ro/,Special Banners
litera.ro ,📘 Noutățile verii - cod 15% extra reducere,2026-07-14 21:00:00 UTC,2026-07-19 20:45:00 UTC,"📘 Noutățile verii  - cod EXTRA15 pentru 15% extra reducere la o selecție de titluri 
🕑 Perioada: 15 - 19 iulie
🚨 bannerele generale de campanie și produse se găsesc aici 👉 https://www.swisstransfer.com/d/c43063af-8b9d-4879-8d17-93b90c3f701f 
","📚 𝐍𝐨𝐮𝐭𝐚̆𝐭̦𝐢 𝐞𝐝𝐢𝐭𝐨𝐫𝐢𝐚𝐥𝐞 𝐜𝐚𝐫𝐞 𝐦𝐞𝐫𝐢𝐭𝐚̆ 𝐜𝐢𝐭𝐢𝐭𝐞 𝐚𝐜𝐮𝐦!

Aplică codul EXTRA15 la coșul tău de cumpărături pe litera.ro și bucură-te de 15% extra reducere!  🛒

📖 Descoperă cele mai recente apariții editoriale: romane mult așteptate, povești captivante și lecturi fresh, direct din tipar. ✨",EXTRA15,https://www.litera.ro/,Special Banners
aronia-charlottenburg.ro,SUMMER15,2026-07-14 21:00:00 UTC,2026-07-31 20:45:00 UTC,"Promovează codul SUMMER15 și oferă comunității tale 15% reducere extra, în perioada 15–31 iulie 2026.

Dragi parteneri,

În perioada 15–31 iulie 2026, clienții Aronia Charlottenburg beneficiază de 15% reducere suplimentară la produsele din magazinul online, folosind codul:

SUMMER15

Reducerea se aplică peste promoțiile deja disponibile pe site și poate contribui la creșterea conversiilor și a comisioanelor voastre.

🕒 Valabilitate: până la 31 iulie 2026, ora 23:59
🏷️ Cod promoțional: SUMMER15
🎁 Beneficiu: 15% reducere extra
💳 Plata cu cardul: încă 3,5% reducere
⚠️ Stocurile sunt limitate pentru anumite produse.

Clienții pot beneficia de reduceri totale de până la aproximativ 58,5%, în funcție de produs și de promoția deja existentă.

Puteți promova sucuri naturale, suplimente alimentare, capsule cu extracte vegetale, formule complexe, gemuri BIO fără zahăr, miere cu fructe și alte produse BIO.

Pentru promovare, vă recomandăm să menționați perioada campaniei, codul SUMMER15, reducerea suplimentară la plata cu cardul și să includeți linkul vostru de afiliat.

Vă mulțumim pentru implicare!

Echipa Aronia Charlottenburg","Vara continuă cu noi surprize pentru tine și cei dragi! ☀️
În perioada 15–31 iulie, profită de o reducere suplimentară de 15% la toate produsele noastre. Tot ce trebuie să faci este să folosești codul SUMMER15 la finalizarea comenzii.
Această reducere se cumulează cu promoțiile deja disponibile pe site, astfel încât te poți bucura de economii și mai mari:
🔹 15% reducerea extra, prin codul: SUMMER15
🔹 Până la 40% reducerea existentă în magazinul nostru online
🔹 3,5% reducere extra, dacă plătești cu cardul 
În total, ai până la 58,5% reducere la produsele tale preferate.
Fie că vrei să îți refaci stocul de sucuri medicinale, suplimente premium sau alimente bio, acum este momentul ideal să încerci produse noi la prețuri mult mai avantajoase.
👉 Intră acum în magazinul nostru online, folosește codul SUMMER15 și bucură-te de reducerile verii: https://aronia-charlottenburg.ro/magazin/",SUMMER15,https://aronia-charlottenburg.ro/magazin/,Special Banners
farmec.ro,25% REDUCERE la o selecție de produse pentru Îngrijirea Tenului,2026-07-14 21:00:00 UTC,2026-07-26 20:45:00 UTC,"Condiții promoție
25% REDUCERE la o selecție de produse pentru Îngrijirea Tenului. Pentru fiecare produs reducerea este afișată în preț și nu se cumulează cu alte discounturi. Valabilitate ofertă: 15 Iulie - 26 Iulie 2026, în limita stocului disponibil.","Condiții promoție
25% REDUCERE la o selecție de produse pentru Îngrijirea Tenului. Pentru fiecare produs reducerea este afișată în preț și nu se cumulează cu alte discounturi. Valabilitate ofertă: 15 Iulie - 26 Iulie 2026, în limita stocului disponibil.",,https://www.farmec.ro/promo/selectie-gerovital-face-care,Special Banners
petit-bebe.ro,"Ready, Set, Bebe Discounts – până la -20% reducere!",2026-07-14 06:30:00 UTC,2026-07-26 20:45:00 UTC,"Promovați campania Ready, Set, Bebe Discounts prin articole, newslettere, social media, Google Shopping și celelalte canale acceptate în program.

📅 Perioadă: 13–26 iulie 2026
🎯 Reduceri: până la 20%
🍼 Accentul campaniei este pe produsele esențiale pentru primele luni și rutina zilnică a bebelușului.

Mesaje recomandate:

„Pregătește tot ce ai nevoie pentru bebe.”
„Reduceri de până la 20% la produse esențiale.”
„Confort pentru bebe, economii pentru părinți.”

🔗 Landing Page: https://www.petit-bebe.ro/ready-set-bebe-discounts-reduceri-de-pana-la-20.html

📢 Bannerele dedicate campaniei au fost încărcate în platformă și sunt disponibile pentru promovare.","Pregătește-te pentru un nou început alături de bebe! 💛

În perioada 13–26 iulie 2026, te bucuri de reduceri de până la 20% la o selecție de produse esențiale pentru primele luni și rutina de zi cu zi.

✔ Produse atent alese pentru confortul și îngrijirea bebelușului
✔ Reduceri aplicate automat, fără cod promoțional
✔ Campanie valabilă exclusiv online, în limita stocului disponibil

Descoperă ofertele și pregătește tot ce ai nevoie pentru fiecare etapă alături de bebe!","",https://www.petit-bebe.ro/ready-set-bebe-discounts-reduceri-de-pana-la-20.html,Special Banners
vegis.ro ,Summer Sale,2026-07-14 05:00:00 UTC,2026-07-19 20:45:00 UTC,"Reduceri Speciale la sute de produse din categoriile: suplimente, alimente si produse Bio, cosmetice si produse pentru casa. 

*ofertele sunt valabile in limita stocurilor. ",-,"",https://vegis.ro/,Special Banners
libris.ro ,Cupon -20% la orice,2026-07-13 21:00:00 UTC,2026-07-16 20:45:00 UTC,LIB20CITESC,"În perioada 14-16 iulie va fi activ cuponul LIB20CITESC valabil la toate categoriile de pe libris.ro și la toate produsele. 
Reducerea oferită prin aplicarea cuponului nu se cumulează cu alte reduceri existente pe site.
Se aplică reducerea cea mai mare.
Excepție de la promotia -20%: titlurile editurilor Adeăar Divin, Hamangiu și Booklet.",LIB20CITESC,https://www.libris.ro/lp/cupon,
drmax.ro/,Max Days – Alimentație Sănătoasă 14-20.07,2026-07-13 21:00:00 UTC,2026-07-19 21:00:00 UTC,"📅 Perioada campaniei: 14 – 20 iulie
🌐 Landing page: www.drmax.ro/max-days-healthy-week-iulie-2026
📦 Materialele de promovare sunt disponibile în platformă.
","✨ Ce aduce campania:
•	produse pentru un stil de viață sănătos
•	alternative fără zahăr și ingrediente atent alese
•	gustări și produse potrivite pentru întreaga familie
•	ofertă specială: Cumperi 4 și plătești 3 la produsele marca LAGO 
",,www.drmax.ro/max-days-healthy-week-iulie-2026,
noriel.ro , 20% Reducere la jucarii| Cod: NORIEL20 |13-19.07.2026,2026-07-12 22:00:00 UTC,2026-07-18 22:00:00 UTC,-,"
🎺 Lumea cu imaginatie aduce vesti minunate! Foloseste codul NORIEL20 in cosul de cumparaturi si ai 20% Reducere la toate jucariile. ❤️🧸 Promotie exclusiv online in perioada 13-19.07.2026. Reducerea se aplica produselor marcate cu NORIEL20 si nu se cumuleaza cu alte promotii > https://noriel.ro/",NORIEL20 ,https://noriel.ro/jucarii,Special Banners
interlink.ro ,Sunny Savings,2026-07-12 21:00:00 UTC,2026-07-17 20:45:00 UTC,"Promovați campania Sunny Savings și evidențiați reducerile disponibile la produsele OptimX și sistemele POS. Utilizați bannerele și materialele promoționale disponibile în platforma 2Performant și direcționați traficul către pagina dedicată campaniei. Recomandăm folosirea unor mesaje care pun accent pe prețurile avantajoase, fiabilitatea produselor și caracterul limitat al promoției. Vă rugăm să utilizați doar informațiile și ofertele afișate pe site-ul Interlink și să evitați practicile de tip spam sau afirmațiile înșelătoare.","Descoperă Sunny Savings și economisește la o selecție de produse OptimX și sisteme POS. Beneficiază de oferte speciale și echipează-ți afacerea cu soluții IT fiabile, la prețuri competitive. Nu rata promoția – ofertele sunt disponibile pentru o perioadă limitată!",,https://www.interlink.ro/campanie,Special Banners
hobiktoys.ro,Back to School | Câștigă comision de până la 12%,2026-07-11 21:00:00 UTC,2026-08-30 21:00:00 UTC,"Condițiile campaniei:

Perioada: 12 iulie – 31 august 2026.
Afiliații care generează minimum 500 lei vânzări validate în perioada campaniei vor beneficia de un comision de 12% pentru toate vânzările validate până la finalul campaniei Back to School.
Pentru ceilalți afiliați, comisionul standard rămâne 8%.
Sunt binevenite promovările prin bloguri, site-uri de conținut, Google Ads (fără licitare pe brand), Google Shopping, social media, email marketing și alte surse de trafic permise prin program.
Materiale foto și video sunt disponibile la cerere.","În perioada campaniei Back to School, afiliații care generează minimum 500 lei vânzări validate beneficiază de un comision de 12% pentru toate vânzările validate până la finalul campaniei Back to School.

Pentru ceilalți afiliați, comisionul standard rămâne 8%.

Hobik Toys este un brand românesc de jocuri și produse educative pentru copii, prezent în peste 7.500 de familii, disponibil în rețele precum Cărturești, Librarium și CLB, cu materiale promoționale disponibile și livrare rapidă.","",https://www.hobiktoys.ro/,Bonuses & Challenges
automobilus.ro,Kitul de polimer a revenit în stoc! -10% cu codul VARA10,2026-07-10 21:00:00 UTC,2026-07-31 20:30:00 UTC,"-ACCEPTAM orice forma de promovare
-platim comisioanele la timp
-produsele in stoc propriu, se livreaza rapid","Kitul de polimer lichid Automobilus — produsul nostru vedetă — este din nou disponibil. Rezultate vizibile din prima utilizare, faruri ca noi, fără piese de schimb.
Redă claritatea farurilor, direct acasă!",VARA10,https://automobilus.ro/kit-restaurare-faruri-cu-polimer-lichid-automobilusinclude-600ml-substanta,
automobilus.ro,10% reducere la TOATE produsele de pe automobilus.ro cu codul VARA10 !,2026-07-10 21:00:00 UTC,2026-07-31 20:45:00 UTC,"-acceptam orice forma de promovare
-oferim livrare rapida in easyboxuri
-platim comisioanele la timp
-asiguram consultanta in timp real (alina@vencedor.ro)","codul VARA10 se aplică pe tot magazinul, inclusiv piese auto și uleiuri, mai puțin produsele deja aflate la reducere.",VARA10,https://automobilus.ro,
atelier49.ro,Cadouri de Sfanta Maria cu pana la 42% reducere,2026-07-09 21:00:00 UTC,2026-08-10 20:45:00 UTC,"Partenerii care aduc vanzari valide de minim 3000 euro pana la sfarsitul lunii beneficiaza de bonus in valoare de 100 Euro. 
Pentru partenerii cu audienta considerabila, punem la dispozitie produse gratuite pentru recenzii si continut social media. 
Oferim si coduri de discount exclusive pentru campanii de scurta durata (3-7 zile). ","Economiseste pana la 42% pe cadouri de Sfanta Marie unicat, realizate de artizani locali, din materiale naturale, personalizabile. Benecificiaza de reducere suplimentara de 5% cu cod ATELIER49.",ATELIER49,https://www.atelier49.ro/cadouri-personalizate,Bonuses & Special Banners & Special Product Feed & Challenges
e-potion.ro,10% reducere pe tot site-ul e-Potion.ro,2026-07-09 21:00:00 UTC,2027-07-09 21:00:00 UTC,"Cod public: EPOTION10 — 10% reducere pe valoarea totală a coșului, valabil pe tot site-ul e-Potion.ro.
Excepții — reducerea nu se aplică la:
• Categoria IQOS
• Kiturile Veev Inprim (se aplică la capsulele de schimb)
• Produsele aflate deja la promoție
Detalii utile:
• Valabilitate: pe termen nedeterminat, fără dată de expirare
• Fără comandă minimă
• Codul este public și poate fi listat liber pe site-uri de cupoane, în articole, review-uri sau pe social media
- Argumente de conversie: coș mediu 180 lei, rată de retur sub 1%, livrare în 24/48h (expediere în aceeași zi pentru comenzile plasate până la ora 16:00, luni–vineri).
- Dacă doriți un cod personalizat pentru comunitatea dumneavoastră, materiale grafice sau un text de prezentare, scrieți-ne oricând în mesagerie.","Folosește codul EPOTION10 și primești 10% reducere pe valoarea totală a coșului, pe tot site-ul e-Potion.ro.
Sute de arome, lichide, dispozitive și accesorii — de la branduri proprii până la cele mai cunoscute nume internaționale.
Livrare în 24/48h în toată țara, iar comenzile plasate până la ora 15:00 (luni–vineri) se expediază în aceeași zi.
Excepții: categoria IQOS, kiturile Veev Inprim și produsele aflate deja la promoție.
Fără dată de expirare — codul este valabil permanent.",epotion10,https://e-potion.ro,
studioszel.ro,Seturi de mobilier pentru dormitor – reducere de 20%.,2026-07-08 21:00:00 UTC,2026-07-30 21:00:00 UTC,"Promovați oferta folosind mesajul principal: 20% reducere la seturile de mobilier pentru dormitor din lemn masiv. Evidențiați calitatea premium, posibilitatea de personalizare (culori și finisaje), durabilitatea mobilierului și faptul că produsele sunt fabricate în România.","Transformă-ți dormitorul cu mobilier din lemn masiv de înaltă calitate și profită acum de 20% reducere la seturile de mobilier pentru dormitor. Alege dintr-o gamă variată de modele, finisaje și culori, create pentru a oferi confort, eleganță și durabilitate. Oferta este valabilă pentru o perioadă limitată.","",https://studioszel.ro/298-seturi-de-dormitoare,Special Banners
drmax.ro/,50% reducere la produsele marca proprie Dr. Max,2026-07-07 21:00:00 UTC,2026-07-20 21:00:00 UTC,"Produsele marca proprie Dr. Max beneficiază de un comision de 5%, comparativ cu 2% pentru celelalte produse din portofoliu. Este momentul ideal pentru a evidenția această gamă în conținutul și recomandările voastre.

📅 Perioada campaniei: 8 – 21 iulie
🌐 Landing page: https://www.drmax.ro/marca-proprie
📦 Materialele vizuale sunt disponibile în platformă.
","În perioada 8 – 21 iulie, produsele din gama marca proprie Dr. Max beneficiază de 50% reducere, oferind o oportunitate excelentă de promovare pentru suplimente alimentare și produse dedicate sănătății de zi cu zi.
",,https://www.drmax.ro/marca-proprie,
caraielli.ro,Reduceri de până la 30% la încălțămintea de vară selectată,2026-07-07 21:00:00 UTC,2026-07-31 20:45:00 UTC,Reduceri de până la 30% la încălțămintea de vară selectată,Reduceri de până la 30% la încălțămintea de vară selectată,,https://www.caraielli.ro/reduceri-incaltaminte-dama/p17,
giftdesign.ro,GiftDesign Summer Sale - Extra 15% cu GDVARA15,2026-07-06 21:00:00 UTC,2026-07-30 21:00:00 UTC,"RO
Instructiuni pentru afiliati
Promovati campania Summer Sale in perioada 7-21 iulie 2026 (in limita stocului disponibil) folosind codul GDVARA15. Clientii beneficiaza de 15% reducere suplimentara, inclusiv la produsele deja aflate la promotie.
Campania include mii de produse din categoriile Home & Deco, Fashion, Jucarii, Copii & Bebe, Petshop si Cadouri. Va incurajam sa promovati codul de reducere in articole, newslettere, social media si pe site-urile de cupoane.
Bonus pentru afiliati
Primii 3 afiliati care genereaza cele mai multe vanzari validate in perioada campaniei vor beneficia de un comision majorat de 9%, in loc de comisionul standard de 7%.
La stabilirea clasamentului vor fi luate in considerare doar comenzile validate, conform Termenilor si Conditiilor programului de afiliere. Nu vor fi luate in calcul comenzile anulate, returnate, respinse sau marcate ca frauduloase.

EN
Instructions for Affiliates
Promote our Summer Sale campaign from July 7 to July 21, 2026 (while stocks last) using coupon code GDVARA15. Customers receive an extra 15% discount, even on products that are already on sale.
The campaign includes thousands of products across Home & Deco, Fashion, Toys, Kids & Baby, Petshop and Gifts. We encourage you to promote the campaign through articles, newsletters, social media and coupon websites.
Affiliate Bonus
The top 3 affiliates generating the highest number of validated sales during the campaign will receive an increased 9% commission, instead of the standard 7%.
The ranking will be based only on validated orders, in accordance with the Affiliate Program Terms & Conditions. Cancelled, returned, rejected or fraudulent orders will not be taken into account.

","Summer Sale! Foloseste codul GDVARA15 si beneficiezi de 15% reducere suplimentara, inclusiv la produsele deja aflate la promotie. Oferta este valabila in perioada 07.07.2026- 31.07.2026.

EN:

Summer Sale! Use code GDVARA15 to get an extra 15% discount, even on products that are already on sale. Offer valid 07.07.2026- 31.07.2026.",GDVARA15,https://www.giftdesign.ro/?utm_source=2performant&utm_medium=affiliate&utm_campaign=gdvara15_summer_sale_2026,Bonuses & Special Banners
autobob.ro,Reduceri de pana la -30% la brandul Motul,2026-07-05 21:00:00 UTC,2026-07-31 20:45:00 UTC,Reduceri de pana la -30% la brandul Motul,"Reduceri de pana la -30% la brandul Motul - Uleiuri si Lichide Auto, Moto/Atv, Intretinere auto si pachete revizie.",,https://www.autobob.ro/produse/motul,
paa-home.ro,Reduceri Paa-Home.ro de pana la -60% la accesorii pentru aspiratoare,2026-07-05 21:00:00 UTC,2026-10-31 21:45:00 UTC,Reduceri Paa-Home.ro de pana la -60% la accesorii pentru aspiratoare,"Descopera ofertele Paa-Home.ro si bucura-te de reduceri de pana la 60% la o gama variata de accesorii compatibile pentru aspiratoare robot, aspiratoare verticale si aspiratoare clasice.

Gaseste rapid accesoriile potrivite pentru aspiratorul tau si alege produse compatibile pentru branduri populare precum Roborock, Xiaomi, Dyson, Rowenta, Philips, Samsung, Karcher, Miele si multe altele.

Promotia include: filtre HEPA si filtre de schimb pentru aspiratoare, perii principale si laterale pentru aspiratoare robot, lavete, mopuri si accesorii de curatare, piese compatibile pentru numeroase modele de aspiratoare.

Profita acum de preturile speciale Paa-Home.ro si prelungeste durata de viata a aspiratorului tau cu accesorii potrivite la pret redus.",,https://paa-home.ro/,
craftup.ro ,"Reduceri CraftUp de pana la -66% la ambalaje, accesorii handmade si decoratiuni",2026-07-05 21:00:00 UTC,2026-10-31 21:45:00 UTC,"Reduceri CraftUp de pana la -66% la ambalaje, accesorii handmade si decoratiuni","Profita de reducerile CraftUp de pana la 66% la produse pentru ambalare, proiecte creative si decoratiuni. Descopera oferte la cutii, pungi, sacose, stickere, accesorii handmade, articole DIY si produse pentru petreceri sau evenimente speciale.",,https://craftup.ro/collections/oferte,
doctorshield.ro/,Doctor Shield – Reduceri la produse pentru casa si birou,2026-07-05 21:00:00 UTC,2026-07-31 20:45:00 UTC,Doctor Shield – Reduceri la produse pentru casa si birou,"Descopera ofertele Doctor Shield si transforma locuinta intr-un spatiu mai confortabil si mai practic. Profita de preturi avantajoase la produse premium pentru casa si birou: paturi metalice rezistente, birouri electrice reglabile pe inaltime, cosuri de gunoi inteligente cu senzor si multe alte solutii moderne.

Alege produse durabile, cu design practic si functionalitate ridicata, potrivite pentru orice locuinta sau spatiu de lucru.",,https://doctorshield.ro/,
expomob.ro,Outlet Expomob – Reduceri de pana la -70% la mobilier pentru casa,2026-07-05 21:00:00 UTC,2026-12-31 21:45:00 UTC,Outlet Expomob – Reduceri de pana la -70% la mobilier pentru casa,"Profita de reducerile Outlet Expomob si amenajeaza-ti casa la preturi speciale. Descopera mobilier pentru orice incapere: livinguri, dormitoare, paturi, dulapuri, mese, scaune, comode, mobilier de bucatarie si accesorii pentru locuinta.

Alege produse cu design modern, materiale rezistente si economiseste la piesele de mobilier preferate pentru casa ta. Stocurile sunt limitate!",,https://www.expomob.ro/outlet-mobila,
dacris.net,Produse promotionale personalizate,2026-07-05 21:00:00 UTC,2026-07-30 21:00:00 UTC,https://www.dacris.net/produse-promotionale,"Descopera produse personalizabile pentru campanii de marketing, evenimente corporate si cadouri B2B",,https://www.dacris.net/produse-promotionale,Special Banners
dacris.net,Pauze de cafea cu gust intens,2026-07-05 21:00:00 UTC,2026-07-30 21:00:00 UTC,https://www.dacris.net/administrativ/protocol/cafea-si-produse-complementare,"Gust premium, prospetime si livrare rapida",,https://www.dacris.net/administrativ/protocol/cafea-si-produse-complementare,Special Banners
interlink.ro ,Interlink ,2026-07-05 21:00:00 UTC,2026-09-29 21:00:00 UTC,Utilizați materialele promoționale și feed-ul de produse disponibile în 2Performant pentru a promova produsele Interlink. Folosiți informații corecte și actualizate și respectați politicile programului de afiliere. Nu sunt permise practicile de tip spam sau licitația pe brand fără acordul advertiserului.,"Promovează produsele Interlink și câștigă comisioane din fiecare vânzare validă. Interlink oferă o gamă variată de laptopuri, calculatoare, monitoare, imprimante și alte echipamente IT refurbished și second-hand, de la branduri de renume, la prețuri competitive. Profită de campanii promoționale, materiale de marketing dedicate și un portofoliu atractiv pentru a genera conversii.",,https://www.interlink.ro/,
arabescu.ro,"Pachete cu 2+1 / 3+3 / 5+5 Parfumuri Cadou de la doar 159,99lei",2026-07-03 21:00:00 UTC,2026-09-29 21:00:00 UTC,"Promovați în special pachetele promoționale 2+1, 3+3 și 5+5, precum și bestsellerurile afișate pe prima pagină a site-ului. Evidențiați avantajele competitive ale brandului: parfumuri arăbești originale, livrare rapidă din stoc propriu, peste 600–700 de produse disponibile, 6 magazine fizice în malluri (11 până la finalul anului) și un raport excelent calitate–preț.

Nu utilizați mesaje înșelătoare, afirmații neverificate sau campanii care pot afecta imaginea brandului. Folosiți exclusiv materialele și ofertele oficiale disponibile pe Arabescu.ro și respectați termenii și condițiile programului de afiliere.
","Profită de ofertele speciale Arabescu și primește parfumuri CADOU în cadrul pachetelor promoționale 2+1, 3+3 și 5+5, începând de la doar **159,99 lei**.

Promoția se aplică exclusiv pachetelor afișate pe site și este disponibilă în limita stocului disponibil. Termeni și condiții aplicabile.
","",https://arabescu.ro/categorie/oferte-parfumuri-arabescu/,Bonuses & Special Banners & Challenges
herbagetica.ro,"🏷️ Reduceri de până la 40%! ☀️Vara aceasta, fii în formă maximă cu Herbagetica!",2026-07-03 08:30:00 UTC,2026-08-02 20:45:00 UTC,"📆 Perioada campaniei: 3 iulie – 2 august 2026
🖼️ Bannerele sunt disponibile in platforma","Reduceri de până la 40%! Vara acesta, fii in forma maxima cu Herbagetica!
",,https://herbagetica.ro/promotii-sanatate.html,Special Banners
arabescu.ro,"Pachete 3+3  Parfumuri Cadou de la doar 249,99lei",2026-07-02 21:00:00 UTC,2026-08-30 21:00:00 UTC,"Marketerii pot promova Arabescu.ro folosind linkurile de tracking generate în platformă și materialele creative puse la dispoziție în campanie.

Recomandăm promovarea ofertelor active și a pachetelor promoționale afișate pe site, precum 1+1, 2+2, 3+3, 5+5 sau alte pachete disponibile în campanie. Ofertele pot varia în funcție de stoc, perioadă și selecția de produse.

Vă rugăm să comunicați clar că promoțiile se aplică exclusiv pachetelor special afișate pe Arabescu.ro și nu presupun alegerea individuală a oricăror parfumuri de pe site. De exemplu, clientul nu alege orice 3 parfumuri și primește automat 3 cadou, ci comandă pachetele promoționale deja create și marcate corespunzător.

Este permisă promovarea prin articole, social media, grupuri relevante, newslettere, conținut video, review-uri, recomandări și comparații de produse, cu respectarea imaginii brandului Arabescu.ro.

Nu sunt permise formulări înșelătoare, promisiuni false, comunicarea unor reduceri inexistente, folosirea neautorizată a numelui brandului în reclame plătite pe Google Search sau mesaje care pot induce clientul în eroare cu privire la preț, disponibilitate, produse incluse sau condițiile promoției.

Toate promoțiile sunt valabile în limita stocului disponibil și conform termenilor și condițiilor afișate pe Arabescu.ro.","Pachete 3+3 parfumuri cadou de la doar 249,99 lei, disponibile exclusiv pentru pachetele promoționale afișate pe Arabescu.ro. Oferta se aplică doar produselor marcate în campanie, în limita stocului disponibil și conform termenilor și condițiilor.","",https://arabescu.ro/categorie/oferte-parfumuri-arabescu/,Bonuses & Special Banners & Challenges
carturesti.ro ,"Cartea pe val: 1+1 Cartea cu genius, ART",2026-07-02 21:00:00 UTC,2026-08-02 21:00:00 UTC,"Curiozitatea nu se oprește la o singură carte, mai ales când vine vorba de editura Vlad și Cartea cu Genius, imprint al Grupului Editorial ART — cărți cartonate, groase și rezistente, cu povești pline de haz și ilustrații pe care copiii le studiază la fel de atent ca textul. Sunt genul de cărți care ajung repede preferate, cerute la aceeași oră în fiecare seară, până le știi pe de rost. Tocmai de aceea, între 3 iulie și 3 august, ai întreaga colecție în stoc pe carturesti.ro cu 1+1: alegi două cărți, dar plătești doar una. #CarteaPeVal

Produsul pe care nu îl plătești este cel cu prețul cel mai mic. Promoție valabilă pe carturesti.ro în limita stocului disponibil. Oferta nu se cumulează cu alte promoții și reduceri valabile online.","Curiozitatea nu se oprește la o singură carte, mai ales când vine vorba de editura Vlad și Cartea cu Genius, imprint al Grupului Editorial ART — cărți cartonate, groase și rezistente, cu povești pline de haz și ilustrații pe care copiii le studiază la fel de atent ca textul. Sunt genul de cărți care ajung repede preferate, cerute la aceeași oră în fiecare seară, până le știi pe de rost. Tocmai de aceea, între 3 iulie și 3 august, ai întreaga colecție în stoc pe carturesti.ro cu 1+1: alegi două cărți, dar plătești doar una. #CarteaPeVal

Produsul pe care nu îl plătești este cel cu prețul cel mai mic. Promoție valabilă pe carturesti.ro în limita stocului disponibil. Oferta nu se cumulează cu alte promoții și reduceri valabile online.",,https://carturesti.ro/offer/cartea-cu-genius-art-6617,Special Banners
carturesti.ro ,"Cartea pe val: -20% carte grafică copii, în română",2026-07-02 21:00:00 UTC,2026-07-26 21:00:00 UTC,"Vara e momentul perfect ca cei mici (și nu numai) să descopere un alt fel de cărți — cele în care imaginile spun la fel de multă poveste ca textele. Sunt cărți care se citesc cu ochii mai atenți, cu pauze mai lungi, cu revenit la o pagină de care ai trecut de mult doar ca să te uiți din nou la un desen. Am adunat o selecție de cărți grafice și romane ilustrate, pentru copii și adolescenți, în limba română, cu 20% reducere, între 3 și 27 iulie. #CarteaPeVal

Promoție valabilă pe carturesti.ro în limita stocului disponibil. Oferta nu se cumulează cu alte promoții și reduceri valabile online.","Vara e momentul perfect ca cei mici (și nu numai) să descopere un alt fel de cărți — cele în care imaginile spun la fel de multă poveste ca textele. Sunt cărți care se citesc cu ochii mai atenți, cu pauze mai lungi, cu revenit la o pagină de care ai trecut de mult doar ca să te uiți din nou la un desen. Am adunat o selecție de cărți grafice și romane ilustrate, pentru copii și adolescenți, în limba română, cu 20% reducere, între 3 și 27 iulie. #CarteaPeVal

Promoție valabilă pe carturesti.ro în limita stocului disponibil. Oferta nu se cumulează cu alte promoții și reduceri valabile online.",,https://carturesti.ro/offer/carte-grafica-copii-6616,Special Banners
lovepadel.ie/,€5.00 off entire order,2026-07-01 23:00:00 UTC,2026-07-30 23:00:00 UTC,Promote the discount code via email or social media. This discount will be applied at checkout when customers use this link,"Order discount

    All customers
    For Online Store
    €5.00 off entire order
    Minimum purchase of €50.00
    One use per customer
    Can’t combine with other discounts",BLEAGUE-5EUR,https://lovepadel.ie/discount/NEWSUB5EUR,
220-volti.ro/,Categoria cu Produse de Sezon la Reducere,2026-07-01 21:00:00 UTC,2026-12-30 22:00:00 UTC,Categoria cu Produse de Sezon la Reducere,Categoria cu Produse de Sezon la Reducere,"",https://220-volti.ro/super-oferte-de-sezon/,
decathlon.ro,Maratonul Reducerilor începeut la Decathlon în luna Iulie!,2026-07-01 13:30:00 UTC,2026-07-30 21:00:00 UTC,"Maratonul Reducerilor a început! În perioada 1–31 iulie, Decathlon aduce reduceri la o gamă variată de produse pentru sport, outdoor și activități de vară.🚴‍♂️🏕️☀️

Intră în challenge-ul Decathlon din această vară și crește-ți performanța alături de noi!
În perioada 01 – 31 iulie, afiliații înscriși în programul Decathlon sunt invitați să promoveze oferta noastră Maratonul Reducerilor.
","Maratonul Reducerilor a început! În perioada 1–31 iulie, Decathlon aduce reduceri la o gamă variată de produse pentru sport, outdoor și activități de vară.🚴‍♂️🏕️☀️

Intră în challenge-ul Decathlon din această vară și crește-ți performanța alături de noi!
În perioada 01 – 31 iulie, afiliații înscriși în programul Decathlon sunt invitați să promoveze oferta noastră Maratonul Reducerilor.

Mecanismul challenge-ului este simplu: vor fi recompensați primii 5 afiliați care înregistrează cea mai mare creștere a volumului de vânzări (cifră de afaceri) în perioada campaniei, comparativ cu performanța lor din luna anterioară (1 – 30 iunie).

După finalul campaniei, va urma o perioadă de validare a vânzărilor de 45 de zile (până la 14 septembrie), necesară pentru confirmarea rezultatelor.

Câștigătorii vor beneficia de un comision majorat cu +2%, ajungând la un total de 7%, pentru o perioadă limitată, în intervalul 15 septembrie – 15 octombrie, după finalizarea procesului de validare.

👉 Important: Challenge-ul este dedicat exclusiv afiliaților cu surse de trafic verificate și aprobate în cadrul programului Decathlon. Sursele nevalidate nu vor fi luate în considerare în analiza finală.
",,https://www.decathlon.ro/deals,Special Banners & Challenges
mobidea.ro,"Oferte de Vara cu extra 10% reducere la mobilier de dormitor, bucatarie , living și hol",2026-07-01 11:00:00 UTC,2026-07-30 23:00:00 UTC,"Bucură-te de livrare gratuită pentru comenzile de peste 600 RON și de prețuri de producător pentru toate produsele noastre fabricate în Maramureș, România. Livrarea se efectuează în 4-10 zile lucrătoare. Avem oferte speciale cu o reducere suplimentară de 12% la mobilierul de dormitor, bucătărie și living. Așteptăm cu nerăbdare să te avem ca client al nostru!","Bucură-te de livrare gratuită pentru comenzile de peste 600 RON și de prețuri de producător pentru toate produsele noastre fabricate în Maramureș, România. Livrarea se efectuează în 4-10 zile lucrătoare. Avem oferte speciale cu o reducere suplimentară de 10% la mobilierul de dormitor, bucătărie și living. Așteptăm cu nerăbdare să te avem ca client al nostru!",,http://mobidea.ro/oferte-promotionale/,Special Banners
mobilalaguna.ro,Reduceri Mobila Luna Iulie 2026,2026-07-01 10:00:00 UTC,2026-07-31 20:45:00 UTC,"Prinde reducerile la mobila din luna aceasta! Am ales cele mai cautate produse din gama noastra la care am aplicat super reduceri. Astfel poti sa iti pregatesti casa asa cum doresti fara grija bugetului pentru mobila. Vei gasi aceste oferte semnalate cu etichete speciale in categoriile dormitor, canapele, living, coltare, bucatarie si multe altele. Poti vedea mai rapid produsele intrand in pagina dedicata campaniei de Super Reduceri. 
Suntem producatori de mobilier inca din 1994 din Maramures, Romania si oferim o gama variata la preturi avantajoase, atat mobila din pal cat si tapitata. In fiecare categorie veti gasi oferte si promotii. Pe langa preturile mici, oferim si Livrare Gratuita* in numai 4-10 zile lucratoare. Datorita faptului ca suntem producatori, comanda pleaca direct din fabrica la tine acasa, fara intermediari sau costuri suplimentare. Transportul se face prin flota proprie de masini, astfel ne asiguram ca ajung in stare buna.","Prinde reducerile la mobila din luna aceasta! Am ales cele mai cautate produse din gama noastra la care am aplicat super reduceri. Astfel poti sa iti pregatesti casa asa cum doresti fara grija bugetului pentru mobila. Vei gasi aceste oferte semnalate cu etichete speciale in categoriile dormitor, canapele, living, coltare, bucatarie si multe altele. Poti vedea mai rapid produsele intrand in pagina dedicata campaniei de Super Reduceri. 
Suntem producatori de mobilier inca din 1994 din Maramures, Romania si oferim o gama variata la preturi avantajoase, atat mobila din pal cat si tapitata. In fiecare categorie veti gasi oferte si promotii. Pe langa preturile mici, oferim si Livrare Gratuita* in numai 4-10 zile lucratoare. Datorita faptului ca suntem producatori, comanda pleaca direct din fabrica la tine acasa, fara intermediari sau costuri suplimentare. Transportul se face prin flota proprie de masini, astfel ne asiguram ca ajung in stare buna.",,https://mobilalaguna.ro/super-reduceri-la-mobila-si-canapele/,Special Banners
noriel.ro ,Summer Sales | Reduceri de pana la 50%,2026-06-30 22:00:00 UTC,2026-08-02 20:30:00 UTC,-,"🌞 Vara aceasta incepe cu super reduceri la Noriel!
Am pregatit discounturi de pana la 50% la sute de jocuri si jucarii care aduc zambete si distractie.✨ Descopera acum ofertele pregatite pentru cei mici >>  https://noriel.ro/promotii 
",,https://noriel.ro/promotii,Special Banners
drmax.ro/,Toată lumea câștigă la Dr. Max 1-31.07,2026-06-30 21:00:00 UTC,2026-07-30 21:00:00 UTC,"📌 Perioada campaniei: 1–31 iulie 2026
📸 Materialele vizuale sunt disponibile în platformă și pot fi descărcate direct din contul tău.
🌐 Landing page: www.drmax.ro/marea-razuiala
🎁 Un voucher. O răzuială. Până la 50% reducere.
","🎯 Ce aduce campania?
• Voucher digital răzuibil cu reduceri de până la 50% la branduri apreciate din categorii precum beauty, dermato-cosmetice, îngrijire personală și suplimente
• Experiență interactivă și atractivă pentru utilizatori
• O lună întreagă de promovare: 1–31 iulie 2026
","",https://www.drmax.ro/marea-razuiala,
drmax.ro/,Pachet de Grijă – Iulie ,2026-06-30 21:00:00 UTC,2026-07-30 21:00:00 UTC,"👉 Descoperă Pachetul de Grijă aici: www.drmax.ro/pachete-de-grija
👉 Banners disponibile în platformă.
","🦟 Dr. Max Spray împotriva țânțarilor și căpușelor 100 ml + Dr. Max Cremă calmantă 110 g
Două produse complementare, reunite într-un singur pachet pentru protecția și îngrijirea pielii în sezonul cald.
","",www.drmax.ro/pachete-de-grija,
arabescu.ro,"Oferte 3+3 / 5+5 / 2+1 - De la doar 159,99lei",2026-06-30 21:00:00 UTC,2026-08-30 21:00:00 UTC,"Vă rugăm să promovați Arabescu.ro într-un mod corect, clar și transparent, folosind linkurile de tracking generate prin platformă.

Sunt recomandate promovările pentru ofertele și pachetele active afișate pe site, precum 2+1, 3+3, 5+5 sau alte campanii disponibile, cu prețuri începând de la 159,99 lei, în funcție de oferta curentă.

Promoțiile se aplică exclusiv pachetelor special afișate pe Arabescu.ro și nu permit alegerea individuală a oricăror produse de pe site. De exemplu, clientul nu poate alege orice 3 parfumuri și primi automat alte 3 cadou, ci poate comanda doar pachetele promoționale marcate corespunzător.

Nu sunt permise:

mesaje înșelătoare sau promisiuni false;
comunicarea unor reduceri, prețuri sau beneficii inexistente;
folosirea expresiei „orice parfumuri” în contextul ofertelor tip 2+1, 3+3 sau 5+5;
promovarea prin spam, comentarii abuzive sau metode care pot afecta imaginea brandului;
folosirea neautorizată a brandului Arabescu.ro în reclame plătite pe Google Search sau pe alte canale PPC fără acord scris.

Toate ofertele sunt valabile în limita stocului disponibil și conform termenilor și condițiilor afișate pe Arabescu.ro.","Profită de pachetele promoționale Arabescu.ro: 2+1, 3+3 și 5+5, cu prețuri începând de la doar 159,99 lei. Alege dintre pachetele special afișate pe site și bucură-te de parfumuri arăbești persistente, inspirate de luxul din Dubai.

Promoția este valabilă exclusiv pentru pachetele marcate corespunzător, în limita stocului disponibil și conform termenilor și condițiilor Arabescu.ro.","",https://arabescu.ro/categorie/oferte-parfumuri-arabescu/,Bonuses & Special Banners & Challenges
drmax.ro/,Campanie Produse Solare - Iulie 2026,2026-06-30 21:00:00 UTC,2026-07-30 21:00:00 UTC,"✅ Materialele vizuale sunt disponibile în platformă și pot fi descărcate din contul tău.
🔗 Descoperă campania aici:
👉 https://www.drmax.ro/frumusete-si-ingrijire/protectie-solara
","Vești bune! În plin sezon estival, produsele cu SPF continuă să fie printre cele mai căutate din categoria de frumusețe și îngrijire, fiind momentul ideal pentru a le promova.

🧴 În campanie regăsești produse de la branduri de încredere precum:
Avène, La Roche-Posay, Bioderma, Vichy, Pharmaceris, Skinexpert by Dr. Max, Eucerin și multe altele.
",,https://www.drmax.ro/frumusete-si-ingrijire/protectie-solara,
medimfarm.ro/,Cod reducere MedimFarm.ro -15% la orice comanda de minim 190 lei,2026-06-30 21:00:00 UTC,2026-07-31 20:45:00 UTC,Cod reducere MedimFarm.ro -15% la orice comanda de minim 190 lei,"Pana pe 31 Iulie 2026 profita de un cod reducere MedimFarm.ro ce iti ofera o reducere de 15% la orice comanda de minim 190 lei + 10% Money Back din valoarea comenzii inapoi, pentru cumparaturi viitoare!
",SUN15,https://medimfarm.ro/,
drmax.ro/,Ofertele lunii Iulie,2026-06-30 21:00:00 UTC,2026-07-30 21:00:00 UTC,"🔗 Descoperă campania completă aici:
👉 https://www.drmax.ro/ofertele-lunii
📦 Materialele vizuale sunt disponibile în platformă.
","Luna iulie aduce oferte speciale la produse esențiale pentru sănătate, frumusețe, îngrijire și pentru mama & copilul. Pe tot parcursul lunii, clienții pot descoperi promoții la branduri apreciate și produse dedicate întregii familii.",,https://www.drmax.ro/ofertele-lunii,
cezi.ro,"Summer - travel, hair products discount",2026-06-30 21:00:00 UTC,2027-01-30 22:00:00 UTC,"Promovați cu prioritate produsele Karseell cu cel mai bun potențial de conversie, în special prin Google Shopping Ads, CSS, Performance Max, remarketing și campanii de afiliere orientate spre vânzări.

În materialele promoționale, evidențiați clar beneficiile campaniei:

• la comenzile între 150 și 299,99 lei se adaugă automat un produs cadou;
• la comenzile de minimum 300 lei se adaugă automat un cadou din categoria premium;
• cadourile sunt oferite în limita stocului disponibil;
• nu este necesar un cod promoțional.

Folosiți numai imagini și denumiri corecte ale produselor disponibile pe CEZI.ro. Nu modificați ambalajele, etichetele sau identitatea vizuală a produselor Karseell și nu folosiți afirmații medicale, rezultate garantate sau promisiuni care nu apar pe pagina produsului.

Prioritizați produsele bestseller, seturile cu valoare medie mai mare și ofertele active. Feed-ul de produse, materialele vizuale, promoțiile curente și informațiile despre stoc pot fi furnizate la cerere.

Pentru produsele și campaniile cu performanțe ridicate, suntem deschiși să discutăm condiții speciale, bonusuri de performanță și bugete suplimentare de promovare.","Ai reduceri de pana la 70% pe site. Pe langa asta La comenzile de peste 150 lei primești automat un produs cadou, fără cod promoțional și fără pași suplimentari.

Pentru comenzile între 150 și 299,99 lei se adaugă automat în coș un cadou surpriză, iar la comenzile de minimum 300 lei primești un cadou premium.

Cadoul este ales în funcție de valoarea comenzii și de stocul disponibil. Tu alegi produsele preferate, iar noi adăugăm surpriza în colet.

Oferta este valabilă în limita stocului disponibil.
","",https://cezi.ro/reduceri/,Bonuses & Special Banners & Special Product Feed & Challenges
re-bloom.ro/,Extra 20% la Produsele SelectateExtra 20% la Produsele Selectate,2026-06-30 21:00:00 UTC,2026-07-31 20:45:00 UTC,-,"Profită acum de EXTRA 20% REDUCERE (aplicată direct în coș) la produsele deja aflate în promoție:

Pahare din cristal și seturi elegante: Pentru ca ciocnitul paharelor cu cei dragi să aibă un sunet premium. Modelele noastre striate sau drepte vor fi vedetele mesei tale festive.

Trolere rezistente: De la bagaje de cabină colorate la trolere mari de familie, ești gata de decolare cu stil și siguranță.

Grăbește-te! Stocurile sunt limitate! Alege calitatea Re-Bloom la cele mai mici prețuri din an!",,https://www.re-bloom.ro/catalog/extra-20-la-produsele-selectate-60,
re-bloom.ro/,De la 10% la 75% reducere la uneltele Gakago. Alege Gakago. Alege eficiența. Exclusiv pe re-bloom.ro. ,2026-06-30 21:00:00 UTC,2026-07-31 20:45:00 UTC,Re-bloom.ro (prin Asap Reverse Logistics SRL) este unic importator Gakago.,"Gakago – Performanță și Precizie în Mâinile Tale cu reduceri foarte mari
Bun venit în universul Gakago, brandul care redefinește standardele în materie de scule profesionale și accesorii pentru bricolaj, acum disponibil oficial în România prin re-bloom.ro.
Operat de ASAP REVERSE LOGISTICS S.R.L., în calitate de unic importator autorizat Gakago pe piața locală, magazinul nostru vă oferă acces direct la o gamă de unelte recunoscute la nivel internațional pentru durabilitatea, ergonomia și inovația lor.
De ce să alegi sculele Gakago?
Produsele Gakago sunt concepute pentru a face față celor mai dure condiții de lucru, fie că ești un profesionist în domeniul auto, construcții sau silvicultură, fie un pasionat de proiecte DIY care nu face compromisuri la capitolul calitate.
Excelență în Automotive: De la chei telescopice cu forță de pârghie sporită până la seturi de tubulare de impact, Gakago transformă mentenanța vehiculului într-o sarcină sigură și rapidă.
Soluții pentru Construcții și Instalații: Tăietoarele de țevi de precizie, ventuzele de transport și sistemele de nivelare a plăcilor ceramice sunt aliații tăi de încredere pentru finisaje impecabile.
Forță în Silvicultură: Penele de tăiere din ABS ultra-rezistent și penele de despicat din oțel forjat sunt proiectate pentru a maximiza eficiența și siguranța în exploatarea forestieră.
Design Distinctiv: Echipamentele Gakago sunt ușor de recunoscut după culoarea portocalie vibrantă – un simbol al vizibilității și siguranței pe orice șantier sau în orice atelier.
Garanția re-bloom.ro (ASAP REVERSE LOGISTICS S.R.L.)
Ca unic importator, ne asumăm misiunea de a aduce tehnologia germană Gakago mai aproape de tine, oferind:
Produse 100% Originale: Ai certitudinea calității direct de la producător.
Stocuri Disponibile: Livrare rapidă din depozitul nostru din România.
Suport Specializat: Consultanță tehnică pentru a alege unealta potrivită nevoilor tale.
Alege Gakago. Alege eficiența. Exclusiv pe re-bloom.ro.",,https://www.re-bloom.ro/catalog/brand/gakago-11000075,
sevensins.ro,Flash Sale - Până la -50% la produsele selectate de pe SevenSins.ro,2026-06-30 21:00:00 UTC,2026-07-31 20:45:00 UTC,"Până la 50% reducere la produsele selectate. În plus avem 3 coduri de reducere active pe site.

SINS75 - care oferă 75 de Lei reducere la comenzile de minim 300 de Lei
SINS150 - care oferă 150 de Lei reducere la comenzile de minim 500 de Lei
SINS250 - care oferă 250 de Lei reducere la comenzile de minim 700 de Lei
","Până la 50% REDUCERE! În plus obții EXTRA reducere dacă folosești codurile SINS75 (-75 Lei la min. 300 Lei), SINS150 (-150 Lei la min. 500 Lei) și SINS250 (-250 Lei la min. 700 Lei).",,https://www.sevensins.ro/promotii/campanie/1078/,Special Banners
optiblu.ro,Reduceri de pana la 50% la rame si ochelari de soare,2026-06-30 21:00:00 UTC,2026-07-31 19:00:00 UTC,"Buna ziua, 
pe parcursul lunii iulie avem o campanie de reduceri de pana la 50% la rame (pentru ochelari de vedere) si ochelari de soare. Reducerea se aplica direct in pret, nefiind necesar sa fie folosit cod de reduceri. Va rugam sa ne ajutati in promovarea acestei oferte.",Reduceri de pana la 50% la rame si ochelari de soare,,https://www.optiblu.ro/reducerile-verii-la-optiblu,
littlenest.ro,Usborne Summer sale - Carti de luat in vacanta,2026-06-30 21:00:00 UTC,2026-07-30 21:00:00 UTC,bannere disponibile pentru campanie,"A venit vacanta si te intrebi ce sa pui in bagajul copilului ca sa nu auzi ""mama, m-am plictisit!” toata ziua?

Ai pana la 58% reducere la intreaga colectie pentru vacanta de vara de pe llittlenest.ro/collections/carti-vacanta-de-vara si poti alege carti potrivite pentru orice situatie:

-> In masina / avion: activitati cu pixul wipe-clean, stickere de repozitionat
-> La plaja / gradina: carti cu sunete, carti cu clapete, stickere tematice
-> La hotel / casa bunicilor: seturi de activitati refolosibile

Transport gratuit la comenzi peste 99 lei.",,https://littlenest.ro/collections/car%C8%9Bi-vacan%C8%9Ba-de-vara,Special Banners
kamin.ro,Cuptor de pizza gratuit + carte de retete,2026-06-30 21:00:00 UTC,2026-07-30 21:00:00 UTC,"Pentru bannere, va rugam sa ne scrieti in privat dimensiunile de care aveti nevoie. ","În perioada 01.07-31.07 2026, orice client primește GRATUIT cadouri în valoare de 2332 RON la orice comandă care conține un OFYR 85 sau un OFYR 100: cuptorul de pizza compatibil (diametru 85 sau 100) cu paletă de pizza inclusă și cartea oficiala de retete OFYR.",,https://www.kamin.ro/blog/ofyr-85-ofyr-100-cuptor-pizza-cadou-iulie,Special Banners
prestigehome.ro,HOME REFRESH,2026-06-30 21:00:00 UTC,2026-07-31 20:45:00 UTC,"Confort de vacanta, chiar la tine acasa. Pana la -20% reducere la o selectie de paturi, canapele si saltele Prestige.","Confort de vacanta, chiar la tine acasa. Pana la -20% reducere la o selectie de paturi, canapele si saltele Prestige.",,https://www.prestigehome.ro/collections/reduceri-de-20-%C8%99i-livrare-rapida-din-stoc-iulie,
editura-arthur.ro ,Campanie cărți și pachete cu cărți de la Editura Arthur,2026-06-30 21:00:00 UTC,2026-08-31 20:30:00 UTC,"Pentru lunile  iulie-august Editura Arthur va avea două campanii: cărți individuale și pachete de cărți.

Campania pe titluri individuale copii Arthur este 2+1 cadou – Povești distractive
Copy campanie:
Trei povești sunt mai bune decât două: una te face să râzi, alta te poartă în aventuri neașteptate, iar a treia îți aduce prieteni noi. La editura Arthur te așteaptă povești distractive, perfecte pentru această vacanță. În luna iulie, alege trei cărți și plătești doar două, cartea cu prețul mai mic este cadou!
Hai pe site și cumpără din cărțile selectate! https://www.editura-arthur.ro/cat/3/1600-carti-de-iubit

Campania Arthur pe pachete 33% reducere – Superputerile cititorilor
Copy campanie:
Știai că vara apar superputerile? Cum le obții?
Foarte simplu: îți alegi câteva cărți și îți lași imaginația să zburde. Cu fiecare poveste citită vei descoperi ceva nou: curaj, prietenii neașteptate și aventuri care îți vor transforma obișnuita vacanță de vară în ceva desprins dintr-un roman cu Harry Potter. Alege-ți superputerile cu cărțile pentru copii la pachet și bucură-te de o reducere de 33%.
Hai pe site și alege pachetele cu cărți preferate! https://www.editura-arthur.ro/cat/3/cele-mai-indragite-carti-la-pachet","Pentru lunile  iulie-august Editura Arthur va avea două campanii: cărți individuale și pachete de cărți.

Campania pe titluri individuale copii Arthur este 2+1 cadou – Povești distractive
Copy campanie:
Trei povești sunt mai bune decât două: una te face să râzi, alta te poartă în aventuri neașteptate, iar a treia îți aduce prieteni noi. La editura Arthur te așteaptă povești distractive, perfecte pentru această vacanță. În luna iulie, alege trei cărți și plătești doar două, cartea cu prețul mai mic este cadou!
Hai pe site și cumpără din cărțile selectate! https://www.editura-arthur.ro/cat/3/1600-carti-de-iubit

Campania Arthur pe pachete 33% reducere – Superputerile cititorilor
Copy campanie:
Știai că vara apar superputerile? Cum le obții?
Foarte simplu: îți alegi câteva cărți și îți lași imaginația să zburde. Cu fiecare poveste citită vei descoperi ceva nou: curaj, prietenii neașteptate și aventuri care îți vor transforma obișnuita vacanță de vară în ceva desprins dintr-un roman cu Harry Potter. Alege-ți superputerile cu cărțile pentru copii la pachet și bucură-te de o reducere de 33%.
Hai pe site și alege pachetele cu cărți preferate! https://www.editura-arthur.ro/cat/3/cele-mai-indragite-carti-la-pachet",,https://editura-arthur.ro,Special Product Feed
atomico.ro ,Oferta Lunii Iulie la Atomico cu reduceri de până la 50%,2026-06-30 21:00:00 UTC,2026-07-31 20:45:00 UTC,"În această campanie sunt incluse cele mai căutate produse din această perioadă.
Produsele au reduceri cuprinse între 25 și 50%",Reduceri cuprinse între 25 și 50% la cele mai populare produse de pe atomico.ro,,https://www.atomico.ro/collections/oferta-lunii,
brainmarket.ro/,-10% SUMMER SALE,2026-06-30 21:00:00 UTC,2026-08-31 21:00:00 UTC,"Campania Summer Sale este activă, iar până la 31 august toate produsele de pe BrainMarket.ro beneficiază de 10% reducere, aplicată automat în coșul de cumpărături (fără cod promoțional).

Pentru această campanie am pregătit:

✅ bannere și materiale grafice în mai multe dimensiuni;
✅ vizualuri dedicate pentru social media și website;
✅ imagini de produs și materiale promoționale actualizate.

Dacă aveți nevoie de alte materiale (bannere în dimensiuni personalizate, selecții de produse, recomandări pe categorii, texte, imagini sau alte resurse pentru promovare), nu ezitați să ne contactați. Le pregătim cu plăcere.

Categorii recomandate pentru promovare în această perioadă:

☀️ Protecție solară (SPF)
💧 Electroliți și hidratare
🍵 Matcha și băuturi funcționale
💪 Suplimente BrainMax
🍪 Gustări și batoane proteice
🌿 Produse bio și superalimente

Ne dorim să construim colaborări pe termen lung și suntem deschiși la orice idee sau propunere care poate contribui la creșterea performanței campaniilor.

Vă mulțumim și vă dorim cât mai multe conversii! 💚","☀️ Vara este momentul perfect să ai grijă de tine. Iar acum ai încă un motiv să alegi BrainMarket.

🎉 În perioada 1 iulie - 31 august, beneficiezi de 10% reducere la întreaga comandă.

🏷️ Nu ai nevoie de cod de reducere, discountul se aplică automat în coșul de cumpărături.

💚 Fie că îți completezi produsele preferate sau vrei să descoperi ceva nou, acum este momentul ideal să profiți de ofertă.

👉 Profită acum de reducere și economisește 10%!",,https://www.brainmarket.ro/,Bonuses & Special Banners
petmart.ro,Cadou la achiziția unei zgărzi Foresto pentru câini sau pisici,2026-06-30 21:00:00 UTC,2026-08-30 21:00:00 UTC,"Bannere în format 1080 x 1080px, 1200 x 628px, 600 x 300px și 300 x 250px.","Protejează-ți patrupedul de purici și căpușe! Plasează o comandă de minimum 250 lei, care include o zgardă Foresto pentru câini sau pisici, și primești în coș o înghețată pentru căței de la Dr. Zoo! Livrare gratuită la easybox, la adresa de livrare sau ridicare din farmaciile PetMart. ",,https://www.petmart.ro/promotii.html#q=&idx=pm_default_products&p=0&hFR%5Bcategories.level0%5D%5B0%5D=Promotii%20%2F%2F%2F%20PROMOTII%20ANTIPARAZITARE&is_v=1,Special Banners
delaria.ro/,Transport gratuit și 15% reducere la creioane colorate pe Delaria.ro,2026-06-25 01:00:00 UTC,2026-07-24 21:00:00 UTC,"În următoarea lună, cei mai performanți 3 afiliați Delaria.ro vor beneficia de comisioane speciale, în funcție de numărul și valoarea vânzărilor confirmate:

Locul 1 – comision de 15%
Locul 2 – comision de 13%
Locul 3 – comision de 11%

Clasamentul va fi stabilit pe baza comenzilor aprobate, fără comenzile anulate sau returnate. Promovați Delaria.ro și intrați în topul celor mai performanți afiliați!","Descoperă Delaria.ro, un magazin online românesc în dezvoltare, cu rechizite școlare, produse de papetărie și birotică, articole pentru desen și creativitate, dar și jucării la prețuri competitive.

Beneficiezi de transport gratuit la comenzile de minimum 149 lei. În plus, poți folosi codul MAGIC15 pentru 15% reducere la creioanele colorate, la o comandă de minimum 69 lei.

Produsele sunt disponibile din stoc, iar comenzile sunt procesate rapid. Intră pe Delaria.ro și descoperă ofertele disponibile!","",https://www.delaria.ro/,Bonuses & Special Product Feed & Challenges
incaltamintelamoda.ro,Reduceri de până la 47% la încălțăminte din piele naturală,2026-06-24 21:00:00 UTC,2027-06-15 21:00:00 UTC,"Obiectivul campaniei este promovarea reducerilor de până la 47% la încălțămintea din piele naturală pentru bărbați și creșterea vânzărilor online.

Creațiile publicitare trebuie să evidențieze:
• Reducerile de până la 47%
• Calitatea premium a pielii naturale
• Confortul și durabilitatea produselor
• Fabricat în România
• Diversitatea modelelor disponibile

Sunt recomandate campanii Meta Ads, Google Ads, TikTok Ads și marketing afiliat orientat spre conversii. Se încurajează utilizarea de imagini și videoclipuri care prezintă produsele în utilizare reală.","Profită acum de reduceri de până la 47% la încălțămintea din piele naturală pentru bărbați! Descoperă modele moderne, confortabile și rezistente, fabricate în România, potrivite atât pentru ținutele casual, cât și pentru cele elegante.

✔ Reduceri de până la 47%
✔ Piele naturală de calitate
✔ Produse fabricate în România
✔ Confort și durabilitate pentru purtare zilnică
✔ Stocuri limitate la modelele aflate în promoție
Alege perechea preferată și economisește acum!","",https://www.incaltamintelamoda.ro/,Bonuses & Special Banners & Challenges
newpharma.ro,Summer Sale pe Newpharma,2026-06-23 21:00:00 UTC,2026-07-24 21:00:00 UTC,Any ad format. Campaign hashtags: #newpharma.ro #farmacieonline #newskin #summersale,"Promoție de vară: până la -50%
Descoperă ofertele de vară: prețuri reduse la cele mai populare produse de frumusețe și îngrijire personală. Descoperă preferatele tale la preț accesibil din gamele La Roche-Posay, Bioderma, Eucerin, CeraVe, Vichy, Mustela, Revitalash & Ducray.","",https://www.newpharma.ro/catalog/oferte-speciale,Bonuses & Special Banners & Special Product Feed
atelier49.ro,Pana la 41% Discount la Produse Artizanale din Lemn,2026-06-23 05:00:00 UTC,2026-07-31 20:45:00 UTC,Discounturile de pana la 41% sunt gata implementate pe site. Cumparatorii pot folosi codul ATELIER49 pentru un discount suplimentar de 5%. Afiliatii beneficiaza de comision de 9% la toate comenzile din luna iunie (6% standard). ,"Beneficiaza de discounturi de pana la 41% gata implementate in magazinul online la produsele artizanale din lemn, realizate de mesteri priceputi din Maramures: Cadouri, Decoratiuni, Produse pentru Casa si Bucatarie, Mobilier din Lemn Masiv, si Casute pentru Gradina. 
Foloseste cod ATELIER49 pentru a beneficia de o reducere suplimentara de 5% la valoarea cosului de cumparaturi. ",ATELIER49,https://www.atelier49.ro/articole-din-lemn,Bonuses & Special Banners & Special Product Feed & Challenges
curteaveche.ro,Pana la 90% reducere,2026-06-22 21:00:00 UTC,2026-12-30 22:00:00 UTC,"Pentru rezultate mai bune, recomandăm evidențierea procentului maxim de reducere și a caracterului limitat al stocurilor. ","Avem o nouă oportunitate de promovare pentru comunitatea ta: pe curteaveche.ro am lansat categoria Reduceri Finale, unde cititorii pot găsi cărți cu discounturi de până la 90%.

Selecția include titluri din mai multe categorii, de la psihologie, biografii și dezvoltare personală până la parenting, sănătate, ficțiune și cărți pentru copii.

Este o campanie cu un argument de vânzare foarte clar: prețuri spectaculos de mici, disponibile în limita stocului. Un moment bun pentru cititorii care vor să-și completeze biblioteca, să descopere autori noi sau să cumpere mai multe cărți cu un buget redus.
",,https://www.curteaveche.ro/c/reduceri-finale,
otter.ro,Otter Summer Sale - Pana la 60% reducere,2026-06-22 21:00:00 UTC,2026-07-28 21:00:00 UTC,Campania se desfasoara in intervalul 23.06-29.07.2026.,"Otter Summer Sale e aici. Te asteapta reduceri de pana la 60% la mii de articole de vara: sandale, papuci, mocasini, pantofi sport etc.

Pentru promovare, vă rugăm să folosiți materialele vizuale oficiale disponibile aici: https://www.dropbox.com/scl/fi/yxnfk09g5s8f1ywxkalfe/summer-sale-otter.zip?rlkey=8p2bpf2ofolpd5bxtao4seo5o&dl=0
",,https://www.otter.ro/reduceri/pentru/femei,
evolutionpowertools.ro,Promotie Cordless,2026-06-21 23:00:00 UTC,2026-07-30 23:00:00 UTC,"Promote the Evolution Cordless promotion:

🔸 Buy 2 cordless products and get 10% OFF
🔸 Buy 3 cordless products and get 15% OFF

Key messages:

Build your own cordless kit
One battery platform for multiple tools
Professional-grade performance
Compatible batteries and chargers across the cordless range
Limited-time promotion

Recommended products:

Cordless Mitre Saws
Cordless Circular Saws
Cordless Disc Cutter
Cordless Drill & Impact Driver
Batteries & Chargers

Content recommendations:

Show multiple cordless products together rather than a single tool
Highlight the savings mechanic (2 products = 10%, 3 products = 15%)
Demonstrate battery compatibility across the range
Include a clear call-to-action directing customers to shop the cordless collection

Preferred CTA:
Build Your Cordless Kit Today

Campaign hashtags:
#EvolutionPowerTools #EvolutionCordless #CordlessTools #BuildYourKit #PowerTools","🔋 Construieste-ti kitul cordless Evolution.

Cumpara 2 produse cordless si primesti 10% reducere.
Cumpara 3 produse cordless si primesti 15% reducere.

Alege orice combinatie de scule, baterii si accesorii cordless Evolution.

👉 Oferta disponibila pentru o perioada limitata.",,https://evolutionpowertools.ro/collections/scule-fara-fir-evolution,Special Banners
sanoverde.ro,Oferta Verii: 2 + 1 Gratuit la produsele SanoVerde Total!,2026-06-21 21:00:00 UTC,2026-08-30 21:00:00 UTC,"REGULA DE AUR: Promovăm transparența totală și calitatea reală. Nu avem nevoie de exagerări sau tactici agresive pentru a vinde. Produsele noastre își dovedesc eficiența prin rezultate!

🚫 FĂRĂ „VRĂJELI” SAU MIRACOLE: Este strict interzis să promiteți vindecări peste noapte, slăbiri miraculoase sau rezultate magice. Rămâneți la beneficiile reale, demonstrate, ale fitoterapiei.

🩺 ATENȚIE LA LEGE (Fără afirmații medicale): Suplimentele NU înlocuiesc medicamentele. NU folosiți cuvinte ca „vindecă”, „tratează” sau „previne”. Folosiți exclusiv termeni legali și corecți: „susține”, „ajută la”, „contribuie la” sau „adjuvant natural”.

💡 EDUCAȚIE + VÂNZARE: Clienții noștri apreciază valoarea. Când promovați un produs (de exemplu, pentru micoza unghiei sau managementul greutății), oferiți la pachet și un sfat practic de igienă sau stil de viață.

💰 BONUS DE PERFORMANȚĂ: Campania curentă 2+1 Gratuit are o rată de conversie uriașă pe site. Dacă aduci un volum constant și un trafic curat (fără tactici de tip spam), deblocăm pentru tine comisioane mărite și acces în avans la viitoarele lansări de produse!","Crește-ți comisioanele în această vară cu o promoție pe înțelesul tuturor: clienții cumpără oricare 2 suplimente naturale de pe site-ul nostru, iar pe al 3-lea îl primesc complet Gratuit!

Este cel mai simplu argument de vânzare pentru audiența ta: valoare maximă, sănătate naturală și un preț imbatabil. Oferta este activă pe site, rata de conversie este excelentă, iar comisioanele tale cresc rapid. Promovează link-ul tău de afiliat și profită de campanie!","",https://sanoverde.ro/produsele-noastre/,
estel.ro ,Prinde soarele in parul tau si reducerea de 25%,2026-06-18 21:00:00 UTC,2026-07-18 23:00:00 UTC,baners,"Vara înseamnă soara, vacanță și relaxare. Ne bucurăm de zile lungi, plajă, piscină și escapade în natură. Însă, în timp ce noi profităm de sezonul cald, părul nostru este expus zilnic la soare, temperaturi ridicate, apă sărată și clor.

Pentru a-și păstra frumusețea, elasticitatea și strălucirea, părul are nevoie de protecție și hidratare suplimentară.
25% REDUCERE la toate produsele pentru hidratare și îngrijire de vară
Alege produsele potrivite pentru a proteja părul împotriva razelor UV, a prevenirii deshidratării și a menținerii unui aspect sănătos pe tot parcursul verii.",,https://www.estel.ro/ro/promotions,Special Banners
incaltamintelamoda.ro,Reducere la încălțăminte bărbătească din piele naturală – Cod LAMODA,2026-06-16 21:00:00 UTC,2036-06-17 21:00:00 UTC,"Detalii cod:
•	Cod: LAMODA 
•	Reducere: 5%
•	Comandă minimă: Nu există
•	Produse incluse: Toate produsele din magazin
•	Compatibilitate: Reducerea se aplică indiferent de promoțiile existente
•	Valabilitate: Pe întreaga perioadă a colaborării
Ne angajăm să susținem această reducere de 5% pentru toată durata colaborării, pentru toate produsele din magazin, indiferent de promoțiile active.
Ne-ar face plăcere să colaborăm și să dezvoltăm împreună un parteneriat de succes.
Cu stimă,
Echipa Încălțăminte La Modă
www.incaltamintelamoda.ro
","Descoperă colecția Incaltamintelamoda.ro și profită de ofertă folosind codul LAMODA. Toate produsele sunt realizate din piele naturală și fabricate în România, fiind create pentru confort, rezistență și un aspect elegant.

✔ Încălțăminte bărbătească din piele naturală
✔ Produse fabricate în România
✔ Modele potrivite pentru ținute casual și elegante
✔ Livrare rapidă din stoc
✔ Raport excelent calitate-preț

Folosește codul LAMODA la finalizarea comenzii și bucură-te de oferta specială disponibilă în această campanie.
Detalii cod:
•	Cod: LAMODA 
•	Reducere: 5%
•	Comandă minimă: Nu există
•	Produse incluse: Toate produsele din magazin
•	Compatibilitate: Reducerea se aplică indiferent de promoțiile existente
•	Valabilitate: Pe întreaga perioadă a colaborării
Ne angajăm să susținem această reducere de 5% pentru toată durata colaborării, pentru toate produsele din magazin, indiferent de promoțiile active.
Ne-ar face plăcere să colaborăm și să dezvoltăm împreună un parteneriat de succes.
Cu stimă,
Echipa Încălțăminte La Modă
www.incaltamintelamoda.ro",LAMODA,https://www.incaltamintelamoda.ro,Bonuses & Special Banners & Challenges
edituradiana.ro,Provocarea celor 15 minute: Poate LOGICO® să devină noul joc preferat al copilului tău?,2026-06-15 21:00:00 UTC,2026-08-30 21:00:00 UTC,"Campanie: Provocarea celor 15 minute: Poate LOGICO® să devină noul joc preferat al copilului tău?

Perioada recomandată: Vacanța de vară (iunie – septembrie)

Public țintă
Părinți ai copiilor cu vârste între 3 și 8 ani
Educatori și învățători
Bunici care caută cadouri educative
Comunități și grupuri dedicate parentingului și educației
Mesaje-cheie
Alternativă educativă la timpul petrecut în fața ecranelor
Doar 15 minute pe zi pentru dezvoltarea gândirii logice și a concentrării
Ideal pentru vacanțe, călătorii și activități în aer liber
Învățare prin joacă și descoperire
Sistem educativ utilizat internațional de peste 25 de ani
Unghiuri de promovare recomandate
„15 minute fără ecrane”
„Jocul perfect pentru vacanța de vară”
„Activitate educativă pentru drumurile lungi și concedii”
„Cum îți menții copilul activ și curios în vacanță”
„Pregătire pentru școală prin joacă”
„Un joc care crește odată cu copilul”
Call-to-Action recomandate
Acceptă Provocarea celor 15 minute!
Descoperă colecția LOGICO®
Începe aventura învățării prin joacă
Testează LOGICO® vara aceasta
Vezi care variantă se potrivește copilului tău
Materiale promoționale

Bannerele și materialele grafice dedicate campaniei sunt disponibile în secțiunea Bannere din platforma 2Performant.

Recomandări de conținut

Încurajăm crearea de:

articole de blog;
review-uri de produs;
postări Facebook și Instagram;
reels și videoclipuri scurte;
newslettere pentru comunitățile de părinți;
recomandări în grupuri de parenting și educație.

Puneți accent pe beneficiile practice pentru perioada vacanței de vară și pe avantajul major al jocului: învățare fără ecrane, oriunde și oricând. ☀️📚🧩","Provocarea celor 15 minute: Poate LOGICO® să devină noul joc preferat al copilului tău?

Vara aceasta, oferă-i copilului o alternativă inteligentă la timpul petrecut în fața ecranelor! LOGICO® transformă doar 15 minute de joacă într-o experiență educativă captivantă, care dezvoltă gândirea logică, concentrarea, atenția și capacitatea de rezolvare a problemelor.

Dezvoltat în Germania și utilizat de peste 25 de ani în întreaga lume, LOGICO® este un sistem educativ interactiv destinat copiilor între 3 și 8 ani. Cu exerciții atractive și autocorectare integrată, copiii învață prin descoperire și joacă, în ritmul lor.

✔ Fără ecrane
✔ Ideal pentru vacanță și călătorii
✔ Potrivit pentru acasă, grădiniță și școală
✔ Dezvoltă abilități esențiale pentru învățare

Acceptă provocarea și descoperă dacă LOGICO® poate deveni noul joc preferat al copilului tău! ☀️📚🧩","",https://www.edituradiana.ro/carti-si-resurse-didactice-logico-cel-mai-indragit-joc,Special Banners
lenjeriapufoasa.ro,"Cumperi mai mult, plătești mai puțin!",2026-06-13 21:00:00 UTC,2026-08-30 21:00:00 UTC,"🛍️ Cumperi mai mult, plătești mai puțin!
✅ 5% reducere la achiziția oricăror 2 produse
✅ 10% reducere la achiziția oricăror 3 produse
📦 Livrare rapidă în toată țara
✨ Produse de calitate, atent selecționate
👉 Comandă acum pe: www.lenjeriapufoasa.ro","🛍️ Cumperi mai mult, plătești mai puțin!
✅ 5% reducere la achiziția oricăror 2 produse
✅ 10% reducere la achiziția oricăror 3 produse
📦 Livrare rapidă în toată țara
✨ Produse de calitate, atent selecționate
👉 Comandă acum pe: www.lenjeriapufoasa.ro","",https://www.lenjeriapufoasa.ro/produse,
hairify.ro,15% Discount la fibrele de păr din cheratină pentru păr rar și chelie,2026-06-12 21:00:00 UTC,2026-12-30 22:00:00 UTC,Contact us for more information,"Ai 15% reducere la fibrele de păr Hairify – soluția instant pentru a masca zonele cu păr rar sau chelie.

Ce sunt fibrele de păr?
Sunt microparticule din keratină naturală (exact proteina din care este compus și părul tău). Datorită unei încărcări electrostatice, ele se prind ca niște magneți microscopici de firele tale subțiri, îngroșându-le instantaneu. Scalpul devine invizibil, iar părul tău capătă un volum complet natural.

De ce este o ofertă de neratat?

15% Discount la prima ta comandă.

Efect vizual imediat, rezistent la vânt și transpirație.

Aspect 100% indetectabil – nimeni nu va ști secretul tău.

Transformă-ți look-ul și recapătă-ți încrederea chiar azi!",BL2016,https://hairify.ro/products/hairify-fibre-de-par,Bonuses & Special Banners & Challenges
carturesti.ro ,Campionatul Mondial de Fotbal 2026,2026-06-10 21:00:00 UTC,2026-07-18 21:00:00 UTC,"Sigur te pregătești de atmosfera unui nou Campionat Mondial de Fotbal. Vorbești despre el, ai stabilit deja unde și cu cine vezi meciurile seara, la televizor, începând cu 11 iunie. Și dacă tot am amintit de atmosferă atunci vino pe carturesti.ro și în librării să vezi ce ți-am pregătit: cărți despre fotbal, jocuri și figurine cu eroii tăi fotbaliști, dar și seturi LEGO pe care sigur ți le dorești. Mai mult, avem și caiete cu echipa națională.


Respirăm fotbal în perioada 11 iunie - 19 iulie în librării și pe carturesti.ro. Te așteptăm!","Sigur te pregătești de atmosfera unui nou Campionat Mondial de Fotbal. Vorbești despre el, ai stabilit deja unde și cu cine vezi meciurile seara, la televizor, începând cu 11 iunie. Și dacă tot am amintit de atmosferă atunci vino pe carturesti.ro și în librării să vezi ce ți-am pregătit: cărți despre fotbal, jocuri și figurine cu eroii tăi fotbaliști, dar și seturi LEGO pe care sigur ți le dorești. Mai mult, avem și caiete cu echipa națională.

Respirăm fotbal în perioada 11 iunie - 19 iulie în librării și pe carturesti.ro. Te așteptăm!",,https://carturesti.ro/offer/campionatul-mondial-de-fotbal-2026-6606,Special Banners
vetro.ro,Epilare - ceara si accesorii,2026-06-09 21:00:00 UTC,2026-08-30 21:00:00 UTC,Reduceri la o selectioe de produse din categoria epilare si accesorii epilare. ,Produse de epilat eficiente si de inalta calitate. Alegerea unor produse de epilat adecvate poate face diferenta in furnizarea serviciilor de inalta calitate in domeniul esteticii.,,https://www.vetro.ro/cosmetica-spa/ceara-si-accesorii-depilare,
trendyup.ro/,Women fashion bag/ Gentii dama ,2026-06-09 21:00:00 UTC,2026-12-31 22:00:00 UTC,"Găsești bannere gata de utilizat direct în secțiunea Bannere. Promovează oferta noastră 2 genți, iar a doua la 50% și transport gratuit peste 250 RON, acestea convertesc foarte bine!","Ofertă specială la TrendyUp!
Cumperi 2 genti, a doua geanta la 50%
La comenzi de peste 250 lei, livrarea este gratuită!
O ocazie perfectă să îți reînnoiești colecția sau să faci un cadou drag cuiva! ",,https://trendyup.ro/collections/genti,Special Banners
mobonline.ro,"Summer Sale — cele mai cool oferte, până la -54% ☀️",2026-06-06 21:00:00 UTC,2026-07-30 21:00:00 UTC,"❄️ Unghiul de vară (cel mai puternic acum):
• Saltele Bedora Ice Touch — față vara/iarnă, rating 4.9–5.0, reduceri -31%…-52%. Mesaj câștigător: „dormi răcoros în nopțile de vară"".
• Toppere Arctic Cool Gel — cool gel, rating 5.0, preț mic (de la 479 lei) = conversie ușoară.
🔥 Cârlig de preț (cele mai mari reduceri):
• Saltea Bedora Aloe Vera Arcuri Învelite — până la -54%, rating 4.9, multe recenzii. Vedeta ofertelor.
💰 Valoare mare pe comandă (comision mai bun la o vânzare):
• Saltea Green Future Hotel Line Deluxe (3599 → 1899, -47%, rating 5.0) și mobilier (canapele 4499–4999 lei). Coș mare = comision mai mare dintr-o singură vânzare.","Dormi răcoros în nopțile toride de vară — Summer Sale la mobonline
Verile sunt tot mai calde, iar nopțile nedormite din cauza căldurii ne fură energia. Vestea bună: în Summer Sale la mobonline găsești saltele și toppere create special pentru confort termic — cu reduceri de până la -54%, valabile până la 31 iulie.
❄️ Vedeta sezonului — Salteaua Bedora Ice Touch: cu față de vară/iarnă, memory foam și cocos, te ține răcoros exact când ai nevoie. (de la 939 lei, până la -52%)
❄️ Topper Bedora Arctic Cool Gel: un plus de prospețime fără să schimbi salteaua, cu spumă memory cool gel. (de la 479 lei)
🔥 Cea mai mare reducere — Salteaua Bedora Aloe Vera: arcuri învelite, una dintre cele mai apreciate de clienți, acum până la -54%. (de la 839 lei)
Stoc limitat — profită până la 31 iulie!",,https://www.mobonline.ro/best-deals/,
nobilacasa.ro,Campanie exclusivă afiliați — Cod PROMO15 (-15%),2026-06-04 21:00:00 UTC,2026-07-30 21:00:00 UTC,"Menționați codul PROMO15 și perioada campaniei (4 iunie – 31 iulie 2026)
Link obligatoriu: https://www.nobilacasa.ro/
Codul nu se cumulează cu alte coduri sau vouchere active
Valabil doar pentru produsele cu preț întreg
Codul nu poate fi folosit la achiziționarea cardurilor cadou","Promovați codul PROMO15 care oferă -15% reducere la toate produsele cu preț întreg, fără valoare minimă de comandă, valabil exclusiv online pe nobilacasa.ro, în perioada 4 iunie – 31 iulie 2026.
Această campanie este exclusivă pentru afiliații noștri — codul nu este comunicat public.
Produse recomandate pentru promovare (sezon estival):

☀️ Stanley — termosuri și sticle pentru băuturi reci ori calde, perfecte pentru vară
🧊 Polarbox — cutii frigorifice / lăzi izoterme pentru plajă, picnic și drumeții
🥤 Accesorii pentru hidratare și răcoare on-the-go

Idei de cadouri — pachete tematice gata de promovat:

🌞 „Summer Ready"" — termos Stanley + cutie frigorifică Polarbox. Pachetul perfect pentru plajă, picnic și road-trip. Cadoul ideal de vară.
🏡 „Casă Nouă"" — set de veselă + tacâmuri premium + decor. Pentru inaugurări și cupluri proaspăt mutate. Elegant și de folos zilnic.
🎂 „La mulți ani!"" — o piesă-statement Stanley sau un set premium de veselă. Cadou practic, dar care arată că ți-ai dat silința.
☕ „Morning Person"" — termos Stanley + accesorii pentru cafea/ceai. Pentru cei care nu funcționează fără cafeaua de dimineață.
🎁 „Doar pentru că"" — accesorii și decor premium pentru casă. Mereu o alegere sigură, indiferent de ocazie.

Cerințe:

Menționați codul PROMO15 și perioada campaniei (4 iunie – 31 iulie 2026)
Link obligatoriu: https://www.nobilacasa.ro/
Codul nu se cumulează cu alte coduri sau vouchere active
Valabil doar pentru produsele cu preț întreg
Codul nu poate fi folosit la achiziționarea cardurilor cadou",PROMO15,https://www.nobilacasa.ro/colectii/cool-stuff/,
librarie.net,Târgul de Vară 2026,2026-06-03 21:00:00 UTC,2026-08-30 21:00:00 UTC,-,"Buna ziua,

In perioada 5 iunie - 31 august 2026, LIBRARIE.net organizeaza o campanie de vara cu peste 10.000 titluri incluse in promotie, link mai jos:

https://www.librarie.net/c/4621/t%C3%A2rgul-var%C4%83-2026

Spor la conversii,
Echipa LIBRARIE.net
",,https://www.librarie.net/c/4621/t%C3%A2rgul-var%C4%83-2026,
pickndazzle.com/ ,CHOCOSUMMER BOX 26 – Produse premium de peste 900 lei la doar 179 lei ☀️,2026-05-31 21:00:00 UTC,2026-07-30 21:00:00 UTC,"Promovati CHOCO SUMMER BOX 26 ca una dintre cele mai asteptate cutii de beauty ale verii ☀️

Aspectele principale ale campaniei:
– 6 produse premium (5 produse full-size + 1 cadou exclusiv)
– Valoare produse de peste 900 lei
– Pret final: 179 lei
– Accent pe raportul foarte mare valoare vs pret","Descopera una dintre cele mai asteptate cutii Pick N Dazzle ale verii – CHOCO SUMMER BOX 26 ☀️

O selectie premium cu 6 produse full-size + cadou exclusiv, creata pentru bronz perfect, piele radianta si glow de vara.

🤍 Valoare produse: peste 900 lei
🤍 Pret final: doar 179 lei

In cutie vei gasi:
HIT! 🍫 COCOSOLIS CHOCO Suntan & Body Oil (110 ml) — Probabil cel mai iubit produs COCOSOLIS. Accelereaza bronzul, hraneste pielea si lasa aroma iconica de ciocolata de vara.

EXCLUSIV! ☀️ AVANT crema cu protectie solara SPF50 (50 ml) — noua crema cu protectie solara premium pentru fata, cu SPF50 si ceramide. Protejeaza impotriva razelor UVA/UVB, hidrateaza intens si ajuta la prevenirea foto-imbatranirii.

NOU! 🥥 LABOR8 Gel de dus cu ulei de Marula (250 ml) — Gel de dus cu 97% ingrediente de origine naturala, infuzat cu ulei de Marula – “Aurul Lichid al Naturii”. Curata delicat si lasa pielea catifelata si hidratata.

NOU! ✨ STARSKIN Masca de fata cu colagen si PDRN — Masca hidrogel cu PDRN, colagen si acid hialuronic pentru efect “glass skin”. Hidrateaza intens, reda fermitatea si lasa pielea fresh si luminoasa.

NOU! 💛 PAESE Eyegasm Natural Mascara — mascara pentru volum intens, gene definite si efect natural, cu formula hranitoare si negru intens.

CADOU 🎁 SENTIER Noor Riviera 10 ml — Parfum francez elegant si solar, cu note de flori de mar, iasomie, gardenie si patchouli.

✨ Perfecta pentru vacanta, plaja, piscina si rutina de vara.

➕ Extra:
– 10% reducere la 2 sau mai multe cutii cu codul 10

Stoc limitat.",10,https://www.pickndazzle.com/ro/cutii-tematice,
niculescu.ro,Campania de Vara (Summer Deals) 2026 - Reduceri de pana la 80% la carti minunate ,2026-05-31 21:00:00 UTC,2026-08-30 21:00:00 UTC,"Campania de Vara (Summer Deals) 2026 - Reduceri de pana la 80% 

In perioada 1 IUNIE - 31 AUGUST 2026, Editura NICULESCU deruleaza pe www.niculescu.ro o campanie de reduceri exceptionale, de pana la 80%, la sute de titluri minunate din domenii precum: Carti pentru copii, Atlase si Enciclopedii, Self-Help (Dezvoltare personala, Sanatate, Parenting), Fictiune (romane de dragoste sau thrillere) etc. 

Oferta este extrem de atractiva si disponibila la adresa: 
https://www.niculescu.ro/domenii/promotiile-lunii.html 

Alege si tu sa ne promovezi in perioada urmatoare! 

Iti punem la dispozitie un set de bannere si feed-ul de produse. 

Spor la vanzari! 

Echipa Niculescu.ro","Campania de Vara (Summer Deals) 2026 - Reduceri de pana la 80% 

In perioada 1 IUNIE - 31 AUGUST 2026, Editura NICULESCU deruleaza pe www.niculescu.ro o campanie de reduceri exceptionale, de pana la 80%, la sute de titluri minunate din domenii precum: Carti pentru copii, Atlase si Enciclopedii, Self-Help (Dezvoltare personala, Sanatate, Parenting), Fictiune (romane de dragoste sau thrillere) etc. 

Oferta este extrem de atractiva si disponibila la adresa: 
https://www.niculescu.ro/domenii/promotiile-lunii.html","",https://www.niculescu.ro/domenii/promotiile-lunii.html,
atomico.ro ,PromoVARA cu reduceri de până la 55% la produsele selectate pentru casă și grădină,2026-05-31 21:00:00 UTC,2026-08-31 20:45:00 UTC,Reduceri de până la 55% la produsele selectate.,Mai multe proiecte cu mai puține cheltuieli.,,https://www.atomico.ro/collections/promovara,Special Banners
elindor.ro/,10% reducere extra pentru afiliatii Elindor 😊,2026-05-26 10:00:00 UTC,2026-07-24 22:45:00 UTC,"✔ Promovati oferta folosind linkurile de afiliere 2Performant

✔ Cod activ: ELINDORHOME10 – 10% reducere pentru comenzile peste 100 lei

✔ Categoriile cu potential bun de conversie sunt: home, lifestyle, auto, beauty, pet si kids

✔ Suntem deschisi pentru colaborari pe termen lung cu afiliatii activi 😊

✔ Daca aveti nevoie de recomandari de produse, coduri dedicate sau suport pentru campanii, ne puteti contacta oricand ","✔ 10% reducere pentru comenzile peste 100 lei

✔ Produse din categoriile home, beauty, auto, pet si lifestyle

✔ Cod dedicat pentru cresterea conversiilor

✔ Produse cu potential bun de vanzare

✔ Livrare rapida si suport dedicat 😊

Foloseste codul de reducere impreuna cu linkurile de afiliere 2Performant",ELINDORHOME10,https://elindor.ro/collections/produse-casa-si-gradina,Special Banners & Special Product Feed
obio.ro,Spirulina CADOU la comenzi de peste 300 de lei,2026-05-21 21:00:00 UTC,2026-08-30 21:00:00 UTC,"Incepand cu 22 Mai 2026, orice comanda de minim 300 de lei beneficiaza in mod gratuit de Spirulina tablete bio 125g Obio.

Promotie este valabila pana la epuizarea stocului. ","Incepand cu 22.05.2026, primesti CADOU Spirulina tablete bio 125g Obio la orice comanda de minim 300 de lei. 
Promotie valabila pana la epuizarea stocului. ",,https://www.obio.ro/?utm_source=banner&utm_medium=DSK&utm_campaign=SpirulinaCadou&_gl=1*xeev6y*_up*MQ..*_ga*MTM4NTYyNTc0Mi4xNzgwNjUzMTA2*_ga_7L4X770427*czE3ODA2NTMxMDUkbzEkZzEkdDE3ODA2NTMzMzgkajYwJGwwJGg3ODYxMTE4MTg.,Special Banners
librarie.net,Book-Half. Minim 50% Reducere la peste 800 de titluri (15.05.2026 - 31.08.2026),2026-05-15 21:00:00 UTC,2026-08-30 21:00:00 UTC,-,"Book-Half a început pe Librarie.net! 
Avem peste 800 de titluri cu reduceri de minimum 50%.

Fie că vânezi un bestseller, vrei să pregătești lecturile de vacanță ale copiilor sau cauți acel titlu de dezvoltare personală care să te motiveze, acum le iei la preț de outlet.

✅ Peste 800 de titluri la -50% sau mai mult 
✅ Toate genurile literare incluse 
✅ Stocuri care se epuizează rapid

Link campanie:

https://www.librarie.net/c/4628/minim-50-reducere

Spor la conversii!

Echipa LIBRARIE.net",,https://www.librarie.net/c/4628/minim-50-reducere,
librarie.net,Bursa Cărților Ieftine: Ediția sub 15 lei (15 mai 2026 - 31 august 2026),2026-05-15 21:00:00 UTC,2026-08-30 21:00:00 UTC,"Campanie excelenta pentru campania de premiile de sfarsit de an scolar, contine majoritatea editurilor cu profil de lectura pentru vacanta.","A început Bursa Cărților Ieftine și prețurile au scăzut sub pragul de 15 lei! 

De la povești pentru copii și auxiliare școlare, până la romane captivante,  campania contine peste 2000 de titluri care costă mai puțin decât o cafea to-go.

✅ Mii de cărți sub 15 lei
✅ Ideal pentru cadouri și provizii de lectură pentru vacanță
✅ Stocuri suficiente la prețurile astea!

Link campanie:

https://www.librarie.net/c/4637/bursa-c%C4%83r%C8%9Bilor-ieftine-edi%C8%9Bia-sub-15

Spor la conversii!

Echipa LIBRARIE.net",,https://www.librarie.net/c/4637/bursa-c%C4%83r%C8%9Bilor-ieftine-edi%C8%9Bia-sub-15,
manukashop.ro,Transport gratuit la orice comanda!,2026-05-11 21:00:00 UTC,2027-01-30 22:00:00 UTC,"Transportul va fi lasat gratuit la orice comanda pe toata perioada anului 2026 deci puteti ajusta campaniile dvs pentru tot anul avand acest avantaj.  Exista si discounturi zilnice in functie de produs , pret aplicat direct pe site. ","Transport gratuit la orice comanda si discounturi zilnice si dinamica pe site.  Nu este necesar cupon, transportul e gratuit automat si discounturile aplicate deja la pret produs pe site direct.  Va multumim.","",https://manukashop.ro,
zephyrlabs.ro,Promotie -33% Mai - Septembrie pentru oricare 2 produse identice de la Melegatti Pharma,2026-05-08 21:00:00 UTC,2026-09-29 21:00:00 UTC,"Aceasta promotie nu are limita de utilizare
In landing page-ul site-ului https://www.zephyrlabs.ro/ se afla banner-ul ce semnaleaza promotia, iar landing page-ul pentru produsele la promotie se afla aici https://www.zephyrlabs.ro/promo-ianuarie-aprilie","Promotie -33% reducere in lunie Mai - Septembrie pentru oricare 2 produse identice de la Melegatti Pharma, nu este necesara aplicarea unui voucher pentru aceasta promotie.",,https://www.zephyrlabs.ro/promo-ianuarie-aprilie,
paa-home.ro,Livrare Gratuita la comenzi de peste 350 lei,2026-05-04 21:00:00 UTC,2026-12-31 21:45:00 UTC,Livrare Gratuita la comenzi de peste 350 lei,"Ai nevoie de consumabile pentru aspiratorul tău? Comandă de pe paa-home.ro și beneficiezi de Transport Gratuit la toate comenzile de peste 350 lei!

Avem în stoc accesorii compatibile pentru cele mai populare branduri:
👉Roboți: Roborock (S8, S7, S5), Xiaomi, Dreame, Viomi.
👉Verticale: Dyson, Rowenta, Jimmy, Tineco.
👉Purificatoare și umidificatoare: Filtre dedicate pentru aer curat.

Profită de livrarea rapidă în 24-48h și asigură-te că aparatele tale funcționează ca noi!",,https://paa-home.ro/,
craftup.ro ,EXTRA reducere CraftUp -15% la minim 3 produse achizitionate din selectie,2026-05-04 21:00:00 UTC,2026-10-31 21:45:00 UTC,EXTRA reducere CraftUp -15% la minim 3 produse achizitionate din selectie,"Pregătește-te pentru proiectele tale creative cu o ofertă de nerefuzat la CraftUp! Creează-ți propriul pachet personalizat și economisești mai mult.

Alege oricare 3 produse din selecția noastră specială — de la ambalaje premium și sacoșe din iută, până la decorațiuni handmade și felicitări — și primești o reducere EXTRA de 15%. Reducerea se aplică automat în coșul de cumpărături imediat ce pachetul tău este complet.
👉Selecție variată: Ambalaje, stickere, felicitări și accesorii DIY.
👉Reducere Automată: Fără coduri de voucher, direct în coș.
👉Livrare Rapidă: Produse expediate rapid din stoc propriu.",,https://craftup.ro/pages/pachete-produse,
jollymag.ro/,Reducere 10% la tot cosul,2026-05-03 21:00:00 UTC,2026-12-30 22:00:00 UTC,Promotie valabila pentru toate produsele din jollymag.ro!,"Reducere 10% la tot cosul de cumparaturi, indiferent de valoare si indiferent daca produsele sunt deja reduse! Foloseste codul voucher JOLLY10 la finalizarea comenzii, valabil exclusiv pe www.jollymag.ro",JOLLY10,https://jollymag.ro/brand/680-jollymag,
craftup.ro ,Solutii Premium de Ambalare: Pungi si Sacose pentru orice ocazie cu preturi de la 11 lei/set,2026-04-26 21:00:00 UTC,2026-09-30 20:45:00 UTC,Solutii Premium de Ambalare: Pungi si Sacose pentru orice ocazie cu preturi de la 11 lei/set,"Descopera colectia de pungi si sacose de pe Craftup.ro, solutia ideala pentru ambalarea eleganta si sustenabila a produselor tale. Oferta noastra include de la pungi de hartie si cadou, pana la variante stand-up premium si sacose textile reutilizabile, perfecte pentru retail sau evenimente. Fiecare model este conceput sa imbine estetica cu rezistenta, oferind o prezentare impecabila cadourilor sau marfurilor tale. Alegand ambalajele noastre eco-friendly, adaugi un plus de valoare brandului tau si respect fata de mediu. Exploreaza gama diversificata si gaseste dimensiunea sau stilul potrivit pentru orice ocazie. ",,https://craftup.ro/collections/pungi-si-sacose,
doctorshield.ro/,"Livrare si retur GRATUIT la orice comanda de gratare, paturi, birouri si scaune de gaming",2026-04-26 21:00:00 UTC,2026-09-30 20:45:00 UTC,"Livrare si retur GRATUIT la orice comanda de gratare, paturi, birouri si scaune de gaming","Modernizeaza-ti spatiul cu solutiile profesionale de la Doctor Shield, unde calitatea intalneste confortul absolut. De la birouri reglabile si scaune gaming ergonomice, pana la incalzitoare de terasa si mic mobilier, oferim tot ce ai nevoie pentru un stil de viata eficient. Beneficiezi de transport si retur gratuit la toate comenzile, eliminand orice grija suplimentara. In plus, prin parteneriatul cu TBI Bank, poti achizitiona produsele dorite acum si sa le platesti mai tarziu in 6 pana la 60 de rate, cu aprobare 100% online. Profita de livrarea rapida si transforma-ti mediul de lucru sau de relaxare cu dotari de top, accesibile oricui. Exploreaza gama noastra diversificata si alege performanta fara compromisuri!",,https://doctorshield.ro/,
autobob.ro,Pachete revizie auto cu reducere de pana la -35%,2026-04-26 21:00:00 UTC,2026-10-31 21:45:00 UTC,Pachete revizie auto cu reducere de pana la -35%,"Incepe sezonul drumurilor lungi, iar masina ta merita toata atentia pentru a te purta in siguranta spre fiecare destinatie. Pe Autobob.ro am reunit excelenta marcilor de top precum Motul, Castrol si Mann-Filter in pachete de revizie complete, create special sa ofere motorului tau protectia si performanta de care are nevoie.

Indiferent daca esti la volanul unui Audi , al unui BMW sau al unui Ford, gasesti acum solutia ideala gata configurata. Poti uita de cautarile nesfarsite dupa coduri de piese, deoarece am pregatit totul intr-un singur loc, cu reduceri ce depasesc 35%. De la pachete economice pentru Opel la doar 152 lei, pana la kituri profesionale pentru transmisii DSG, calitatea este acum accesibila si livrata rapid, direct din stoc.

Alege sa economisesti timp si bani fara sa faci compromisuri la calitatea pieselor. Intra pe site, selecteaza marca masinii tale si profita de ofertele momentului. Masina ta iti va multumi la fiecare kilometru parcurs cu un consum optim si o functionare impecabila.

Autobob — Piese de incredere pentru calatorii fara griji.",,https://www.autobob.ro/pachete-revizie,
afisport.ro,Extragarantie 2+3 ani la Biciclete Afisport.ro,2026-04-05 21:00:00 UTC,2026-09-29 21:00:00 UTC,Sunt active bannere de campanie in diverse formate,"Oferă audienței tale mai mult decât un discount: 3 ani fără costuri de service.

Campania AFISPORT „Garanție Extinsă 2+3 Ani” elimină una dintre cele mai mari bariere de cumpărare – costurile post-achiziție.

✔ crește încrederea
✔ crește rata de conversie
✔ diferențiator puternic în piață

Ideal pentru promovare pe segmente: MTB, City, copii, gravel.

📅 Campanie limitată: 1 aprilie – 30 septembrie
👉 Vezi detalii complete despre campanie: https://afisport.ro/extragarantie","",https://afisport.ro/biciclete-mtb/,Special Banners
expomob.ro,Reduceri de pana la -70% la Outlet Expomob,2026-03-30 21:00:00 UTC,2026-10-31 21:45:00 UTC,Reduceri de pana la -70% la Outlet Expomob,"Este momentul perfect sa iti transformi locuinta intr-un spatiu modern si primitor, profitand de preturile de Outlet cu reduceri de pana la -70% la mobila. La Expomob, punem pret pe traditia romaneasca si pe calitatea oferita de peste 30 de ani de experienta, motiv pentru care iti punem la dispozitie piese de mobilier variate, de la canapele confortabile si dormitoare relaxante, pana la seturi de bucatarie si decoratiuni chic.

Nu lasa timpul sa treaca, deoarece stocurile sunt limitate si cele mai bune oferte dispar primele! Poti alege dintr-o gama larga de produse cu livrare ultra-rapida in doar 48 de ore oriunde in Romania, astfel incat sa te bucuri de noua ta mobila. 

Viziteaza acum sectiunea de Outlet pe expomob.ro si alege calitatea fabricata in Romania la cele mai mici preturi din an!",,https://www.expomob.ro/outlet-mobila,
femieko.ro,Economisește până la 25% cu Abonamentul Femi.Eko – Protecție lunară fără griji,2026-03-15 22:00:00 UTC,2026-12-30 22:00:00 UTC,"Promovați Abonamentul Femi.Eko® evidențiind comoditatea și economiile pentru clienți: livrarea automată lunară a produselor preferate, până la 25% reducere la fiecare comandă și 10% reducere extra la prima comandă cu codul SUB10. Scoateți în evidență produsele sigure și naturale, din bumbac organic certificat, și flexibilitatea abonamentului, care poate fi modificat, pus pe pauză sau anulat oricând. Folosiți link-ul oficial https://femieko.ro/pages/abonamente-femieko
 în toate materialele, testați mesaje de tip “problema → soluția noastră” și concentrați-vă pe beneficii reale pentru a maximiza conversia.","Promovează Abonamentul Femi.Eko® ca soluția care aduce comoditate și economii lunare clienților: livrarea automată a produselor preferate, până la 25% reducere și 10% reducere extra la prima comandă cu codul SUB10. Fiecare influencer înscris în campanie primește produsele direct acasă, pentru a le testa și a le promova autentic. Arată cum te ajută abonamentul în rutina ta lunară și evidențiază produsele sigure și naturale, din bumbac organic certificat, precum și flexibilitatea abonamentului, care poate fi modificat, pus pe pauză sau anulat oricând. Include întotdeauna link-ul către pagina de abonament https://femieko.ro/pages/abonamente-femieko
 și codul SUB10 în postări sau stories.",SUB10,https://femieko.ro/pages/abonamente-femieko,Bonuses & Special Banners
craftup.ro ,Reduceri de pana la -66% la ambalaje de cadou si accesorii produse handmade,2026-03-08 22:00:00 UTC,2026-09-30 20:45:00 UTC,Oferta este valabila in limita stocului disponibil!,"Reduceri de pana la -66% la produsele tale preferate! 🎨
Este momentul perfect sa iti refaci stocurile sau sa gasesti ambalajul ideal pentru cadourile tale. Am pregatit o selectie de produse pentru impachetat, accesorii handmade si organizare, acum la preturi mult mai mici.
Ce poti gasi in oferta noastra:
Pungi si sacose de hartie: Diverse culori (roz, albastru, kraft) ideale pentru cadouri elegante.
* *Ambalaje textile: Saculeti din tesatura cu sfoara (set 50 buc), perfecti pentru marturii sau bijuterii.
Etichete: Rola de 500 stickere ""Thank you"" sau ""Handmade"" si etichete din carton pentru un aspect profesional.
Cutii si organizare: Cutii din hartie cu sertar sau cutii transparente din plastic.
* *Accesorii: Magneti, benzi satinate colorate si sticlute reutilizabile cu spray sau roll-on.
Oferta este valabila in limita stocului disponibil! Preturile incep de la doar 0,69 lei.

Nu mai sta pe ganduri si profita de preturile speciale pentru a oferi proiectelor tale acea nota finala impecabila.",,https://craftup.ro/collections/oferte,
112coffee.com,10% DISCOUNT on first coffee order,2026-02-17 22:00:00 UTC,2026-12-30 22:00:00 UTC,"Hello,
We would like to inform you that we have an ongoing campaign on our website dedicated to new customers.
We offer 10% off the first order upon newsletter subscription.
Details:
– The discount applies only to coffees that are not already on promotion
– Valid for an unlimited period
– One-time use per newly registered email address
This is a permanent offer designed to support first-time conversions.
","We’ve got something special for you.
Subscribe to our newsletter and enjoy 10% discount on your first order of specialty coffee.
✔ Valid on all coffees not already discounted
✔ Available for an unlimited time
✔ One-time use per newly registered email
It’s the perfect excuse to discover your next favorite origin.
Join, sip, and enjoy the difference.",,https://112coffee.com,
advertisertest.eu/production/test944,testCampaign,2026-02-09 22:00:00 UTC,2027-03-31 21:00:00 UTC,asd,asd,123,,Bonuses & Special Banners & Special Product Feed & Challenges
femieko.ro,Provocarea Femieko 2026 – Câștigă premii și comision de 19%!,2026-01-31 22:00:00 UTC,2026-12-30 22:00:00 UTC,"Instructions for Marketers:

Obiectiv: Generarea de comenzi pe website-ul Femieko prin campanii digitale (ads, email marketing, social media).

Comision: 19% pentru fiecare comandă realizată.

Coduri de reducere: Disponibile la cerere; trebuie integrate în campanii pentru a crește conversiile.

Produse pentru testare: Disponibile pentru marketeri, pentru a crea conținut și pentru promovare.

Provocări:

Provocarea anuală – premii pentru cei care generează 1.500 – 3.000 de comenzi (detalii mai sus).

Perks suplimentare: Prioritate la bonusuri și premii speciale.

Formate recomandate: Bannere, posts social media, stories, video scurt pentru testare produs, email newsletters.

Hashtags sugerate: #Femieko #FemiEkoLove #ProvocareaFemiEko2026","Cum funcționează:

Fiecare comandă generată îți aduce 19% comision.

Folosește coduri de reducere și produse pentru testare pentru a-ți motiva comunitatea.

Cu cât vinzi mai mult, cu atât mai aproape ești de premiile extraordinare!

Premiile mari:
🏆 Locul 1 – 3.000 comenzi → Experiență nordică în Copenhaga + 1.000€ cash
🥈 Locul 2 – 2.000 comenzi → Voucher 1.000€ MyGeisha + Voucher 300€ Femieko
🥉 Locul 3 – 1.500 comenzi → Voucher 500€ MyGeisha + Voucher 300€ Femieko

Extras:

Produse pentru testare pentru tine și comunitatea ta.

Prioritate la bonusuri și premii speciale.

📩 Vrei cod de reducere sau produse pentru testare? Scrie-ne și te ajutăm!

Hai să transformăm 2026 într-un an profitabil și plin de premii pentru tine și comunitatea ta!","",https://femieko.ro,Bonuses & Special Product Feed & Challenges
labelshop.ro ,Profita acum de reduceri intre 5% si 15% la echipamente si consumabile!,2025-11-30 05:00:00 UTC,2030-12-31 21:00:00 UTC,Added banners,"Echipamentele – imprimante de etichete 🖨️, cititoare de coduri de bare 📡, aplicatoare 🔧 și accesorii – vor avea prețuri speciale pentru cei care vor să își modernizeze infrastructura la un cost redus.",,https://www.labelshop.ro/promotii,Special Banners
regata.ro/ ,Cupon reducere 5%,2025-07-24 22:00:00 UTC,2030-12-31 21:00:00 UTC,Cupon reducere 5% la toate produsele din site,Cupon reducere 5% la toate produsele din site,REGATA5,https://regata.ro/,
otter.ro,Flash Sale,2025-06-30 22:00:00 UTC,2030-12-31 21:00:00 UTC,"Profită de reduceri fulger în Flash Sale-ul Otter, de luni pana vineri, intre 10-13! Încălțăminte și accesorii la prețuri masiv reduse.","Profită de reduceri fulger în Flash Sale-ul Otter, de luni pana vineri, intre 10-13! Încălțăminte și accesorii la prețuri masiv reduse.",,https://www.otter.ro/flashsale,
nobilacasa.ro,REDUCERI COMBO,2025-04-14 21:00:00 UTC,2026-12-31 21:00:00 UTC,"Am lansat campania REDUCERI COMBO – o oportunitate perfectă pentru a crește vânzările rapid și eficient!
🔸 Ce înseamnă Reduceri Combo? Produsele preferate de clienți sunt acum disponibile la prețuri mai mici atunci când sunt cumpărate împreună!
După lansare, am avut un interes crescut: clienții profită din plin de aceste oferte și adaugă în coș produse populare, dar mai avantajoase ca preț.
Campaniei REDUCERI COMBO – este o soluție simplă și eficientă pentru a crește valoarea coșului de cumpărături.
Link: https://www.nobilacasa.ro/sale/reduceri-combo
Oferta este valabilă doar Online în limita stocului disponibil și nu se cumulează cu alte coduri sau vouchere active!","REDUCERI COMBO-Cumpără în combo, economisește și bucură-te de cele mai iubite produse, la preț redus!
Alege bestseller-urile noastre în combo – produsele populare acum sunt mai ieftine împreună!
Oferta este valabilă doar Online în limita stocului disponibil și nu se cumulează cu alte coduri sau vouchere active!
Link: Link: https://www.nobilacasa.ro/sale/reduceri-combo",,https://www.nobilacasa.ro/sale/reduceri-combo,
bookzone.ro ,Nou pe bookzone.ro: 1200 de titluri în engleză – Un adevărat festin literar!,2024-12-29 22:00:00 UTC,2026-12-31 22:00:00 UTC,"Pe bookzone.ro găsești 1200 de titluri în engleză. Aceste cărți acoperă o gamă variată de genuri, de la ficțiune la non-ficțiune. Acesta este doar începutul – vom continua să extindem oferta în limba engleză în perioada următoare.","Pe bookzone.ro găsești 1200 de titluri în engleză. Aceste cărți acoperă o gamă variată de genuri, de la ficțiune la non-ficțiune. Acesta este doar începutul – vom continua să extindem oferta în limba engleză în perioada următoare.",,https://bookzone.ro/carti/carti-in-limba-engleza,
fara-daunatori.ro,Oferta 1+1,2024-05-28 08:00:00 UTC,2027-02-28 18:00:00 UTC,Oferta 1+1,Oferta 1+1,,https://www.fara-daunatori.ro/search/oferta/?q=oferta,
sneakerit.ro,Sale,2024-03-08 04:00:00 UTC,2029-03-08 04:00:00 UTC,Toate produsele reduse de pe sneakerit.ro,,,https://www.sneakerit.ro/sale,Special Banners
vidaxl.bg ,10% намаление,2022-11-14 05:00:00 UTC,2029-12-30 16:00:00 UTC,"Винаги има перфектна оферта за вас; просто следете ежемесечно актуализираната ни страница с оферти, която можете да намерите в долния колонтитул на главната страница.

Използвайте промоционалния код OFERTI01 при плащане, за да получите допълнителна отстъпка от 10%. Кодът е приложим само за всички продукти, видими на страницата с оферти, без минимална стойност на поръчката.",,,https://www.vidaxl.bg/campaign-s-oferti,
vidaxl.bg ,Абонирайте се за нашия бюлетин днес & получавате отстъпка от 10 лв. при регистрация!,2022-07-31 16:00:00 UTC,2029-12-31 16:00:00 UTC,"Страхотни бонуси за присъединяване към общността на vidaXL:

> бъдете първите, които ще научат за нашите нови оферти

> получавате отстъпка от 10 лв. при регистрация

> ползвайте ексклузивни отстъпки

> получавайте актуална информация за най-новите ни предложения

> черпете вдъхновение от най-новите тенденции, стилове и публикации в блога чрез нашите седмични бюлетини",,,https://www.vidaxl.bg/subscribe-to-newsletter.html,
vidaxl.ro,Abonează-te la newsletterul nostru az & beneficiază de o reducere de 25Lei la înscriere!,2022-07-31 16:00:00 UTC,2028-12-31 16:00:00 UTC,"Beneficii mari pentru a te alătura comunității vidaXL:

> fii primul care află despre noile noastre oferte

> beneficiază de o reducere de 25Lei la înscriere

> bucură-te de reduceri exclusive

> fii la curent cu cele mai noi articole

> inspiră-te din cele mai noi tendințe, stiluri și postări de blog prin newsletterele noastre săptămânale",,,https://www.vidaxl.ro/subscribe-to-newsletter.html,
vidaxl.ro,Deals Page: Reduceri de 10% prin codul OFERTE01,2021-08-19 14:00:00 UTC,2029-12-30 16:00:00 UTC,"Există o ofertă perfectă pentru tine; doar fii cu ochii pe Pagina de Oferte pe care o actualizăm lunar și care poate fi găsită în subsolul paginii principale.

Folosește codul promoțional OFERTE01 la finalizarea comenzii pentru a primi o reducere suplimentară de 10%.Codul poate fi folosit doar pentru toate produsele vizibile pe Pagina de Oferte și fără o valoare minimă a comenzii.",,,https://www.vidaxl.ro/campaign-s-oferte,
